# Official WMO World Weather Information Service climate normals (worldweather.wmo.int), fetched by scripts/fetch_wmo_normals.py
name,country,lat,lon,elev,period,T1,T2,T3,T4,T5,T6,T7,T8,T9,T10,T11,T12,P1,P2,P3,P4,P5,P6,P7,P8,P9,P10,P11,P12,D1,D2,D3,D4,D5,D6,D7,D8,D9,D10,D11,D12
Kabul,Afghanistan,34.55,69.22,,1956-1983,-1.3,-0.1,6.6,12.6,16.6,21.3,23.7,23.1,18.9,13.1,6.9,1.8,34,60,68,72,23,1,6,2,2,4,19,22,11.6,11.2,11.8,13.2,15.6,17.8,16.8,17.7,19.1,18.5,16.2,13.0
Algiers,Algeria,36.7,3.22,,,11.1,11.6,13.1,14.8,18.1,22.1,25.0,26.0,23.6,20.0,15.3,12.5,81,73,55,58,42,8,4,8,28,59,90,91,11.2,11.5,12.1,12.1,11.6,12.1,12.3,12.4,12.0,11.7,11.0,10.7
Annaba,Algeria,36.9,7.76,,,11.6,11.9,13.4,15.2,18.4,22.0,24.8,25.6,23.5,20.4,15.9,12.9,98,77,61,64,38,14,3,8,38,65,98,111,9.4,9.8,10.4,10.7,10.7,11.0,11.5,11.3,10.7,11.0,9.9,9.5
Bechar,Algeria,31.61,-2.22,,,9.7,12.4,16.1,19.9,24.5,30.0,33.5,32.9,28.1,21.6,15.0,10.9,9,8,9,8,5,5,1,2,7,11,14,8,12.4,12.8,12.6,12.5,12.3,13.0,13.2,12.7,12.3,11.9,11.7,12.2
Biskra,Algeria,34.86,5.73,,,11.8,13.9,17.0,20.4,25.4,30.6,33.8,33.5,28.8,23.1,16.9,12.8,17,10,14,13,11,5,2,6,10,11,20,9,9.8,10.5,11.2,11.5,11.9,12.7,12.8,12.3,11.1,10.4,9.5,9.4
Constantine,Algeria,36.36,6.61,,,7.0,8.2,10.3,12.6,17.3,22.4,25.8,26.0,21.9,17.4,11.7,8.3,69,56,56,59,45,20,7,11,36,38,58,81,9.3,10.1,11.2,11.8,13.2,14.7,15.8,15.2,13.3,11.9,9.9,9.2
Djanet,Algeria,24.55,9.48,,,11.9,14.4,19.0,24.6,28.9,31.4,31.0,30.6,28.8,24.1,17.9,13.4,1,1,4,1,3,3,0,1,1,2,0,0,14.7,14.9,14.3,14.5,13.7,13.3,13.2,13.3,13.6,13.9,14.6,14.9
Djelfa,Algeria,34.68,3.25,,,5.0,6.6,9.0,12.0,16.8,22.5,26.0,25.4,20.7,15.2,9.3,6.1,36,27,27,29,34,20,10,18,30,28,30,30,9.7,10.8,12.2,12.6,13.5,14.7,15.5,15.1,13.6,11.9,10.1,9.4
Ghardaia,Algeria,32.49,3.68,,,10.9,13.2,16.2,20.1,24.9,30.4,33.5,33.1,28.3,22.4,15.9,12.0,8,5,9,7,4,2,1,3,11,7,12,5,10.8,11.6,12.1,12.9,13.1,13.6,13.9,13.4,12.4,11.6,10.8,10.6
Oran,Algeria,35.71,-0.64,,,10.9,12.1,13.9,15.8,18.5,22.3,24.9,25.9,23.4,19.6,15.1,12.2,44,44,35,30,27,4,2,3,13,25,56,45,11.5,11.2,11.6,11.5,10.7,10.8,11.1,11.5,11.3,11.2,11.1,11.0
Setif,Algeria,36.19,5.41,,,5.5,6.6,9.4,11.9,17.0,22.6,26.3,26.1,21.2,16.3,10.3,6.5,41,33,33,38,44,23,10,15,40,35,37,51,7.9,9.1,9.9,10.7,11.8,13.3,13.9,13.2,11.7,10.0,8.4,7.6
Tamanrasset,Algeria,22.79,5.53,,,12.7,14.5,18.1,22.7,26.6,29.1,29.2,28.7,27.2,22.9,17.6,13.9,2,2,5,2,5,7,5,8,8,7,1,2,14.9,15.2,14.5,14.8,13.9,12.6,12.2,12.1,12.1,13.1,14.3,14.9
Tlemcen,Algeria,34.8,-1.43,,,9.9,11.2,12.8,14.2,17.5,21.9,25.6,26.2,22.6,18.5,13.9,11.7,61,65,64,42,40,7,3,4,18,37,56,47,9.2,9.7,10.4,11.1,12.3,13.7,14.9,14.7,13.0,11.2,9.6,8.9
St. John's Antigua,Antigua and Barbuda,17.12,-61.83,,1969-1995,25.2,25.2,25.6,26.2,27.1,27.9,28.0,28.1,27.8,27.4,26.6,25.7,57,38,47,68,112,50,87,101,140,131,135,87,5.9,6.2,6.1,5.9,5.5,5.2,5.3,5.5,5.9,6.1,5.8,5.8
Bariloche,Argentina,-41.15,-71.17,,,14.6,14.7,12.2,8.4,5.4,3.2,2.5,3.6,5.7,8.3,10.8,13.2,20,15,35,59,130,170,122,101,56,49,29,23,16.0,16.7,15.0,12.3,9.6,7.5,8.3,9.4,11.7,13.0,14.2,14.6
Buenos Aires,Argentina,-34.58,-58.48,,,25.1,23.9,22.2,18.4,15.0,12.1,11.4,13.2,14.8,18.0,20.8,23.4,139,127,140,119,92,59,60,64,72,127,118,119,10.0,9.5,9.1,9.1,8.6,7.9,7.9,8.9,9.0,9.4,9.7,10.1
Cordoba,Argentina,-31.32,-64.22,,,23.4,22.5,21.2,17.6,14.4,11.6,10.8,13.1,15.2,18.8,20.9,22.9,141,116,127,66,21,5,14,10,35,72,118,157,11.9,11.7,11.4,11.9,12.2,12.9,13.6,14.4,14.1,13.7,13.1,12.2
El Calafate,Argentina,-50.28,-72.05,,,12.9,12.8,10.2,6.9,3.0,0.1,-0.4,1.6,5.0,6.9,9.3,11.7,8,15,21,23,16,9,12,15,13,14,8,4,11.9,12.7,12.2,11.6,10.8,9.4,10.1,10.0,12.1,12.5,12.2,12.4
Iguazu,Argentina,-25.6,-54.57,,,26.1,25.7,25.0,22.1,18.3,16.7,16.5,18.4,19.8,22.4,24.0,25.4,178,155,126,170,193,148,116,94,160,238,186,187,11.3,11.0,11.4,10.7,10.4,10.0,11.4,12.5,12.1,11.8,12.3,11.9
Mar del Plata,Argentina,-37.933,-57.583,,,20.6,20.0,18.4,14.8,11.6,8.7,7.9,9.3,10.6,13.3,15.9,18.6,95,94,96,86,66,58,56,56,57,89,82,93,11.9,11.3,10.9,11.2,10.5,9.8,9.6,10.4,10.6,11.1,11.5,11.9
Mendoza,Argentina,-32.83,-68.78,,,25.5,24.1,21.7,16.8,12.4,9.3,8.6,11.2,14.2,18.8,22.1,24.9,50,34,35,16,10,6,8,8,15,10,16,24,13.6,13.5,12.4,12.8,12.5,12.8,12.9,14.1,13.9,14.2,14.1,13.9
Salta,Argentina,-24.85,-65.483,,,22.0,21.0,20.2,17.3,13.9,11.9,11.4,13.6,15.6,19.3,20.8,21.9,193,154,111,33,8,2,4,4,8,25,62,146,10.8,10.7,9.9,10.8,12.7,15.5,17.1,17.4,16.6,15.0,13.4,12.1
Trelew,Argentina,-43.2,-65.267,,,21.4,20.4,17.8,13.7,9.5,6.5,6.2,8.1,10.6,13.8,17.2,19.7,14,19,23,25,26,22,18,14,15,19,14,14,15.6,15.5,14.5,14.0,12.3,11.4,12.1,13.4,13.9,14.7,15.4,15.6
Ushuaia,Argentina,-54.8,-68.32,,,10.1,9.8,8.2,6.4,4.0,1.5,1.7,2.9,4.3,6.4,7.9,8.9,50,42,47,56,48,56,40,36,34,36,41,51,8.9,8.5,7.8,6.9,5.8,5.4,5.7,6.4,7.5,8.2,8.6,8.7
Dilijan,Armenia,40.742,44.864,,,-1.0,-0.2,2.6,8.4,12.7,15.5,18.5,18.3,14.9,10.1,5.3,1.2,22,30,45,65,106,103,66,51,46,47,36,22,10.4,10.5,11.1,12.2,12.4,12.3,11.7,12.0,11.8,12.5,10.7,10.2
Jermuk,Armenia,39.833,45.67,,,-7.3,-6.6,-2.7,2.8,8.2,11.7,15.2,15.8,12.2,7.7,0.8,-4.1,64,74,83,103,97,71,42,26,24,65,63,67,9.6,9.8,9.4,8.5,10.4,12.0,12.9,14.1,14.1,11.5,9.5,9.0
Kapan,Armenia,39.18,46.38,,,-3.0,-1.8,1.8,8.1,12.9,16.9,20.1,20.1,15.7,10.4,3.5,-0.5,28,32,60,80,96,68,31,30,43,55,40,27,20.1,20.4,19.7,18.1,17.8,17.8,18.3,18.3,17.4,18.8,19.1,19.0
Sevan,Armenia,40.53,44.93,,,-7.9,-7.5,-5.3,0.5,6.7,10.6,13.9,14.8,10.9,6.2,-0.8,-5.5,16,23,33,60,87,78,44,33,25,49,31,18,10.2,10.9,13.4,13.1,11.4,11.2,9.9,9.5,11.9,12.4,12.5,10.9
Vanadzor,Armenia,40.8,44.47,,,-8.2,-7.1,-3.0,4.2,9.2,12.5,15.2,15.4,11.2,6.8,-0.3,-5.8,18,25,36,63,96,95,58,43,32,47,33,19,19.5,19.8,20.0,18.5,18.4,17.0,16.3,16.8,18.5,19.5,19.4,20.3
Yerevan,Armenia,40.13,44.47,,,-3.5,-1.0,5.5,12.5,17.0,21.5,25.0,24.5,20.0,14.0,6.5,0.0,22,25,30,37,44,21,9,8,8,27,23,23,9.0,10.0,11.0,13.0,14.0,15.0,16.0,15.0,16.0,14.0,11.0,8.0
Adelaide,Australia,-34.96,138.53,,,23.1,23.4,20.9,17.6,14.6,12.1,11.4,12.4,14.3,16.6,19.6,21.2,20,13,26,39,61,80,77,70,59,42,30,30,12.1,12.3,11.2,10.2,8.8,8.0,7.8,8.4,9.3,10.4,11.2,11.4
Adventure Bay,Australia,-43.35,147.32,,1990-2010,15.4,15.5,14.1,11.9,10.3,8.2,7.9,8.5,9.8,11.2,12.7,13.9,70,63,79,85,80,112,109,122,106,99,80,85,10.5,10.3,10.1,9.6,9.0,8.8,8.9,9.2,9.7,9.7,9.7,10.1
Albany,Australia,-34.94,117.8,,,19.0,19.6,18.8,16.9,14.6,12.4,11.6,11.9,12.9,13.9,15.9,17.6,26,23,38,57,88,107,119,107,88,63,46,27,10.6,10.5,10.4,10.3,9.1,8.5,8.4,8.6,9.2,9.5,9.9,10.3
Alice Springs,Australia,-23.8,133.89,,,29.4,28.3,25.3,20.6,15.8,12.2,11.9,14.5,19.6,23.1,26.1,28.1,40,40,35,20,18,14,16,5,7,21,33,41,15.1,14.6,15.2,15.9,15.3,15.1,16.1,17.2,17.1,16.5,15.9,15.1
Alyangula,Australia,-13.98,136.43,,,29.4,29.0,28.4,27.4,25.9,23.8,22.9,23.6,25.8,28.0,29.6,30.0,204,243,269,181,37,10,4,1,4,17,56,162,7.1,6.8,7.5,8.8,9.5,9.7,10.2,10.9,10.7,9.5,8.5,7.6
Ararat,Australia,-37.28,142.98,,,19.1,19.2,16.8,13.4,10.4,8.2,7.6,8.4,10.2,12.1,14.9,16.9,35,29,30,38,51,60,63,71,59,51,45,41,16.0,16.0,14.6,12.6,10.2,8.6,8.5,9.3,10.3,12.3,13.9,15.1
Armidale,Australia,-30.52,151.67,,,19.8,19.1,17.0,13.5,9.3,7.0,6.2,7.2,10.8,13.5,15.9,18.2,86,110,70,42,32,33,41,44,51,74,105,85,14.3,13.1,13.6,13.6,14.4,13.1,13.3,15.0,15.4,15.2,13.5,14.1
Augusta,Australia,-34.313,115.168,,,20.2,20.6,19.6,17.8,15.8,14.3,13.3,13.2,13.8,14.8,16.9,18.6,10,13,23,45,117,172,166,112,75,52,26,13,10.0,10.0,9.2,7.9,6.4,5.7,5.8,6.3,6.8,7.7,8.7,9.5
Ayr / Home Hill,Australia,-19.62,147.38,,,27.4,27.3,26.4,24.4,22.2,19.3,18.7,19.6,21.9,24.2,25.9,27.2,163,185,120,63,55,24,16,13,11,34,57,109,8.9,8.8,9.7,10.4,11.2,12.2,13.2,13.2,12.9,11.4,10.2,9.6
Bairnsdale,Australia,-37.88,147.57,,,19.3,19.1,17.5,14.8,12.2,10.0,9.2,10.1,11.7,13.6,15.6,17.4,57,50,51,50,38,63,60,36,68,67,82,67,13.0,12.7,12.8,12.3,11.0,10.4,10.7,11.4,11.8,12.3,12.1,12.3
Ballarat,Australia,-37.51,143.79,,,18.1,18.4,16.2,12.6,9.8,7.3,6.6,7.4,9.1,11.1,13.9,15.8,40,31,33,43,53,62,62,69,67,58,55,53,14.6,14.5,13.2,11.4,9.1,7.6,7.7,8.6,9.6,11.2,12.4,13.7
Bathurst,Australia,-33.43,149.56,,,21.1,20.4,17.6,13.7,10.0,7.0,6.1,7.3,9.9,12.9,16.1,18.9,64,64,47,41,41,38,54,54,48,60,70,73,15.6,14.4,14.7,14.3,13.0,11.1,11.2,12.2,13.5,14.5,14.6,15.2
Bellerive,Australia,-42.87,147.37,,1981-2010,17.4,17.4,15.8,13.5,11.2,8.8,8.4,9.4,10.9,12.6,14.3,15.9,36,41,42,32,27,43,32,46,52,46,49,44,10.4,10.3,9.8,9.3,8.7,8.3,8.5,8.8,9.2,9.6,9.8,9.9
Ben Lomond,Australia,-41.54,147.67,,,16.8,16.4,14.8,11.9,9.1,6.9,6.3,7.2,9.2,11.1,13.3,15.0,54,35,38,49,41,48,50,63,52,48,46,59,13.2,12.8,13.7,12.8,12.4,11.6,11.7,12.1,11.9,12.5,12.4,12.8
Bendigo,Australia,-36.74,144.32,,,21.8,21.8,18.6,14.4,10.9,8.4,7.5,8.4,10.5,13.4,16.9,19.2,31,27,26,28,48,52,53,51,51,44,49,44,15.7,15.2,14.5,13.6,11.4,9.6,10.1,11.6,12.4,13.9,14.6,15.4
Bicheno,Australia,-41.87,148.3,,,17.3,17.1,16.2,14.4,12.6,10.6,10.1,10.4,11.7,12.9,14.2,15.9,65,52,49,50,44,51,55,55,52,54,65,76,8.6,8.3,8.5,8.5,8.2,7.9,8.1,8.5,8.8,8.8,8.3,8.5
Bourke,Australia,-30.09,145.94,,,28.6,27.9,25.0,20.1,15.5,12.2,11.3,13.3,16.9,21.1,24.7,27.4,42,42,35,28,30,27,23,20,20,26,29,32,15.5,14.8,14.8,14.5,13.4,12.6,13.2,14.3,15.2,15.6,15.8,15.9
Bowen,Australia,-20.02,148.22,,,27.7,27.6,26.9,25.1,22.6,20.0,19.0,19.9,22.0,24.6,26.3,27.4,178,243,76,62,44,24,19,25,12,14,47,154,7.8,7.4,8.1,8.4,9.1,10.0,11.0,10.9,10.8,9.4,8.2,7.8
Bowral,Australia,-34.49,150.4,,,19.6,19.1,17.0,14.0,10.7,8.2,7.0,8.6,11.2,13.5,15.7,17.8,74,103,73,77,70,72,54,62,58,66,97,78,12.3,10.9,10.7,10.4,9.6,8.5,8.8,9.9,10.7,11.0,11.4,11.8
Bridgetown,Australia,-33.96,116.14,,,20.9,20.8,18.9,15.8,12.8,10.9,10.1,10.6,11.9,13.6,16.4,19.0,14,15,27,45,111,148,149,122,88,64,32,19,17.6,17.6,16.4,15.0,12.6,11.4,11.3,11.9,12.5,13.8,15.5,17.0
Bridport,Australia,-41.0,147.39,,,17.4,17.7,16.3,13.8,11.9,10.1,9.4,9.8,10.8,12.2,14.1,15.6,54,32,40,58,61,88,77,87,76,60,51,44,8.8,9.0,9.4,8.7,8.0,7.8,7.9,7.9,7.9,8.3,8.4,9.1
Brisbane,Australia,-27.481,153.039,,1999-2015,25.9,25.6,24.4,22.2,19.0,16.8,15.9,16.9,19.6,21.7,23.5,24.8,154,142,109,71,70,56,24,41,30,71,105,133,8.7,8.6,8.9,9.8,10.8,10.2,11.7,12.5,11.9,10.8,9.3,9.0
Brisbane Airport,Australia,-27.392,153.129,,1994-2015,25.1,25.0,23.7,21.2,18.1,15.9,14.9,15.8,18.4,20.6,22.6,24.1,142,128,98,83,108,65,29,41,33,71,95,127,7.7,7.8,8.4,9.6,10.7,10.6,11.8,12.2,11.5,9.8,8.5,8.1
Brisbane Bayside,Australia,-27.49,153.2,,,25.5,24.9,23.6,21.6,19.0,16.1,15.5,16.1,19.0,20.9,22.6,24.3,112,156,127,120,104,64,51,40,30,70,102,118,7.2,7.0,7.7,8.1,8.6,10.0,10.3,10.7,10.0,9.1,7.9,7.6
Broken Hill,Australia,-31.98,141.47,,,26.2,25.5,22.4,18.4,14.4,11.4,10.8,12.3,15.8,18.6,22.0,24.4,26,27,28,13,25,21,25,16,23,24,24,29,14.2,13.5,13.2,11.7,9.9,9.0,9.2,10.7,12.1,12.9,13.4,13.9
Broome,Australia,-17.95,122.23,,,29.9,29.4,29.7,28.5,25.1,22.3,21.4,22.5,25.2,27.8,29.6,30.0,191,201,110,29,16,15,10,2,1,0,10,76,6.7,6.7,8.4,11.7,13.9,14.2,15.4,15.6,12.9,10.2,8.1,7.0
Bundaberg,Australia,-24.89,152.32,,,26.1,26.0,24.8,22.6,19.9,17.4,16.6,17.5,19.9,22.1,23.7,25.4,128,158,97,64,85,52,33,38,39,75,84,120,8.8,8.4,9.3,9.9,10.4,10.9,11.6,12.3,11.5,10.1,9.4,8.9
Cairns,Australia,-16.87,145.75,,,27.8,27.6,26.9,25.6,24.0,22.2,21.5,22.1,23.6,25.4,26.6,27.6,379,448,389,215,89,41,31,29,35,48,108,181,7.7,7.3,7.5,7.5,7.7,8.1,8.8,9.2,9.6,8.9,8.3,7.9
Canberra,Australia,-35.309,149.2,,,20.4,19.9,17.5,13.2,9.2,6.5,5.5,7.0,9.6,12.6,15.4,18.6,62,54,53,50,48,40,42,47,53,65,64,52,14.7,14.1,13.7,13.2,12.3,11.2,11.4,11.9,12.9,13.2,13.9,14.8
Cape Byron,Australia,-28.64,153.63,,,24.1,24.1,23.1,20.9,18.6,16.1,15.5,16.4,18.2,19.6,21.2,22.9,165,193,214,181,189,158,103,92,67,104,120,144,6.8,6.8,7.0,7.4,7.1,7.5,7.7,7.9,7.8,7.3,6.9,6.8
Cape Otway,Australia,-38.86,143.51,,,17.2,17.9,16.8,14.8,13.1,11.1,10.4,10.9,11.9,13.0,14.5,15.7,46,41,57,64,79,98,113,114,89,82,65,61,7.3,7.0,6.3,5.7,4.9,4.6,5.0,5.4,5.9,6.7,6.7,6.8
Carnarvon,Australia,-24.88,113.67,,,26.9,28.1,27.0,24.4,20.8,17.9,16.6,17.5,19.3,21.4,23.5,25.1,8,17,16,16,28,46,45,18,7,5,5,12,8.9,9.2,9.8,10.2,11.8,11.6,11.9,11.8,10.8,9.8,9.3,8.8
Casterton,Australia,-37.59,141.41,,,19.6,19.9,17.6,14.4,11.8,9.8,9.2,10.1,11.4,13.1,15.6,17.5,33,22,38,39,57,74,81,87,71,54,44,44,15.2,15.5,13.9,12.1,10.1,8.6,8.6,9.2,9.9,12.0,13.3,14.4
Castlemaine,Australia,-37.08,144.24,,,20.5,20.7,17.7,13.8,10.7,8.2,7.3,8.4,10.3,12.9,16.0,17.9,37,28,32,37,57,63,64,67,59,58,51,45,14.6,14.6,13.4,12.3,10.4,8.5,8.6,9.5,10.5,12.4,13.0,14.1
Ceduna,Australia,-32.13,133.71,,,22.1,22.0,20.1,17.6,14.9,12.4,11.7,12.7,14.8,17.1,19.4,20.9,12,9,16,17,22,32,40,32,26,25,15,23,13.3,13.3,13.6,13.7,12.6,11.9,11.8,12.8,13.7,14.0,13.6,12.9
Charleville,Australia,-26.41,146.26,,,28.9,27.9,25.8,21.2,16.7,12.9,12.1,14.2,18.5,22.4,25.4,27.8,72,68,40,33,34,31,26,17,24,32,57,54,13.4,12.6,13.8,14.3,14.4,14.1,15.1,16.0,16.2,15.7,14.3,14.1
Charters Towers,Australia,-20.04,146.27,,,27.9,27.6,26.5,24.3,21.4,19.0,18.2,19.6,22.8,25.5,27.1,28.3,165,153,54,29,20,21,17,23,12,21,76,85,11.1,10.3,11.3,12.0,12.2,12.2,13.4,14.1,14.8,14.5,13.3,12.4
Christmas Island,Australia,-10.45,105.69,,,25.4,25.4,25.7,25.9,25.9,25.2,24.5,24.1,24.3,24.9,25.1,25.1,290,354,303,230,148,158,94,36,29,38,140,193,5.3,5.3,5.2,4.8,4.1,3.9,3.8,3.9,4.0,4.3,4.5,5.2
Clermont,Australia,-22.83,147.64,,,28.2,27.6,26.2,23.1,19.4,16.0,15.4,17.2,21.1,24.5,26.3,28.0,92,107,56,44,38,27,21,24,16,40,78,92,12.5,11.8,12.8,13.1,13.7,14.7,15.8,16.4,16.4,15.2,14.0,13.6
Cobar,Australia,-31.49,145.83,,,27.6,26.8,23.6,19.0,14.7,11.4,10.4,12.2,15.8,19.4,22.8,25.7,42,47,32,29,31,29,33,25,23,38,40,37,13.8,13.3,13.0,12.2,11.2,10.2,10.7,11.9,13.1,13.5,13.4,13.8
Cocos Island,Australia,-12.16,96.87,,,27.5,27.5,27.7,27.6,27.4,26.7,26.2,26.2,26.2,26.6,26.9,27.1,154,181,231,263,206,212,220,105,86,88,97,94,4.7,4.7,4.6,4.3,3.9,3.8,3.8,3.8,4.0,4.1,4.2,4.6
Coffs Harbour,Australia,-30.31,153.12,,,23.4,23.4,22.0,19.7,16.9,14.4,13.6,14.4,16.9,19.0,20.6,22.4,161,220,227,180,162,106,83,56,60,103,162,141,7.5,7.3,7.7,8.6,9.1,10.0,10.6,11.5,10.9,9.7,8.3,8.0
Collie,Australia,-33.36,116.15,,,21.9,21.6,19.4,15.9,12.6,10.7,9.8,10.4,12.0,14.1,17.2,20.0,15,15,24,47,127,182,181,141,99,66,32,16,17.3,17.0,15.8,14.5,12.6,11.3,11.3,11.8,12.3,13.3,15.1,16.6
Cooma,Australia,-36.23,149.12,,,19.1,18.5,16.0,11.9,8.2,5.2,4.3,5.7,8.8,11.5,14.6,16.9,58,56,50,38,32,37,33,28,35,38,69,55,16.7,15.7,16.0,15.5,14.6,13.6,14.0,15.2,15.3,15.8,15.4,16.0
Coonawarra,Australia,-37.29,140.83,,,19.2,19.5,17.5,14.3,12.0,9.9,9.4,10.1,11.6,13.2,15.7,17.4,26,18,26,37,52,76,78,81,64,46,36,40,15.6,15.8,15.0,13.3,10.4,9.1,8.8,9.5,10.4,12.2,13.7,14.6
Cressy,Australia,-41.73,147.08,,1999-2010,17.6,17.9,15.4,11.8,9.2,7.0,6.7,7.7,9.2,11.1,13.8,15.5,43,30,30,49,49,58,64,70,63,48,50,48,15.1,14.9,14.7,12.7,11.5,10.6,10.5,10.6,10.7,12.0,13.4,14.3
Currie,Australia,-39.93,143.85,,1995-2010,16.5,17.1,15.9,14.0,12.4,11.0,10.3,10.7,11.4,12.2,13.7,14.8,37,31,46,59,83,102,110,119,85,69,53,52,8.4,8.2,8.1,7.2,6.3,5.8,5.7,5.8,6.2,7.0,7.3,7.7
Cygnet,Australia,-43.15,147.07,,1987-2010,15.8,15.9,14.2,11.8,9.8,7.6,7.2,8.2,10.0,11.3,13.0,14.3,60,51,53,61,59,74,84,103,97,97,72,68,11.8,11.9,11.6,10.7,9.5,9.7,9.5,9.8,9.8,10.2,10.4,11.2
Dalby,Australia,-27.17,151.27,,,25.6,25.0,23.2,19.9,15.9,12.8,11.9,13.3,17.1,20.5,22.8,24.6,74,89,37,21,39,35,24,20,30,58,83,107,13.7,12.7,14.0,14.9,14.8,14.7,15.6,16.8,16.5,15.6,14.3,13.8
Dalwallinu,Australia,-30.27,116.66,,,26.7,26.6,24.1,20.4,16.2,13.1,11.9,12.6,14.7,17.9,21.5,24.2,18,18,28,20,51,48,59,45,28,15,13,18,17.1,16.1,14.8,13.4,11.6,10.8,10.6,11.5,13.3,15.5,16.0,16.8
Dartmouth,Australia,-36.54,147.5,,,21.6,21.4,18.4,13.9,10.4,7.8,6.9,8.1,10.6,13.6,16.8,19.2,72,44,59,54,94,98,119,132,101,95,73,74,15.5,15.3,15.1,13.7,11.4,9.5,9.5,10.6,12.1,13.5,14.0,15.0
Darwin,Australia,-12.42,130.89,,,28.4,28.2,28.4,28.6,27.4,25.5,25.1,26.0,28.0,29.2,29.6,29.2,466,373,335,108,25,2,1,6,17,65,137,276,6.8,6.6,7.4,8.6,9.7,10.7,11.4,11.2,9.5,8.5,7.9,7.1
Darwin Rural,Australia,-12.42,130.89,,1977-2006,28.2,27.9,28.0,27.6,26.1,23.7,23.1,24.9,27.4,29.1,29.5,28.8,340,272,261,81,22,2,1,2,12,58,130,220,8.8,8.2,8.8,11.0,13.1,15.2,16.4,16.0,14.6,12.9,11.5,9.9
Denham,Australia,-25.93,113.53,,,26.0,27.1,26.4,23.9,21.1,18.4,17.2,17.7,19.2,20.9,23.1,24.7,3,14,17,16,32,42,35,23,8,6,4,5,8.6,9.0,9.1,8.9,9.4,9.1,9.2,9.4,9.0,9.0,9.2,8.6
Devonport,Australia,-41.17,146.43,,,16.7,17.1,15.6,13.1,11.1,9.2,8.6,9.1,10.1,11.6,13.3,15.0,43,29,38,62,68,79,89,84,74,62,56,53,9.0,9.0,9.5,9.0,8.5,8.2,8.1,8.1,8.1,8.5,8.7,9.0
Dover,Australia,-43.32,147.01,,,15.4,15.5,14.1,11.9,10.3,8.2,7.9,8.5,9.8,11.2,12.7,13.9,57,50,59,59,57,74,82,94,86,82,69,69,10.5,10.3,10.1,9.6,9.0,8.8,8.9,9.2,9.7,9.7,9.7,10.1
Echuca,Australia,-36.17,144.76,,,22.9,22.9,20.0,15.8,12.2,9.3,8.4,9.8,11.9,14.9,18.4,20.8,28,20,21,27,38,40,45,41,38,40,35,30,16.5,16.1,15.2,14.0,11.9,10.2,10.3,11.6,12.7,14.4,15.5,16.1
Elizabeth,Australia,-34.73,138.65,,,23.1,23.4,20.8,17.4,14.2,11.4,10.6,11.4,13.4,16.1,19.4,21.1,20,11,28,27,41,57,58,53,48,38,24,24,13.6,13.5,12.5,11.4,10.0,9.0,9.1,9.9,10.9,12.3,12.9,12.9
Esperance,Australia,-33.83,121.89,,,20.9,21.1,20.1,18.2,15.9,13.7,12.7,13.2,14.6,16.0,17.9,19.3,33,21,28,42,67,79,98,80,60,45,31,18,10.5,10.0,10.1,9.9,9.4,8.9,8.7,9.3,9.9,10.4,10.5,10.0
Eucla,Australia,-31.68,128.88,,,21.8,22.0,20.6,18.9,16.2,13.5,12.6,13.7,15.8,17.8,19.3,20.4,15,18,31,29,30,34,30,30,29,18,22,35,10.1,9.3,10.1,10.9,10.4,10.7,11.1,12.0,12.9,12.5,11.8,10.7
Exmouth,Australia,-22.24,114.09,,,30.5,30.6,29.6,26.9,22.4,19.0,17.9,19.1,21.6,24.6,26.4,28.6,16,37,36,14,40,43,23,10,3,1,2,9,15.3,13.3,13.5,12.8,12.4,11.7,12.7,14.3,15.5,16.4,16.1,15.9
Fingal,Australia,-41.64,147.97,,,16.8,16.4,14.8,11.9,9.1,6.9,6.3,7.2,9.2,11.1,13.3,15.0,54,35,38,49,41,48,50,63,52,48,46,59,13.2,12.8,13.7,12.8,12.4,11.6,11.7,12.1,11.9,12.5,12.4,12.8
Gabo Island,Australia,-37.57,149.92,,,19.0,19.3,18.3,16.6,14.5,12.4,11.6,11.9,13.1,14.4,15.9,17.4,71,67,57,103,88,74,98,63,71,70,84,70,5.7,5.6,5.8,5.9,5.8,5.8,6.1,6.4,6.5,6.4,5.8,5.9
Geelong,Australia,-38.16,144.42,,,18.1,18.6,17.8,14.7,12.0,9.6,8.8,9.7,11.8,13.4,14.6,16.9,32,36,42,44,49,46,49,50,51,54,47,43,10.3,9.8,10.3,8.7,7.6,6.7,7.0,7.3,8.1,8.4,9.3,9.9
Geeveston,Australia,-43.16,146.92,,,15.8,15.9,14.2,11.8,9.8,7.6,7.2,8.2,10.0,11.3,13.0,14.3,60,51,53,61,59,74,84,103,97,97,72,68,11.8,11.9,11.6,10.7,9.5,9.7,9.5,9.8,9.8,10.2,10.4,11.2
George Town,Australia,-41.1,146.82,,1998-2010,17.2,17.9,16.5,14.3,12.4,10.4,9.8,10.2,11.2,12.4,14.3,15.7,48,28,36,63,65,83,85,91,85,59,50,46,6.0,6.5,6.7,6.6,5.9,6.1,5.8,5.9,5.5,5.8,6.2,6.0
Geraldton,Australia,-28.8,114.7,,,24.8,25.9,24.6,21.9,18.9,16.1,14.6,14.6,15.8,17.9,20.8,22.9,5,11,19,20,65,82,88,64,34,16,10,6,13.6,13.7,13.2,12.6,11.2,10.1,10.1,10.9,12.7,13.8,13.6,13.2
Glen Innes,Australia,-29.73,151.73,,,20.5,19.9,18.1,14.9,11.4,8.2,7.3,8.3,11.6,14.7,16.9,19.2,113,104,71,50,54,45,57,50,58,72,106,126,12.4,11.7,11.9,12.0,11.5,11.2,11.5,12.7,13.1,13.2,12.7,12.6
Gold Coast,Australia,-27.99,153.41,,,24.6,24.5,23.4,21.1,18.6,16.1,15.3,15.9,18.2,20.1,21.9,23.5,122,137,219,224,170,111,99,55,33,80,124,169,7.2,7.3,7.5,8.4,9.0,9.7,10.3,10.8,9.7,8.4,7.6,7.3
Goondiwindi,Australia,-28.52,150.33,,,27.2,26.2,24.0,20.4,16.0,12.8,11.9,13.5,17.3,21.2,23.8,25.5,85,74,52,19,39,34,34,32,33,48,66,84,13.8,12.8,14.0,14.9,14.6,13.7,14.5,15.8,15.8,15.2,14.0,13.6
Gosford,Australia,-33.39,151.33,,,22.7,22.3,20.7,17.8,14.7,12.6,11.6,12.5,15.2,17.4,19.3,21.3,131,181,131,164,123,99,72,87,68,86,101,111,11.0,10.2,10.6,11.3,11.8,11.9,12.3,13.8,13.9,13.1,11.4,11.2
Goulburn,Australia,-34.72,149.74,,,20.7,20.1,17.6,14.0,10.5,7.5,6.5,7.8,10.5,13.3,16.1,18.8,63,58,52,44,42,50,46,50,50,54,64,67,14.4,12.9,13.0,12.3,11.2,9.8,10.2,11.0,11.8,12.7,13.1,13.8
Grafton,Australia,-29.68,152.93,,,25.1,24.7,23.1,20.6,17.4,14.5,13.7,14.8,18.1,20.4,22.2,24.2,125,149,124,103,86,57,43,38,36,75,108,125,10.5,10.0,10.3,11.1,11.7,12.8,13.9,14.9,14.5,13.1,11.6,11.2
Griffith,Australia,-34.25,146.07,,,25.7,25.1,21.8,17.4,13.3,10.1,8.9,10.5,13.1,16.5,20.9,23.1,40,23,39,29,40,38,47,38,34,38,30,34,15.8,14.8,14.4,13.5,12.1,10.7,11.1,12.3,14.1,15.0,14.7,15.4
Gympie,Australia,-26.18,152.64,,,25.5,25.0,23.6,20.9,17.9,15.2,14.3,15.3,18.6,21.1,23.1,24.8,122,168,117,98,94,50,56,38,40,59,85,172,11.7,10.6,11.2,11.9,12.7,13.8,15.1,16.2,15.8,14.5,13.2,12.2
Halls Creek,Australia,-18.23,127.66,,,30.5,29.6,29.1,27.2,23.6,20.5,20.2,22.6,27.1,30.1,31.6,31.2,165,162,101,19,9,7,6,1,5,18,45,98,12.2,11.5,12.1,13.1,13.1,13.2,14.2,14.9,14.7,14.3,13.6,12.6
Hamilton,Australia,-37.65,142.06,,,18.6,18.9,17.1,14.1,11.1,8.9,8.2,9.1,10.4,12.1,14.4,16.6,34,20,33,36,57,72,72,86,79,66,49,53,15.4,15.6,14.1,11.6,9.2,7.9,7.9,8.5,9.4,11.1,12.7,14.4
Hay,Australia,-34.52,144.85,,,25.2,25.0,21.8,17.4,13.5,10.4,9.6,11.1,13.9,17.1,20.8,23.1,34,19,31,22,39,34,43,33,36,35,22,39,15.9,15.6,14.8,13.7,11.8,10.7,10.7,12.0,13.4,14.6,15.2,15.3
Hobart,Australia,-42.89,147.33,,,17.4,17.4,15.9,13.6,11.3,8.8,8.6,9.7,11.2,12.8,14.4,15.8,44,36,39,44,36,43,47,60,59,56,49,57,9.6,9.5,8.9,8.3,7.5,7.1,7.4,8.0,8.5,9.0,9.0,9.1
Ingham,Australia,-18.65,146.18,,,27.7,27.5,26.6,24.8,22.6,20.1,19.4,20.3,22.5,24.6,26.2,27.5,368,504,322,227,109,48,39,37,44,52,145,162,9.2,8.3,8.5,8.4,9.0,10.1,10.8,11.4,12.0,11.8,10.7,10.2
Innisfail,Australia,-17.53,146.03,,,27.1,27.1,26.1,24.8,22.9,20.8,20.1,20.6,22.3,24.0,25.6,26.9,474,611,553,429,316,193,163,133,90,104,202,297,7.4,7.2,7.1,7.0,7.1,7.5,7.9,8.3,8.8,8.3,7.8,7.7
Inverell,Australia,-29.78,151.11,,,22.8,22.3,20.0,15.9,11.8,9.1,8.0,9.3,12.9,16.2,19.0,21.2,88,90,69,30,34,47,43,35,55,74,108,117,15.5,15.0,16.6,17.5,17.1,16.2,16.6,18.1,17.5,16.9,15.2,15.0
Ipswich,Australia,-27.62,152.76,,,25.4,24.9,23.4,20.5,17.2,14.1,13.2,14.4,17.8,20.5,22.6,24.5,90,102,63,69,66,39,32,28,33,67,89,124,12.0,11.5,12.5,13.6,14.4,15.4,16.5,17.5,17.0,15.2,13.3,12.6
Ivanhoe,Australia,-32.9,144.28,,,26.8,26.5,22.9,18.4,14.0,11.0,10.2,11.8,15.1,18.5,22.2,24.9,34,30,35,16,30,27,30,26,24,33,27,29,16.9,16.5,16.1,15.6,13.6,12.4,12.6,14.0,15.6,16.2,16.0,16.7
Kalbarri,Australia,-27.71,114.16,,,26.2,27.4,25.7,23.0,19.8,17.1,15.8,16.1,17.5,19.5,21.8,24.2,3,8,9,17,60,79,73,49,23,12,7,4,13.6,13.7,13.4,13.4,12.8,11.9,12.1,12.6,13.2,13.7,13.4,13.4
Kalgoorlie,Australia,-30.79,121.45,,,26.1,25.2,22.8,19.4,15.1,11.9,11.1,12.4,15.6,18.9,21.8,24.1,26,31,30,21,26,24,22,24,14,16,20,23,15.3,14.3,13.1,12.5,11.8,11.4,11.8,13.1,14.3,14.7,14.5,15.1
Kalumburu,Australia,-14.3,126.64,,,29.4,28.8,28.6,27.9,25.0,22.6,22.8,24.0,27.4,30.1,31.1,30.1,289,294,268,44,7,2,0,0,3,31,71,207,9.8,8.5,9.9,13.2,16.8,17.7,18.4,19.0,16.2,14.2,12.5,10.1
Karratha,Australia,-20.71,116.77,,,31.5,31.1,31.0,28.4,24.2,20.8,19.9,21.2,23.8,27.2,29.0,30.6,26,54,21,18,27,36,11,4,2,0,0,10,9.4,8.7,10.3,11.6,12.0,11.6,12.5,13.7,13.6,13.2,12.0,10.3
Katanning,Australia,-33.69,117.56,,,21.8,21.8,20.0,17.0,13.6,11.1,10.2,10.6,12.2,14.4,17.8,20.1,20,11,20,29,54,66,72,63,48,26,26,16,16.3,15.6,14.2,12.8,11.1,9.9,9.5,10.1,11.3,13.6,14.9,16.0
Katoomba,Australia,-33.71,150.3,,,18.2,17.6,15.8,12.9,10.0,7.1,6.1,7.3,10.1,12.6,14.6,16.8,144,193,154,128,105,87,71,94,73,103,135,114,10.5,9.3,8.9,8.2,7.2,6.7,7.1,8.2,9.4,10.0,10.0,10.6
Keith,Australia,-36.1,140.06,,,21.6,21.7,19.2,15.9,13.2,10.8,10.3,11.2,13.0,14.9,17.9,19.9,18,13,21,29,45,56,58,62,50,34,29,30,16.4,16.8,15.2,13.5,10.7,9.5,9.4,10.2,11.3,13.4,14.9,15.3
Kempsey,Australia,-31.08,152.82,,,23.6,23.7,22.2,19.5,16.5,13.8,12.9,13.8,16.5,18.6,20.6,22.5,126,168,165,132,106,81,60,43,49,75,120,116,10.9,10.4,10.8,11.8,12.0,12.7,13.5,15.2,14.8,13.3,11.5,11.2
Kerang,Australia,-35.72,143.92,,,23.7,23.6,20.7,16.5,12.8,9.9,9.2,10.7,13.0,16.0,19.4,21.5,28,20,22,22,36,33,41,41,39,33,40,34,16.2,16.1,14.8,13.4,11.3,10.0,10.1,11.3,12.3,14.2,15.1,15.7
Kingaroy,Australia,-26.55,151.85,,,23.5,23.1,21.6,18.6,15.1,12.1,11.2,12.5,15.6,18.9,21.2,23.1,114,96,78,47,41,43,41,29,38,65,78,111,12.2,11.3,11.7,13.0,13.0,13.5,14.5,15.3,15.4,14.3,13.7,13.1
Kurnell,Australia,-34.02,151.21,,1929-2002,22.5,22.6,21.2,18.4,15.3,12.9,11.9,13.0,15.2,17.7,19.5,21.5,105,115,130,103,104,127,74,90,61,78,89,75,7.7,7.4,7.9,8.8,9.1,9.1,10.0,10.2,10.2,9.4,8.8,8.3
Kyabram,Australia,-36.34,145.06,,,22.4,22.4,19.7,15.3,11.9,9.1,8.2,9.4,11.5,14.6,18.0,20.3,32,23,22,31,40,45,50,40,40,38,38,32,15.7,15.1,14.2,13.1,11.4,9.8,9.8,11.1,12.2,13.9,14.7,15.2
Kyancutta,Australia,-33.13,135.55,,,23.6,23.3,21.1,17.2,14.2,11.6,10.9,11.8,14.0,16.6,19.5,21.9,14,16,13,20,33,39,41,40,33,27,22,20,18.6,18.0,17.6,15.9,13.7,12.5,12.4,13.5,15.4,16.9,17.7,17.9
Lajamanu,Australia,-18.33,130.64,,,30.4,29.8,28.6,26.2,21.6,18.1,18.4,20.2,26.0,28.8,30.8,30.9,189,158,74,19,3,6,3,0,6,18,34,76,13.0,12.3,13.0,15.8,16.4,16.3,17.7,18.7,17.5,16.5,15.2,13.6
Lake Eildon,Australia,-37.23,145.91,,,20.8,20.9,18.2,14.5,11.2,8.4,7.8,9.0,11.1,13.6,16.6,18.6,52,40,41,52,74,90,94,107,88,73,70,62,16.4,16.5,15.4,13.3,10.3,8.5,8.5,9.6,11.2,12.8,14.2,15.3
Lake Grace,Australia,-33.1,118.46,,,23.0,22.9,21.0,18.0,14.4,11.7,10.6,11.2,13.0,15.8,19.0,21.2,30,17,19,22,38,41,44,38,30,20,22,15,16.2,15.3,13.7,12.4,11.0,9.9,9.7,10.7,12.3,14.1,14.8,15.7
Lake St Clair,Australia,-42.12,146.18,,,12.8,12.7,10.4,7.8,6.0,4.0,3.6,4.1,5.4,7.3,9.5,11.1,104,82,106,137,160,169,200,251,216,174,134,134,13.0,13.3,12.4,10.3,8.7,7.5,7.4,8.0,9.2,10.6,12.0,12.2
Latrobe,Australia,-41.23,146.41,,1991-2010,16.7,17.1,15.6,13.1,11.1,9.2,8.6,9.1,10.1,11.6,13.3,15.0,48,35,46,73,85,100,116,113,93,76,68,61,9.0,9.0,9.5,9.0,8.5,8.2,8.1,8.1,8.1,8.5,8.7,9.0
Latrobe Valley,Australia,-38.19,146.33,,,19.4,19.6,17.8,14.6,11.8,9.2,8.6,9.6,11.3,13.4,15.7,17.6,50,41,45,57,53,60,67,63,81,70,78,72,13.8,13.7,13.3,11.9,10.3,9.7,10.0,10.5,11.0,11.9,12.4,12.9
Launceston,Australia,-41.54,147.2,,,18.2,18.3,16.3,13.2,10.4,8.0,7.4,8.7,10.3,12.4,14.6,16.5,46,32,35,54,64,68,76,83,65,50,49,46,12.0,12.4,12.4,11.3,10.8,10.2,10.4,10.1,10.4,11.1,11.5,11.8
Laverton [VIC],Australia,-37.87,144.76,,,19.8,20.1,18.2,15.2,12.5,10.2,9.4,10.4,11.9,13.8,16.1,17.9,50,28,31,37,40,41,40,40,50,54,50,49,11.7,11.6,11.2,10.7,9.2,8.4,8.7,9.4,10.2,11.3,11.3,11.6
Laverton [WA],Australia,-28.63,122.41,,,28.1,27.4,24.9,20.6,15.8,12.6,11.5,13.2,17.0,20.4,24.4,27.1,24,28,31,23,25,25,16,14,8,8,14,17,15.3,14.8,13.9,13.3,12.6,11.9,12.6,13.6,15.0,15.2,15.5,15.6
Leonora,Australia,-28.88,121.33,,,29.3,27.9,25.0,21.4,16.6,13.0,12.3,13.9,17.8,21.5,24.5,27.2,27,41,33,20,23,24,21,16,9,15,16,27,14.8,13.9,13.3,12.6,12.3,11.7,12.4,13.5,14.7,15.0,14.7,14.7
Lismore,Australia,-28.81,153.26,,,24.3,24.0,22.6,19.9,16.8,14.2,13.2,14.3,17.1,19.9,22.0,23.8,157,184,190,129,115,96,81,55,51,73,95,121,11.0,10.3,10.5,11.5,11.7,12.0,13.4,14.3,14.4,13.4,12.4,11.9
Lithgow,Australia,-33.48,150.16,,,18.6,18.2,16.3,12.8,9.3,6.5,5.4,6.8,9.1,12.4,14.8,17.4,117,98,97,72,71,61,48,76,61,80,73,74,13.1,11.9,11.6,11.6,10.3,9.1,9.8,10.1,11.4,11.9,12.7,13.7
Liverpool,Australia,-33.93,150.91,,,22.9,22.8,21.1,18.2,14.8,12.1,11.0,12.4,14.9,17.6,19.6,21.9,98,95,101,85,69,71,40,57,44,62,78,66,10.5,10.2,10.4,11.3,11.3,11.5,12.6,13.0,13.2,12.2,11.5,11.3
Longerenong,Australia,-36.67,142.3,,,21.4,21.4,18.9,15.0,11.8,9.2,8.6,9.4,11.3,13.7,17.1,19.4,24,19,23,20,44,51,50,49,44,41,28,27,16.9,16.8,15.5,13.7,11.2,9.7,9.7,10.9,12.1,14.2,15.6,16.3
Longreach,Australia,-23.44,144.28,,,30.2,29.5,27.8,24.1,19.9,16.1,15.5,17.4,21.7,25.6,28.1,29.9,73,72,34,43,25,19,17,11,11,22,42,56,13.8,13.3,14.4,14.6,14.9,15.3,16.2,17.3,17.6,16.9,15.6,15.0
Lord Howe Island,Australia,-31.54,159.08,,1988-2002,22.9,23.2,22.3,20.5,19.1,17.2,16.4,16.2,17.2,18.2,19.6,21.4,108,114,122,149,160,177,178,141,135,127,116,117,4.7,4.6,4.8,5.2,5.0,5.1,4.9,5.4,5.2,5.1,4.9,4.8
Mackay,Australia,-21.12,149.22,,,27.1,26.8,25.6,23.6,20.9,18.1,17.4,18.5,21.2,23.8,25.6,26.8,229,308,204,160,122,67,42,32,24,36,115,186,6.6,6.3,6.4,6.4,6.8,7.5,8.1,8.3,8.5,8.0,7.5,7.4
Mandurah,Australia,-32.5,115.77,,,23.1,23.2,21.6,18.7,15.7,13.8,12.9,13.1,14.4,16.1,18.8,21.1,10,13,19,44,126,190,175,127,85,52,23,12,12.4,12.5,12.0,11.4,9.8,8.6,8.7,9.1,9.6,10.3,11.2,11.7
Maningrida,Australia,-12.05,134.23,,,28.6,28.4,28.2,27.8,26.6,24.7,24.0,24.3,26.0,27.9,29.2,29.2,297,258,291,150,17,1,1,0,4,9,50,234,7.7,7.4,7.8,9.4,10.6,11.6,12.4,12.8,11.4,9.4,8.6,8.0
Manjimup,Australia,-34.25,116.14,,,20.2,20.4,19.0,16.5,13.8,11.6,10.7,11.1,12.2,13.8,16.4,18.2,19,20,29,42,122,152,173,151,110,65,47,23,14.0,13.5,12.2,10.4,8.6,7.9,7.9,8.4,9.0,10.6,11.8,13.0
Marble Bar,Australia,-21.12,119.68,,,33.6,32.3,31.8,28.9,24.0,20.6,19.6,21.9,25.6,29.6,32.1,33.5,89,125,70,27,22,18,16,10,1,2,9,49,14.5,13.2,13.3,13.7,13.4,13.2,14.7,15.7,16.8,17.1,16.5,15.5
Marrawah,Australia,-40.91,144.71,,,16.1,16.6,15.5,13.5,11.9,10.2,9.6,10.0,10.6,11.6,13.1,14.5,47,45,61,85,99,121,138,129,104,88,65,61,8.3,8.5,7.8,6.7,5.7,5.4,5.6,5.8,6.3,6.9,7.5,7.8
Maryborough,Australia,-25.52,152.71,,,26.1,25.8,24.5,22.2,19.4,16.6,15.7,16.6,19.4,21.8,23.4,25.3,114,157,114,77,95,57,43,42,38,73,83,124,9.9,9.4,9.7,10.4,10.9,11.9,13.0,13.9,13.5,12.1,10.9,10.6
Maryborough [VIC],Australia,-37.06,143.73,,,20.9,21.0,18.4,14.5,11.2,8.6,7.8,8.8,10.8,13.4,16.6,18.6,34,25,26,35,48,56,56,60,52,46,46,42,15.4,15.6,14.0,12.6,10.3,8.8,9.0,10.1,11.1,12.8,13.9,14.8
Maydena,Australia,-42.76,146.62,,,15.5,15.6,13.2,10.6,8.7,6.7,6.4,7.2,8.5,10.2,12.2,13.6,61,68,70,88,102,84,104,151,140,117,91,94,13.2,13.5,12.5,10.4,8.8,8.3,8.5,9.4,10.2,10.8,11.6,12.0
Meekatharra,Australia,-26.61,118.54,,,31.6,30.4,27.5,23.4,18.4,14.4,13.4,15.3,18.9,22.9,26.1,29.2,27,43,34,27,24,29,20,12,6,7,11,20,14.1,13.0,12.8,12.1,11.8,11.1,11.9,13.0,14.4,14.7,14.4,14.3
Melbourne,Australia,-37.81,144.97,,,20.9,21.3,19.4,16.4,13.7,11.4,10.6,11.8,13.4,15.4,17.6,19.2,45,40,41,50,46,46,45,50,53,58,63,63,10.7,10.6,9.9,9.2,7.7,6.9,7.1,7.9,8.5,9.5,10.0,10.3
Merredin,Australia,-31.48,118.28,,,25.8,25.5,23.1,19.4,15.0,12.0,10.8,11.4,13.8,17.2,20.9,23.6,20,17,19,23,43,42,47,38,26,13,17,17,16.2,15.2,13.9,12.7,11.7,10.7,10.7,11.9,13.7,15.5,15.5,16.1
Mildura,Australia,-34.23,142.08,,,24.6,24.4,21.1,16.9,13.4,10.6,9.8,11.3,14.0,16.9,20.4,22.7,22,14,14,13,22,22,28,26,28,26,27,31,15.9,15.8,14.9,13.9,11.9,10.8,11.0,12.2,13.2,14.5,15.1,15.4
Moora,Australia,-30.64,116.01,,,26.1,26.1,23.9,20.6,16.2,13.4,12.2,12.6,14.4,17.2,21.0,23.8,13,15,21,26,65,73,85,67,38,21,17,14,17.0,15.7,14.8,12.9,11.6,10.7,10.3,11.1,12.9,15.0,15.3,16.3
Moorabbin,Australia,-37.94,145.04,,,19.9,20.1,18.2,15.2,12.8,10.4,9.8,10.8,12.4,14.1,16.4,18.0,45,23,53,56,61,68,71,68,61,67,64,62,11.6,11.8,10.9,9.9,8.3,7.5,7.6,8.1,8.9,10.0,10.7,11.2
Moranbah,Australia,-21.99,148.03,,,27.9,27.5,26.2,23.6,20.4,17.5,16.8,18.4,21.8,24.9,26.2,27.5,83,86,45,46,38,23,17,27,6,41,75,101,12.0,11.3,12.0,12.0,12.1,12.6,13.9,14.3,15.3,14.7,13.7,12.8
Morawa,Australia,-29.21,116.01,,,28.1,28.1,25.4,21.9,17.2,13.9,12.6,13.2,15.8,19.1,22.6,25.6,14,21,20,17,54,52,50,38,26,14,12,9,17.9,16.3,15.3,14.2,12.6,11.9,11.9,12.9,14.8,16.3,16.6,17.5
Moree,Australia,-29.48,149.84,,,26.8,26.1,23.9,19.8,15.3,12.3,11.2,12.8,16.7,20.2,23.1,25.2,85,72,49,21,28,42,40,26,34,49,79,71,13.9,13.3,14.1,14.7,14.6,13.2,13.6,15.1,15.4,15.2,14.0,14.2
Mornington Peninsula,Australia,-38.24,145.07,,,19.2,19.4,18.1,15.1,12.6,10.3,9.7,10.4,11.9,13.8,15.5,17.6,45,43,50,63,70,71,68,71,72,71,60,55,11.6,11.1,10.4,8.5,7.1,6.3,6.3,6.9,7.9,8.6,9.6,11.0
Mount Barker,Australia,-35.06,138.85,,,20.1,20.1,18.1,14.9,12.2,9.8,9.1,9.9,11.7,13.7,16.4,18.1,19,16,32,49,74,97,112,106,81,54,38,42,15.2,15.6,14.3,12.5,10.0,8.5,8.4,9.3,10.6,12.3,13.7,14.3
Mount Field,Australia,-42.69,146.59,,,15.5,15.6,13.2,10.6,8.7,6.7,6.4,7.2,8.5,10.2,12.2,13.6,61,68,70,88,102,84,104,151,140,117,91,94,13.2,13.5,12.5,10.4,8.8,8.3,8.5,9.4,10.2,10.8,11.6,12.0
Mount Gambier,Australia,-37.82,140.78,,,18.5,18.9,17.2,14.5,12.1,10.1,9.4,10.2,11.4,12.8,15.1,16.8,29,19,39,48,64,91,98,102,76,58,44,40,13.6,13.9,12.5,10.8,8.8,7.9,7.9,8.4,9.2,10.8,12.1,12.9
Mount Isa,Australia,-20.68,139.49,,,30.0,29.6,28.1,25.4,21.1,17.4,16.6,18.9,23.1,26.7,28.8,30.2,117,106,55,13,10,8,6,3,5,20,45,77,12.7,12.3,12.8,13.5,14.3,14.9,16.3,17.2,17.3,16.2,14.9,14.1
Murray Bridge,Australia,-35.12,139.27,,,21.9,22.0,19.9,16.8,13.9,11.4,10.8,11.8,13.8,15.9,18.9,20.5,16,13,20,27,32,44,40,43,39,33,28,30,14.7,15.0,14.3,13.5,11.8,10.7,10.9,11.9,12.9,14.1,14.5,14.4
Narrabri,Australia,-30.33,149.75,,,26.2,26.1,23.8,19.6,15.2,11.8,10.6,11.9,15.2,19.2,22.4,25.3,118,63,55,47,61,34,45,45,45,59,63,69,14.3,14.1,14.5,14.9,13.9,13.5,14.1,14.9,15.7,15.4,15.4,15.4
Narrogin,Australia,-32.93,117.18,,,22.7,22.5,20.6,17.4,13.7,11.2,10.2,10.6,12.2,14.9,18.2,20.8,22,12,19,30,54,72,82,65,44,23,24,14,16.4,15.4,13.9,12.5,10.9,9.7,9.6,10.1,11.4,13.7,14.7,15.8
Newcastle,Australia,-32.92,151.8,,,22.3,22.4,21.4,19.0,15.9,13.5,12.6,13.5,15.7,18.0,19.8,21.4,91,106,122,116,119,118,97,76,74,74,70,82,6.4,6.1,6.5,7.6,8.0,7.8,8.3,8.8,8.8,8.2,7.6,7.0
Nhill,Australia,-36.33,141.64,,,21.2,21.2,18.7,14.9,11.8,9.3,8.6,9.6,11.4,13.8,17.2,19.4,22,19,17,19,37,43,46,48,43,35,27,24,17.3,17.5,16.0,14.6,11.8,10.2,10.2,11.2,12.5,14.7,16.0,16.7
Nhulunbuy,Australia,-12.27,136.82,,,28.3,28.0,27.6,27.1,26.2,24.9,24.0,23.9,25.1,26.8,28.3,28.8,306,280,275,222,99,31,19,7,6,14,40,183,7.0,6.8,7.2,7.5,7.3,7.0,7.7,9.3,10.5,10.0,9.4,8.2
Norfolk Island,Australia,-29.04,167.94,,,21.8,22.2,21.7,20.2,18.5,16.9,15.9,15.8,16.3,17.4,18.9,20.5,86,96,104,126,134,147,145,129,96,89,75,84,5.4,5.3,5.0,5.0,4.8,4.7,4.8,5.1,5.4,5.5,5.6,5.6
Norseman,Australia,-32.2,121.78,,,24.2,23.8,21.5,18.6,14.9,11.9,11.1,12.2,14.9,17.6,20.4,22.3,29,26,33,26,32,29,28,25,26,19,26,31,16.6,15.4,14.0,13.1,11.9,11.7,11.9,13.2,14.4,15.4,15.8,16.4
Northam,Australia,-31.64,116.67,,,25.7,25.4,23.1,19.4,15.2,12.4,11.2,11.8,13.7,16.9,20.6,23.5,18,17,16,20,51,70,75,56,39,22,17,10,17.2,16.5,15.5,14.6,13.6,12.5,12.1,12.7,13.9,15.8,16.3,16.8
Nowra,Australia,-34.94,150.55,,,20.9,21.1,19.6,17.1,14.3,12.0,11.0,11.9,13.8,16.1,17.9,19.9,96,126,130,101,92,111,56,68,68,113,100,74,9.9,9.5,9.7,10.0,9.3,8.8,9.6,10.4,11.1,10.9,10.5,10.5
Onslow,Australia,-21.63,115.12,,,29.9,30.1,29.8,27.6,23.6,20.4,19.4,20.4,22.2,25.0,26.5,28.3,30,70,40,21,56,49,16,5,1,0,1,10,10.8,9.6,10.9,11.2,11.3,11.1,12.0,12.9,13.5,13.7,12.8,11.8
Orbost,Australia,-37.69,148.46,,,19.9,19.6,18.1,15.2,12.7,10.5,9.8,10.8,12.4,14.1,16.2,17.8,58,60,59,76,64,82,70,51,76,72,83,83,12.3,12.2,12.1,11.9,10.8,10.2,10.7,11.7,11.5,11.8,11.6,11.5
Orford,Australia,-42.55,147.88,,,16.9,16.9,15.6,13.4,11.1,8.7,8.3,9.2,10.8,12.3,14.0,15.6,54,39,46,51,38,48,55,61,52,54,55,63,9.9,9.5,9.5,9.5,9.1,8.8,9.0,9.5,9.9,9.8,9.3,9.5
Ouyen,Australia,-35.07,142.32,,,24.0,23.9,20.9,16.8,13.3,10.6,9.8,11.2,13.7,16.4,19.9,22.1,20,17,15,18,32,29,34,33,31,29,32,32,16.7,16.7,15.5,14.2,11.8,10.5,10.8,12.2,13.2,15.0,15.7,16.1
Paraburdoo,Australia,-23.17,117.75,,,33.6,31.5,29.9,26.4,21.9,18.1,17.2,18.9,22.3,26.9,29.8,32.2,51,62,31,26,26,29,10,6,5,2,8,21,15.2,13.4,13.6,14.0,14.7,14.2,15.1,16.4,17.8,17.6,17.0,15.9
Parkes,Australia,-33.14,148.16,,,25.8,25.1,21.9,17.6,13.5,10.1,9.1,10.6,13.7,17.2,20.8,23.6,51,54,42,44,46,46,57,54,47,54,60,59,14.7,13.9,13.6,12.8,11.6,10.1,10.1,11.2,12.3,13.5,14.0,14.6
Parramatta,Australia,-33.8,151.02,,,23.0,22.8,20.9,18.2,15.3,12.7,11.8,13.1,15.7,17.9,19.6,21.8,89,135,91,101,78,78,53,63,55,70,89,74,11.2,10.5,10.6,10.9,10.6,10.7,11.0,12.1,12.6,12.1,11.3,11.0
Perth,Australia,-31.93,115.98,,,24.3,24.6,23.0,19.6,16.4,13.9,13.0,13.4,14.8,17.1,20.2,22.5,18,9,21,39,90,135,153,135,90,43,20,6,13.0,13.3,13.0,12.1,11.9,10.9,10.6,10.8,10.7,11.8,12.3,12.6
Pirlangimpi,Australia,-11.4,130.42,,,28.2,27.9,28.0,27.9,26.9,24.9,24.6,25.5,27.2,28.2,28.8,28.6,418,413,338,180,28,2,4,8,26,86,176,348,7.4,7.0,8.0,9.7,11.1,12.4,12.8,13.0,11.7,10.5,9.2,7.9
Point Hicks,Australia,-37.8,149.27,,,19.9,19.9,18.6,16.4,14.2,12.1,11.4,11.9,13.2,14.8,16.6,18.1,62,51,57,89,82,90,102,68,73,75,81,70,8.2,7.6,7.1,6.7,5.7,5.6,5.9,6.5,7.0,7.7,7.7,7.8
Port Augusta,Australia,-32.53,137.79,,,25.7,25.7,23.4,19.8,15.7,12.9,12.1,13.2,15.9,19.2,22.1,24.0,23,19,15,14,27,24,24,24,26,26,19,16,12.6,12.2,11.5,10.7,9.6,9.4,9.6,10.3,11.1,11.8,12.3,12.2
Port Hedland,Australia,-20.37,118.63,,,31.2,31.0,30.8,28.7,24.4,21.2,20.1,21.5,24.1,27.2,29.0,30.4,57,95,53,22,23,23,14,6,2,0,0,16,10.8,10.4,12.0,13.6,13.7,13.2,14.7,16.0,16.6,16.2,14.5,12.4
Port Pirie,Australia,-33.17,138.01,,,24.6,24.8,22.7,18.9,15.4,12.8,12.0,13.1,15.4,18.1,20.9,23.1,18,18,18,28,39,41,34,35,36,34,24,22,14.5,14.0,13.4,11.7,9.7,8.7,8.8,9.8,11.5,12.5,13.3,13.8
Ravensthorpe,Australia,-33.58,120.04,,,21.3,21.5,20.1,17.9,15.1,12.5,11.4,12.0,13.6,15.8,18.0,19.8,37,24,31,31,46,40,49,46,41,31,33,26,14.6,13.8,12.9,11.9,10.5,9.4,9.5,10.4,12.1,13.5,13.8,14.1
Redesdale,Australia,-37.02,144.52,,,21.0,21.0,17.9,13.8,10.6,8.2,7.4,8.2,10.1,12.3,15.9,18.1,45,20,36,39,71,70,77,81,49,58,34,49,16.0,15.4,14.6,13.2,10.8,8.7,8.8,10.5,11.8,13.8,14.9,16.3
Robe,Australia,-37.16,139.76,,,18.3,18.3,17.2,15.6,13.8,11.9,11.2,11.8,13.0,14.2,15.9,17.1,16,14,32,40,62,96,105,99,60,41,31,28,8.2,8.6,8.4,7.5,6.3,5.4,5.6,5.7,6.4,7.3,8.1,8.1
Rockhampton,Australia,-23.38,150.48,,,27.4,27.1,25.9,23.7,20.6,17.6,16.8,18.1,21.1,23.8,25.4,27.0,78,110,79,55,52,42,25,32,27,52,70,119,9.9,9.3,10.1,10.4,11.3,12.2,13.0,13.6,13.6,12.3,11.2,10.6
Roebourne,Australia,-20.78,117.15,,,32.8,32.4,31.9,29.6,25.0,21.8,20.8,22.4,25.1,28.7,30.5,32.0,44,82,57,21,19,28,14,4,2,0,1,16,12.8,11.7,12.5,13.1,12.7,11.6,13.2,14.9,16.0,16.4,15.6,14.1
Roma,Australia,-26.55,148.78,,,27.6,26.4,24.4,20.4,15.9,12.9,11.9,13.7,18.1,21.6,24.2,26.2,70,83,47,38,39,30,24,25,19,61,59,71,13.2,12.2,14.1,15.5,15.8,14.9,16.1,17.2,16.9,15.7,14.3,13.7
Ross,Australia,-42.03,147.5,,1993-2010,17.4,17.4,14.8,11.6,8.8,6.8,6.3,7.4,9.0,10.9,13.3,15.5,48,40,32,38,24,35,40,49,54,43,49,40,13.9,13.5,13.8,11.9,11.1,9.9,9.8,10.3,10.8,12.1,13.1,14.0
Sale,Australia,-38.11,147.13,,,19.4,19.4,17.6,14.6,11.8,9.3,8.6,9.8,11.4,13.4,15.8,17.5,43,40,43,52,45,41,42,36,53,50,62,51,12.7,12.5,12.3,11.9,10.8,10.4,10.6,11.3,11.5,12.1,11.9,12.0
Scoresby,Australia,-37.9,145.23,,,19.9,20.4,18.5,15.4,12.6,10.3,9.6,10.6,12.2,14.1,16.4,18.1,67,35,57,60,74,84,86,80,90,77,78,89,12.7,12.8,11.8,10.4,8.3,7.2,7.3,7.9,8.9,10.5,11.3,12.1
Scottsdale,Australia,-41.16,147.51,,,17.0,17.1,15.8,13.1,10.6,8.6,8.1,8.4,9.6,11.3,13.4,15.2,55,38,48,71,90,102,115,122,93,80,64,64,12.0,11.9,11.5,9.9,8.8,8.1,8.0,8.6,9.2,10.4,11.1,11.7
Seymour,Australia,-37.03,145.15,,,21.9,21.9,19.4,15.1,11.6,8.8,7.9,9.1,11.1,13.9,17.2,19.6,38,34,28,32,52,62,64,63,52,48,46,40,15.7,15.4,14.3,13.1,10.8,9.3,9.4,10.4,11.8,13.4,14.5,15.3
Singleton,Australia,-32.57,151.15,,,24.1,23.6,22.1,18.8,15.3,12.3,11.2,12.8,15.5,18.6,20.8,23.4,94,89,73,58,60,38,29,37,45,69,68,63,13.0,11.9,12.1,12.0,11.4,11.0,11.8,12.9,13.4,13.5,13.3,13.6
Sorell,Australia,-42.78,147.56,,1981-2010,17.4,17.4,15.8,13.5,11.2,8.8,8.4,9.4,10.9,12.6,14.3,15.9,44,33,38,39,30,34,41,47,44,43,40,54,10.4,10.3,9.8,9.3,8.7,8.3,8.5,8.8,9.2,9.6,9.8,9.9
St Helens,Australia,-41.32,148.25,,,17.4,17.5,16.1,13.5,11.2,9.1,8.2,9.1,10.6,12.5,14.3,15.8,56,55,67,63,65,76,71,67,61,68,60,67,11.0,11.0,11.3,11.4,10.9,10.7,11.3,11.0,11.0,11.4,10.8,10.7
Strahan Town,Australia,-42.16,145.29,,,15.6,15.9,14.5,12.4,10.9,9.1,8.6,9.5,10.1,11.6,12.9,14.3,89,63,100,111,139,169,164,168,147,114,103,88,10.0,10.5,9.7,8.1,6.9,7.0,7.1,7.2,8.1,8.7,9.5,9.7
Strathbogie,Australia,-36.85,145.73,,,19.6,19.5,16.5,12.2,9.1,6.7,5.9,7.0,9.0,11.6,14.5,16.9,51,45,50,56,86,114,126,120,91,80,69,60,15.6,15.6,15.0,13.3,11.1,9.0,8.4,9.2,10.4,12.5,14.0,15.0
Strathgordon,Australia,-42.77,146.05,,,14.2,14.6,12.8,10.5,8.6,6.8,6.0,7.0,7.9,9.7,11.8,12.9,154,111,150,188,243,219,254,296,280,259,175,186,9.3,10.1,8.7,7.4,6.1,5.7,6.0,6.4,7.3,8.3,9.3,8.9
Swansea,Australia,-42.13,148.08,,,16.9,16.9,15.6,13.4,11.1,9.1,8.4,9.2,10.8,12.4,13.9,15.4,50,42,51,51,48,58,49,44,41,54,52,62,10.6,10.5,10.5,10.5,9.7,9.4,9.6,9.8,10.2,10.6,10.0,10.1
Sydney,Australia,-33.86,151.21,,,23.1,23.1,21.8,19.3,16.6,13.8,13.0,14.3,16.6,18.6,20.1,21.9,96,129,111,140,120,117,80,94,70,83,104,79,6.9,6.8,7.3,8.0,8.1,8.3,8.7,9.2,9.2,8.4,7.5,7.2
Tarraleah,Australia,-42.3,146.45,,,13.3,13.4,11.6,8.9,6.8,4.8,4.4,5.1,6.5,8.4,10.6,11.9,75,47,70,84,86,90,102,126,120,118,90,84,12.4,12.9,11.8,9.9,8.7,8.1,7.9,8.6,9.3,10.3,11.5,11.6
Tatura,Australia,-36.44,145.27,,,21.9,21.9,19.1,15.1,11.5,8.9,8.0,9.3,11.4,14.1,17.7,19.8,33,27,25,30,40,47,50,46,42,41,42,35,15.4,15.1,14.5,13.4,11.7,10.0,10.0,10.9,12.1,13.5,14.4,15.0
Tennant Creek,Australia,-19.64,134.18,,,30.9,30.4,29.1,26.3,22.2,18.8,18.6,21.1,25.4,28.4,30.2,31.1,124,122,54,18,8,3,4,1,6,18,39,68,11.7,11.2,11.1,11.2,11.2,11.5,12.1,12.9,13.0,12.9,12.5,12.1
Tibooburra,Australia,-29.43,142.01,,,30.0,28.9,25.8,20.9,16.1,12.7,11.9,14.0,18.1,21.6,25.2,28.1,27,30,16,13,25,15,24,9,16,20,27,21,13.7,13.1,13.3,12.9,12.0,11.6,12.2,13.4,13.9,14.1,13.6,13.8
Townsville,Australia,-19.25,146.77,,,28.2,28.1,27.3,25.6,23.1,20.5,19.6,20.6,23.0,25.4,27.0,28.1,250,292,110,75,33,19,14,21,12,26,79,141,7.0,6.9,8.0,8.8,9.8,10.8,11.4,11.3,10.3,8.6,7.7,7.3
Tuggeranong,Australia,-35.43,149.15,,,21.5,21.5,18.2,14.0,9.6,7.0,6.1,7.3,10.8,13.1,16.3,19.6,67,52,50,43,44,51,57,54,61,60,79,63,15.2,14.6,14.5,14.8,13.9,12.3,12.5,13.3,13.2,13.9,14.2,15.5
Tullamarine,Australia,-37.68,144.84,,,19.9,20.3,18.4,15.2,12.5,10.0,9.2,10.2,11.9,13.9,16.2,18.1,40,37,38,38,36,39,39,44,44,51,62,51,12.7,12.4,11.4,10.3,8.2,7.4,7.5,8.5,9.5,10.8,11.7,12.2
Victor Harbor,Australia,-35.56,138.62,,,19.8,19.9,18.8,16.5,14.3,12.2,11.6,12.1,13.6,15.2,17.0,18.6,21,20,23,43,62,71,75,67,56,46,28,24,9.4,9.1,9.2,9.0,8.4,7.5,7.7,8.2,9.2,9.7,9.6,9.7
Wagga Wagga,Australia,-35.16,147.46,,,24.2,24.0,20.6,16.1,12.0,8.9,7.9,9.2,11.5,14.8,18.9,21.8,39,40,43,38,48,52,60,50,49,53,45,52,15.9,15.0,14.8,13.9,12.0,10.1,10.0,11.2,12.7,14.3,15.1,15.7
Walpeup,Australia,-35.12,142.0,,,23.8,23.8,20.6,16.8,13.4,10.6,9.8,11.1,13.3,16.2,19.7,21.8,25,12,15,17,30,33,36,36,32,24,28,28,16.7,16.5,15.1,13.2,10.8,9.5,9.8,11.1,12.7,14.8,15.8,16.4
Wangaratta,Australia,-36.42,146.31,,,23.0,22.4,19.1,14.7,11.0,8.6,7.7,8.7,11.0,13.8,17.5,20.3,56,38,38,47,76,78,73,59,66,60,56,41,17.8,17.1,17.1,15.7,13.4,10.9,10.5,11.5,12.8,14.7,16.2,17.4
Warracknabeal,Australia,-36.26,142.41,,,22.6,22.4,19.5,15.7,12.2,9.6,8.8,10.1,12.2,14.9,18.1,20.4,20,19,20,21,39,41,42,44,43,33,31,33,16.9,16.7,15.4,13.7,11.6,10.1,10.2,11.3,12.3,14.4,15.8,16.3
Watsonia,Australia,-37.7,145.08,,,20.3,20.5,18.4,15.0,12.3,10.0,9.4,10.4,12.0,14.1,16.5,18.4,46,42,45,53,50,55,50,58,59,64,72,66,12.4,12.6,11.8,10.7,8.8,7.8,7.9,8.7,9.6,10.9,11.8,12.2
Weeaproinah,Australia,-38.64,143.51,,,15.2,15.9,14.5,11.9,9.7,7.5,6.8,7.3,8.5,10.1,12.2,13.6,91,80,108,142,167,216,229,239,204,174,136,129,8.9,9.0,7.8,6.1,4.8,4.1,4.4,5.1,6.0,7.0,7.9,8.5
Whitemark,Australia,-40.12,148.02,,,17.9,18.2,16.9,14.8,12.7,10.6,9.9,10.3,11.4,12.7,14.7,16.1,53,26,48,58,65,69,79,75,64,51,51,60,8.6,8.8,8.9,7.9,7.2,7.1,7.2,7.1,7.5,8.0,8.3,8.3
Whyalla,Australia,-33.03,137.53,,,23.8,23.7,21.5,18.0,14.6,11.6,11.0,12.2,14.9,17.2,20.3,22.0,15,12,20,16,24,28,24,24,27,23,22,21,12.4,12.0,12.0,12.4,11.6,11.1,11.6,12.6,13.4,13.3,12.6,12.2
Wilsons Promontory,Australia,-39.13,146.42,,,17.6,18.1,17.1,15.4,13.6,11.6,10.7,11.0,12.0,13.2,14.7,16.0,68,38,64,77,129,120,144,134,109,86,68,66,5.7,5.2,4.6,4.0,3.4,3.2,3.4,4.0,4.8,5.4,5.3,5.4
Winton,Australia,-22.39,143.04,,,31.0,30.2,28.6,25.2,21.1,17.5,16.8,18.8,23.0,26.9,29.2,30.9,80,91,41,26,20,19,14,8,7,17,43,51,13.4,12.9,13.9,14.1,14.0,14.4,15.6,16.5,16.8,16.0,15.0,14.5
Wonthaggi,Australia,-38.61,145.6,,,18.5,19.1,17.5,15.0,12.8,10.6,9.8,10.7,11.9,13.5,15.3,16.9,52,43,59,77,89,100,104,108,96,90,72,66,10.8,11.3,10.6,9.4,8.1,7.5,7.5,7.8,8.5,9.4,9.8,10.3
Woomera,Australia,-31.16,136.8,,,27.3,27.0,23.8,19.6,15.4,12.1,11.5,13.1,16.6,19.6,23.1,25.2,12,14,14,9,15,16,12,13,12,15,15,18,15.0,14.4,13.6,12.5,11.4,10.6,11.2,12.2,13.3,13.9,14.1,14.4
Wudinna,Australia,-33.05,135.46,,,24.2,23.9,20.8,17.2,14.6,12.3,11.8,12.3,14.9,16.6,20.2,22.2,9,10,9,10,19,33,32,38,27,25,18,12,17.0,17.2,17.2,15.2,12.4,10.6,10.7,12.7,14.5,16.1,17.1,17.0
Wyndham,Australia,-15.48,128.12,,,31.6,30.9,30.9,29.9,27.2,24.4,24.2,26.1,30.0,32.4,33.5,32.5,199,199,145,29,6,6,1,0,1,24,54,175,10.4,10.1,10.5,12.2,13.1,13.4,14.4,14.8,14.0,13.0,12.3,10.8
Wynyard,Australia,-41.0,145.73,,,16.4,16.8,14.9,12.4,10.4,8.7,8.2,8.8,9.7,11.2,13.2,14.6,46,40,41,66,85,106,122,114,110,84,70,68,10.2,9.9,10.8,10.4,9.9,9.5,9.5,9.3,9.4,9.9,9.7,10.1
Yass,Australia,-34.83,148.91,,,22.1,21.7,18.7,14.3,10.6,7.6,6.5,7.8,10.6,13.5,16.8,19.6,49,47,45,47,46,59,71,63,62,58,70,62,15.6,15.0,14.8,13.8,12.3,10.5,10.8,11.6,12.5,14.0,14.7,15.3
Yuendumu,Australia,-22.26,131.8,,,29.7,29.1,26.9,23.2,18.4,14.9,14.5,17.0,21.6,25.2,27.6,29.1,64,67,49,22,21,12,17,3,10,20,32,51,13.8,13.6,13.6,14.5,14.2,14.4,15.6,16.8,16.6,16.2,15.3,14.4
Innsbruck,Austria,47.27,11.35,,,-0.9,1.3,5.8,9.1,14.1,16.7,18.8,18.5,15.1,10.3,3.8,-0.2,44,41,56,58,87,110,137,111,78,57,63,53,8.7,10.0,11.1,11.4,12.5,11.8,11.9,11.7,11.5,11.0,8.7,7.9
Klagenfurt,Austria,46.65,14.33,,,-3.5,-0.5,4.5,8.8,14.0,17.2,19.2,18.9,14.8,9.2,2.4,-2.2,31,35,50,64,78,114,118,99,90,83,79,49,7.5,9.8,11.6,12.1,12.4,12.3,12.6,12.4,11.6,9.9,6.8,6.0
Vienna,Austria,48.25,16.37,,,0.4,2.1,6.4,10.5,15.5,18.4,20.5,20.4,16.0,10.6,5.0,1.8,37,39,46,52,62,70,68,58,54,40,50,44,4.9,6.0,7.9,9.4,10.0,9.9,10.2,10.1,8.6,7.2,5.1,4.5
Baku,Azerbaijan,40.38,49.85,,,4.3,4.2,7.0,12.9,18.5,23.5,26.4,26.3,22.5,16.6,11.2,7.2,21,20,21,18,18,8,2,6,15,25,30,26,4.5,4.3,5.6,7.0,7.2,7.6,8.4,6.8,6.2,6.0,4.7,4.9
Ganja,Azerbaijan,40.72,46.42,,,2.1,2.8,7.1,13.4,17.8,22.1,25.6,24.1,20.6,14.2,8.6,4.2,10,17,32,30,42,46,23,18,16,32,14,18,8.8,8.0,9.7,11.5,11.2,11.6,12.2,11.6,10.8,10.1,8.1,8.3
Lenkaran,Azerbaijan,38.75,48.83,,,3.6,4.1,7.5,13.1,17.8,22.4,25.2,24.6,21.4,15.8,10.4,6.3,91,114,90,50,54,22,17,50,143,259,168,88,7.2,6.2,7.1,8.9,9.4,9.7,10.3,9.8,9.0,8.1,7.4,7.6
Freeport,Bahamas,26.55,-78.7,,,20.1,19.9,21.6,23.3,25.3,27.2,28.1,28.1,27.5,25.5,23.4,21.1,83,73,94,67,105,176,165,208,217,143,93,74,8.4,8.9,8.3,8.2,8.6,8.0,8.3,8.4,8.3,8.2,7.9,8.1
Inagua,Bahamas,20.95,-73.68,,,24.2,24.2,24.9,25.8,26.9,28.1,28.8,28.7,28.3,27.5,26.1,24.9,50,37,34,41,83,29,21,50,85,119,72,37,8.7,8.5,9.0,8.7,7.9,7.6,8.3,8.6,9.0,8.7,8.7,8.7
Nassau,Bahamas,25.05,-77.467,,,21.4,21.5,22.3,23.6,25.4,27.1,27.9,28.0,27.5,26.1,24.2,22.4,47,49,54,69,105,219,160,236,163,163,80,50,8.5,8.4,8.8,8.6,8.5,8.1,8.3,8.3,8.0,7.7,7.5,8.0
Bahrain/Manama,Bahrain,26.27,50.65,,,17.1,18.1,21.2,25.4,30.1,32.6,34.1,34.2,32.5,29.3,24.5,19.2,15,16,14,10,1,0,0,0,0,0,4,11,5.9,6.3,6.9,7.7,8.1,7.6,7.5,7.5,7.9,7.6,6.6,6.1
Barishal,Bangladesh,22.7,90.37,,,18.8,21.6,26.2,28.4,28.9,28.6,28.2,28.2,28.4,27.6,24.2,19.9,8,27,56,128,230,409,408,370,258,162,53,15,13.7,13.3,12.0,9.7,8.3,6.1,5.4,5.4,6.2,7.9,10.8,13.2
Chittagong,Bangladesh,22.8,91.99,,,19.9,22.1,25.5,27.6,28.5,28.4,28.0,28.1,28.4,27.8,25.1,21.2,5,23,55,141,307,600,733,538,263,190,71,13,12.1,11.8,10.3,8.5,7.6,6.3,5.8,6.1,6.7,7.5,9.5,11.4
Dhaka,Bangladesh,23.71,90.41,,,19.0,21.8,26.4,28.7,28.7,29.2,28.8,29.0,28.9,27.7,24.4,20.4,7,25,63,154,341,337,373,316,314,175,34,15,12.7,12.6,12.1,10.2,8.4,6.1,5.2,5.3,5.9,7.8,10.4,12.1
Khulna,Bangladesh,22.81,89.25,,,19.1,21.9,26.8,29.3,29.7,29.4,28.9,28.9,28.9,28.1,24.8,20.3,12,40,57,85,192,335,349,336,269,136,33,8,13.3,13.0,12.6,10.8,9.0,6.7,5.8,5.5,6.2,7.9,10.3,12.6
Rajshahi,Bangladesh,24.364,88.624,,,17.8,20.4,25.5,29.5,29.6,29.6,29.1,29.1,28.9,27.4,23.6,19.2,11,17,24,63,137,257,327,268,297,113,17,12,13.5,14.6,15.5,13.5,10.7,7.7,6.1,6.3,6.6,8.5,11.4,13.2
Sylhet,Bangladesh,24.9,91.88,,,19.1,20.6,24.2,25.8,26.7,27.6,27.9,28.3,27.8,26.7,23.8,20.1,8,31,146,372,569,796,834,621,548,232,30,13,12.3,12.9,12.3,10.0,8.2,6.5,6.0,6.6,6.9,8.4,10.8,12.3
Minsk,Belarus,53.929,27.635,,,-7.0,-5.7,-1.2,6.4,13.0,16.2,17.4,16.7,12.2,6.6,0.9,-3.9,40,34,42,42,62,83,88,72,60,49,52,53,5.6,6.4,7.2,9.1,10.8,10.2,9.7,10.0,8.7,6.6,4.4,4.7
Brussels,Belgium,50.8,4.35,,,3.1,3.5,6.4,8.9,13.3,15.8,18.0,17.9,14.8,11.0,6.4,4.2,71,53,73,54,70,78,69,64,63,68,79,79,4.9,5.8,7.0,8.3,8.8,8.5,8.8,9.1,7.9,6.8,5.4,4.6
Kleine Brogel,Belgium,51.15,5.42,,,2.5,2.8,5.7,8.3,13.0,15.6,17.8,17.5,14.2,10.3,5.9,3.6,72,57,73,50,64,85,69,63,67,66,76,80,6.0,7.6,9.4,11.3,11.6,11.0,11.3,12.0,10.7,9.2,6.6,5.6
Ostend,Belgium,51.22,2.91,,,3.6,3.5,5.8,7.8,11.6,14.2,16.6,16.7,14.2,10.8,6.8,4.7,63,44,55,46,56,67,59,57,80,78,84,73,5.0,6.0,6.9,7.3,7.4,7.0,7.5,8.4,8.1,7.4,5.7,4.8
St. Hubert,Belgium,50.02,5.38,,,0.0,0.4,3.3,5.9,10.4,13.0,15.4,15.4,12.2,8.2,3.4,1.2,97,76,95,77,86,100,92,73,88,103,106,109,4.6,5.6,6.8,8.0,8.5,8.2,8.5,8.5,7.5,6.4,4.8,4.2
Virton,Belgium,49.57,5.53,,,1.8,2.4,5.5,8.0,12.5,15.4,17.5,17.2,13.7,9.7,4.9,2.8,101,79,87,62,79,78,77,64,78,93,95,119,5.2,7.2,9.1,11.0,11.4,11.1,11.7,12.1,10.9,8.5,6.0,5.0
Belize City,Belize,17.48,-88.18,,,23.6,24.2,25.6,26.9,28.0,28.0,27.7,27.8,27.4,26.4,25.2,24.2,138,73,59,52,105,258,244,187,286,255,183,176,8.1,8.2,7.7,7.6,7.6,6.6,6.8,7.1,7.1,7.5,7.8,7.6
Belmopan City,Belize,17.25,-88.78,,,22.9,23.4,24.9,26.4,27.9,27.4,26.9,26.9,27.0,26.1,24.6,23.4,128,64,44,44,85,306,276,225,255,215,200,178,10.3,11.6,12.7,12.8,12.5,9.7,9.7,10.1,9.7,9.5,9.2,9.3
Bohicon,Benin,7.203,2.057,,,27.9,29.2,30.1,29.2,28.1,26.8,26.1,26.4,27.1,27.7,27.9,27.1,6,26,75,113,139,153,170,117,154,121,24,13,20.9,20.9,20.3,21.1,17.2,16.0,14.3,14.8,14.8,16.6,17.7,21.4
Cotonou,Benin,6.35,2.38,,,32.1,34.0,33.2,33.5,31.5,30.9,28.7,28.4,29.1,33.1,31.0,31.7,13,31,70,132,206,343,126,44,129,154,36,18,6.9,9.1,7.5,7.9,5.0,4.8,4.6,4.0,5.1,11.8,5.7,6.6
Kandi,Benin,11.133,2.933,,,25.5,27.8,29.6,31.6,30.8,27.9,27.8,27.9,27.2,26.8,25.8,25.2,0,2,7,35,120,148,205,244,170,43,0,0,31.4,30.3,26.3,24.5,25.1,26.0,18.4,18.1,16.6,23.9,27.5,27.3
Kerou,Benin,10.825,2.11,,,23.0,24.5,24.5,28.5,29.0,27.2,26.2,29.2,26.0,26.5,24.5,23.5,0,4,8,33,114,130,215,260,211,81,4,0,36.0,35.0,35.0,30.0,28.0,24.5,19.5,23.5,19.0,23.0,30.0,36.0
Natitingou,Benin,10.383,1.367,,,26.6,29.0,29.7,31.9,29.5,27.2,26.6,26.8,25.9,26.5,26.8,26.9,2,3,19,80,126,150,193,274,239,91,12,0,26.4,26.0,25.0,25.7,21.0,17.9,16.9,16.3,16.2,21.8,24.5,24.7
Ouidah,Benin,6.367,2.1,,,27.5,26.0,26.8,25.0,25.8,26.9,28.4,25.2,26.2,26.5,28.9,29.8,9,36,49,118,177,293,101,45,104,120,32,8,30.0,22.0,21.5,20.0,17.5,13.7,19.2,11.5,12.5,14.0,21.2,19.5
Parakou,Benin,9.356,2.615,,,26.5,28.1,29.9,30.4,28.7,27.8,27.0,26.8,26.4,27.4,26.9,26.9,3,6,34,72,132,166,195,225,219,94,8,2,27.0,25.0,23.4,22.5,21.1,19.6,17.0,15.9,16.1,18.0,22.8,24.9
Save,Benin,8.017,2.483,,,27.5,29.8,30.0,30.0,29.3,27.5,26.8,26.7,28.3,29.2,27.2,26.0,8,17,56,112,122,151,154,148,173,114,11,4,24.7,21.9,21.4,22.0,19.8,16.3,15.7,15.0,18.6,20.6,21.4,25.5
Bhur,Bhutan,26.9,90.43,,,17.7,19.9,22.4,24.1,25.5,26.3,26.8,27.2,26.7,25.1,22.2,19.3,15,28,111,210,437,990,1316,1033,704,196,14,10,9.1,8.2,7.9,7.0,6.4,5.6,5.4,5.8,5.8,7.3,8.3,9.1
Bumthang,Bhutan,27.6,90.82,,,3.8,6.0,8.8,11.7,14.6,17.5,18.6,18.5,17.1,12.9,8.4,5.0,6,10,35,65,94,96,153,138,87,55,7,3,15.3,14.0,13.2,11.6,10.2,9.0,8.3,8.5,9.1,11.8,14.4,15.8
Mongar,Bhutan,27.25,91.2,,,11.2,13.2,16.2,18.5,20.3,22.1,22.4,22.7,21.7,19.0,15.4,12.5,6,11,38,78,92,133,192,160,109,73,3,4,10.7,11.5,11.3,10.7,10.1,9.0,8.6,9.2,9.1,10.7,10.9,10.5
Paro,Bhutan,27.43,89.42,,,5.7,7.4,10.6,13.5,16.4,19.3,19.9,19.7,18.5,14.6,10.4,7.5,8,13,21,29,58,71,120,111,82,47,1,3,14.2,13.6,13.2,12.7,11.3,10.3,8.9,9.2,9.2,11.8,13.0,14.0
Samtse,Bhutan,27.02,89.083,,,17.1,19.3,22.4,24.3,25.0,26.1,26.1,26.6,26.2,24.8,21.8,19.0,20,39,148,333,636,1051,1213,1065,670,209,21,14,8.4,8.4,8.4,7.8,7.2,5.7,4.9,5.3,6.0,7.6,8.3,8.6
Thimphu,Bhutan,27.44,89.68,,,6.5,8.6,11.7,15.1,18.1,21.0,21.7,21.7,20.3,16.2,11.4,7.8,6,9,20,29,48,92,147,121,72,42,1,4,17.1,16.3,15.4,14.6,13.2,11.5,10.7,11.1,11.5,14.4,16.5,17.2
Trashigang,Bhutan,27.28,91.52,,,9.1,11.0,14.0,16.6,18.7,20.7,21.1,21.1,20.3,17.4,13.7,10.7,10,20,51,106,119,189,244,204,123,75,5,5,12.0,12.4,12.7,12.2,11.1,9.6,8.9,9.5,10.0,11.8,12.3,12.3
Wangdi Phodrang,Bhutan,27.5,90.13,,,12.2,14.2,17.2,20.5,23.1,24.9,25.0,24.9,24.1,21.0,16.8,13.6,5,6,18,39,66,103,144,136,91,46,3,3,14.3,13.0,13.0,12.1,10.9,9.1,8.3,8.4,8.8,12.0,14.0,14.7
Banja Luka,Bosnia and Herzegovina,44.75,17.18,,,-0.4,2.2,6.3,10.9,15.5,18.7,20.4,20.1,16.7,11.5,6.2,1.3,69,63,79,87,98,111,95,93,82,74,91,86,8.3,9.1,11.3,12.5,13.0,12.6,13.5,13.6,13.2,11.7,9.2,7.8
Mostar,Bosnia and Herzegovina,43.33,17.8,,,6.0,7.5,11.0,14.7,19.3,23.6,26.0,26.9,21.5,16.6,11.3,7.0,142,125,119,123,93,71,56,58,137,151,189,181,6.6,8.2,9.6,10.8,11.6,12.4,12.0,13.2,11.4,9.8,7.6,6.2
Sarajevo,Bosnia and Herzegovina,43.87,18.43,,,0.6,2.3,6.5,10.8,15.2,19.0,21.0,21.3,16.4,11.9,6.7,1.3,68,67,67,78,89,88,75,63,89,91,85,89,7.0,8.5,10.1,11.4,12.4,12.8,13.6,14.0,12.1,10.8,7.8,6.0
Tuzla,Bosnia and Herzegovina,44.53,18.67,,,1.2,2.9,7.0,11.4,15.8,19.2,21.0,21.1,16.8,12.2,6.8,1.9,59,53,60,72,103,115,97,70,76,76,68,68,8.5,10.4,12.3,13.6,13.6,13.9,14.8,15.5,13.5,12.9,11.3,8.2
Francistown,Botswana,-21.17,27.52,,,24.9,24.1,23.6,20.9,17.3,14.3,14.0,17.0,21.4,24.1,24.8,24.8,116,88,52,22,8,2,1,1,8,34,78,88,11.9,12.0,12.9,14.9,17.6,18.7,18.8,19.0,17.5,14.9,13.5,12.4
Gaborone,Botswana,-24.628,25.923,,,25.9,25.4,23.8,20.6,16.9,13.6,13.7,16.6,21.1,23.6,24.7,25.5,114,89,66,32,11,4,0,3,19,44,80,89,13.1,12.2,12.8,14.4,17.1,17.9,18.2,18.1,17.1,14.8,13.6,13.5
Ghanzi,Botswana,-21.68,21.63,,,25.9,25.3,24.1,21.2,17.5,14.3,14.1,17.1,21.5,24.6,25.7,26.1,104,95,66,27,5,0,0,1,4,26,40,71,13.1,13.2,14.1,16.1,18.7,19.6,19.9,20.2,19.4,17.3,15.8,14.4
Kasane,Botswana,-17.82,25.15,,,25.2,24.9,25.0,23.4,20.6,18.1,17.9,20.8,24.6,26.9,26.7,25.5,134,134,70,23,2,0,0,0,2,20,63,127,11.2,11.4,12.3,14.3,16.1,16.3,16.7,17.2,16.9,15.2,12.8,11.7
Maun,Botswana,-19.98,23.42,,,26.0,25.9,25.3,23.3,19.7,16.7,16.6,19.6,24.0,26.8,26.9,26.4,109,97,67,24,5,1,0,0,3,16,47,79,12.4,12.5,13.2,14.8,17.4,18.0,18.1,18.5,17.5,15.4,14.2,13.0
Sir Seretse Khama Airport,Botswana,-24.7,25.92,,,25.8,25.1,23.9,20.8,16.6,13.6,13.3,16.4,20.6,23.8,24.6,25.3,86,102,64,33,17,7,0,1,7,41,70,79,12.8,12.4,12.9,14.3,17.2,17.9,18.6,18.3,17.3,15.3,13.9,13.0
Aracaju,Brazil,-10.9,-37.05,,,27.0,26.6,27.0,26.5,25.8,25.0,24.3,24.2,24.9,25.8,26.1,26.5,58,78,149,242,273,216,207,101,95,72,47,57,5.3,4.8,5.6,5.8,5.4,5.3,5.4,5.3,4.9,4.9,5.1,5.3
Belem,Brazil,-1.42,-48.48,,,26.5,26.4,26.4,26.3,27.0,26.9,26.7,26.9,26.9,26.9,27.1,26.9,366,418,436,360,304,140,152,131,141,116,112,216,8.8,8.3,8.0,9.0,8.7,9.6,10.0,10.4,10.4,10.6,10.4,9.9
Belo Horizonte,Brazil,-19.85,-43.95,,,23.5,23.9,23.7,22.4,20.5,19.2,18.9,20.4,21.7,22.6,22.9,22.9,296,188,164,61,28,14,16,14,40,123,228,319,9.4,9.8,9.8,10.2,11.0,11.6,11.5,12.1,11.0,10.2,9.3,8.9
Brasilia,Brazil,-15.78,-47.93,,,22.1,22.0,22.3,21.7,20.4,19.2,19.0,20.9,22.1,22.4,22.1,21.9,241,215,189,124,39,9,12,13,52,172,238,249,9.5,9.3,9.6,9.8,10.7,11.9,12.2,12.7,12.3,10.1,9.1,8.7
Campo Grande,Brazil,-20.48,-54.63,,,24.1,25.2,24.2,23.8,21.6,20.7,20.4,22.5,22.5,24.8,24.9,25.1,243,187,145,101,111,45,46,40,81,130,110,229,8.9,10.3,11.9,10.8,11.1,10.8,12.7,13.0,10.0,11.7,10.9,9.4
Cuiaba,Brazil,-15.6,-56.1,,,27.9,27.8,27.9,27.4,25.6,24.1,24.2,26.2,28.1,25.6,27.0,27.8,210,199,171,123,54,16,10,11,58,115,154,194,9.4,9.7,10.0,10.7,11.9,13.2,15.2,15.8,12.0,16.9,8.2,9.5
Curitiba,Brazil,-25.32,-49.4,,,20.7,21.1,20.1,17.6,15.7,13.1,13.8,15.0,16.1,17.6,19.2,20.4,165,142,127,90,99,98,89,74,115,134,124,150,9.8,9.5,9.5,9.5,10.9,10.5,11.3,11.7,10.5,10.1,10.5,10.0
Florianopolis,Brazil,-27.67,-48.55,,,24.7,25.1,24.1,21.9,19.3,17.1,16.9,17.4,18.1,19.9,21.7,23.5,176,198,186,97,97,75,95,92,127,126,129,146,6.6,6.6,6.8,7.1,7.4,7.5,7.1,6.7,6.1,6.0,6.2,6.3
Fortaleza,Brazil,-3.78,-38.58,,,27.6,26.6,26.8,26.5,26.2,25.9,25.6,25.9,26.3,27.5,27.5,27.6,130,216,339,348,226,160,91,31,23,16,13,50,5.8,6.9,5.9,6.3,5.7,7.5,7.7,6.5,5.8,6.0,6.3,6.1
Goiania,Brazil,-16.68,-49.25,,,24.4,24.5,24.8,24.2,22.6,21.2,21.0,23.1,25.0,25.2,24.6,24.3,270,213,210,121,36,10,6,13,48,171,220,259,9.5,9.7,10.6,11.5,13.1,15.0,15.7,16.2,13.8,11.5,10.1,9.2
Joao Pessoa,Brazil,-7.12,-34.87,,,27.3,26.6,25.6,26.4,25.9,25.1,23.6,24.8,23.6,26.3,26.4,26.5,81,138,238,313,308,382,290,202,41,58,45,37,9.0,7.9,8.8,6.9,7.4,6.5,6.5,6.1,9.4,6.0,6.5,7.0
Macapa,Brazil,0.03,-51.05,,,26.4,26.1,26.2,26.5,26.8,26.8,26.8,27.4,27.8,28.1,27.9,27.4,300,347,407,384,352,220,185,98,43,36,58,142,6.7,6.1,6.1,6.0,6.5,7.1,7.7,8.2,8.7,9.1,8.8,8.0
Maceio,Brazil,-9.65,-35.73,,,26.3,26.5,26.4,26.1,25.2,24.5,23.8,23.6,24.2,25.1,25.8,26.0,75,111,191,313,341,298,325,179,148,73,52,62,7.8,7.8,7.5,7.1,6.5,6.3,6.5,6.9,7.1,7.8,8.3,8.0
Manaus,Brazil,-3.12,-60.02,,,26.8,26.8,26.9,27.0,27.1,27.0,27.0,27.8,28.2,28.2,27.9,27.4,260,288,314,300,256,114,88,58,83,126,183,217,7.4,7.3,7.4,7.4,7.5,8.0,8.6,9.6,9.4,9.1,8.4,7.8
Porto Alegre,Brazil,-30.03,-51.22,,,25.4,25.5,23.8,20.8,17.6,15.0,15.2,15.9,17.4,19.7,21.9,23.9,100,109,104,86,95,133,122,140,140,114,104,101,9.7,9.3,9.0,8.9,9.1,8.7,9.0,8.9,8.7,9.4,9.7,10.1
Porto Velho,Brazil,-8.75,-63.9,,,26.0,26.2,25.1,26.4,25.8,24.8,25.0,25.9,26.8,27.0,26.7,26.4,347,296,313,206,118,39,23,202,86,185,207,332,8.6,8.8,6.7,8.9,9.6,11.1,13.3,13.9,11.9,10.5,9.4,8.7
Recife,Brazil,-8.08,-34.9,,,26.3,26.4,26.4,26.1,25.4,25.2,24.2,24.1,24.4,25.2,26.0,26.2,103,144,265,326,329,390,386,214,122,66,48,65,7.8,7.6,7.3,7.1,7.0,7.2,6.2,6.9,7.4,7.6,8.2,8.0
Rio Branco,Brazil,-10.0,-67.8,,,26.6,26.8,27.0,26.8,25.6,24.8,24.9,25.9,26.8,27.1,26.9,26.7,288,286,228,174,102,46,42,40,96,172,206,264,8.6,8.3,8.6,8.6,10.0,11.0,12.8,13.4,11.9,11.0,10.0,9.0
Rio De Janeiro,Brazil,-22.9,-43.18,,,26.4,26.9,26.4,24.9,23.4,21.9,21.9,22.2,22.1,23.1,24.4,25.5,114,105,103,137,86,80,56,50,87,88,96,169,6.1,6.7,6.1,5.9,6.0,6.5,6.9,6.7,5.8,5.8,6.0,6.2
Salvador,Brazil,-12.95,-38.5,,,26.8,26.9,27.1,25.8,25.4,24.3,23.8,23.9,24.5,25.3,25.9,26.1,111,121,145,322,325,251,204,136,112,122,118,132,6.2,6.1,5.9,5.7,4.7,4.4,4.8,5.1,5.4,5.6,6.0,5.8
Sao Luis,Brazil,-2.42,-44.08,,,26.1,26.2,26.2,26.4,26.6,26.6,26.4,26.9,27.2,27.4,27.7,27.0,256,382,422,473,320,170,138,32,20,11,10,92,7.7,6.3,6.4,6.5,7.0,7.5,7.6,7.7,7.5,7.5,7.4,8.2
Sao Paulo,Brazil,-23.52,-46.63,,,23.0,23.4,22.7,20.7,18.4,17.1,16.8,18.1,18.9,20.1,21.2,22.0,239,217,160,76,74,56,44,39,80,124,146,201,8.6,9.2,9.0,8.8,9.2,9.4,10.1,10.5,10.0,9.5,9.3,8.6
Teresina,Brazil,-5.1,-42.8,,,27.4,26.2,26.2,27.1,27.1,26.8,26.8,27.0,28.9,29.6,29.2,28.7,248,261,286,268,110,25,13,12,17,18,65,126,9.7,7.7,7.7,8.9,9.4,11.2,12.9,13.0,13.8,13.6,12.4,11.1
Vitoria,Brazil,-20.3,-40.3,,,27.0,27.6,27.2,25.9,24.4,23.1,22.4,22.9,23.1,24.1,24.9,26.0,143,82,111,89,81,65,78,55,78,127,170,195,7.8,7.9,7.7,7.1,7.1,7.2,7.1,7.4,6.7,6.5,6.6,7.2
Cayman Islands,British Caribbean Territories,19.3,-81.27,,,24.0,24.4,24.7,25.8,26.8,27.6,27.9,27.9,27.8,27.1,25.9,24.9,52,38,35,32,151,158,147,150,222,219,154,71,8.4,8.4,8.8,8.2,7.9,7.9,8.6,8.6,7.9,7.8,7.4,7.4
Bandar Seri Begawan,Brunei Darussalam,4.93,114.93,,,26.9,27.0,27.7,28.1,28.1,27.9,27.6,27.8,27.6,27.4,27.3,27.1,293,159,119,189,235,210,226,227,264,312,340,340,7.1,7.4,8.4,8.8,8.9,9.1,9.3,9.3,8.9,8.4,8.2,7.8
Sofia,Bulgaria,42.65,23.383,,,-1.4,1.0,5.1,10.2,14.7,17.8,19.9,19.7,16.5,11.2,5.4,0.7,28,31,38,51,73,75,63,51,38,35,48,40,7.1,7.8,9.5,10.9,11.3,11.4,12.1,12.6,12.2,10.9,8.4,6.8
Varna,Bulgaria,43.2,27.9,,,2.2,3.2,6.0,10.9,16.0,20.2,22.5,22.5,19.1,14.1,9.3,4.8,38,41,34,44,40,46,37,32,31,36,50,45,6.6,6.5,7.2,7.7,8.3,9.1,9.3,9.7,9.4,8.6,7.6,6.5
Bobo Dioulasso,Burkina Faso,11.17,-4.3,,,25.6,28.2,30.2,30.6,29.1,26.9,25.5,25.1,25.7,27.4,27.4,25.6,1,3,17,46,102,131,196,268,170,58,8,1,13.8,13.6,12.5,11.7,10.7,9.6,8.4,8.1,9.4,11.3,13.5,13.7
Boromo,Burkina Faso,11.73,-2.92,,,25.2,28.0,31.1,32.5,31.4,28.9,27.1,26.4,27.0,28.6,27.3,25.4,1,0,8,44,78,112,170,252,149,49,4,1,17.0,17.0,14.9,13.0,11.8,10.8,9.4,9.0,10.2,13.5,18.0,17.5
Dedougou,Burkina Faso,12.47,-3.48,,,25.5,28.2,31.2,33.2,32.1,29.4,27.5,26.4,27.2,29.1,28.4,25.8,0,2,5,12,76,94,170,218,122,40,2,0,15.7,15.7,14.3,13.0,12.0,10.7,9.5,8.9,10.6,13.9,16.3,15.9
Dori,Burkina Faso,14.03,-0.03,,,23.5,26.4,30.4,33.8,34.9,32.9,30.3,29.1,30.4,31.5,27.6,24.2,0,0,3,5,20,57,121,160,68,10,0,0,17.8,18.7,17.7,16.6,13.7,12.4,11.2,10.6,12.2,15.4,19.0,18.2
Fada Ngourma,Burkina Faso,12.07,0.35,,,25.4,28.1,31.3,32.9,31.4,28.9,27.0,26.2,26.9,28.6,27.5,25.6,0,0,11,28,86,111,179,205,134,39,0,1,16.3,16.5,15.0,13.5,11.7,10.6,9.2,8.6,10.1,13.8,17.5,16.6
Gaoua,Burkina Faso,10.33,-3.18,,,26.2,28.7,30.7,30.7,29.2,27.2,26.0,25.8,26.2,27.8,27.6,25.9,5,4,26,73,123,128,193,217,181,84,8,6,16.4,16.0,13.6,11.6,10.6,9.5,8.4,8.3,9.7,12.2,15.7,16.7
Ouagadougou Aero,Burkina Faso,12.35,-1.52,,,24.7,27.4,30.9,32.8,31.9,29.4,27.5,26.6,27.4,29.3,27.8,25.1,0,0,6,26,67,98,176,214,121,34,1,0,16.4,16.7,14.8,12.9,11.6,10.6,9.3,8.9,10.1,12.6,16.3,16.5
Ouahigouya,Burkina Faso,13.58,-2.43,,,24.5,27.2,30.8,33.5,33.5,31.2,28.7,27.6,28.5,30.3,28.2,25.1,0,0,1,9,33,79,153,183,104,27,1,0,15.4,16.1,15.1,14.0,12.5,11.5,10.2,9.5,10.8,13.8,16.1,15.5
Po,Burkina Faso,11.17,-1.15,,,26.2,28.6,31.3,32.1,30.2,28.0,26.4,25.8,26.4,28.0,27.9,26.1,0,1,14,42,94,126,180,242,155,51,3,4,15.0,15.3,13.8,12.4,11.1,10.5,9.0,8.4,9.7,12.4,15.4,15.4
Bujumbura,Burundi,-3.32,29.32,,,24.1,24.5,24.3,24.4,24.5,23.8,23.2,23.7,24.8,24.6,24.1,24.0,100,86,118,112,57,9,3,13,33,59,97,100,9.9,10.4,10.0,9.6,10.8,12.3,12.0,12.6,12.3,11.0,10.0,9.8
Gitega,Burundi,-3.42,29.92,,,19.5,19.6,18.6,19.6,19.2,18.4,18.2,19.2,19.9,19.9,19.2,19.1,158,147,164,169,76,6,4,9,52,100,149,145,11.4,11.8,9.5,10.6,11.2,13.6,15.4,15.2,14.4,13.0,11.3,11.3
Musasa,Burundi,-4.0,30.1,,,21.6,20.9,21.9,21.9,21.4,20.3,19.9,20.9,22.9,23.0,22.0,21.6,172,140,110,194,79,5,2,9,28,86,191,153,11.9,10.5,12.2,11.2,11.9,15.0,16.5,15.7,15.9,14.0,12.0,11.7
Muyinga,Burundi,-2.85,30.35,,,19.8,20.0,19.9,19.4,19.5,19.8,19.8,20.5,21.0,20.5,19.6,19.6,122,108,156,185,81,10,3,25,59,104,136,155,10.2,10.3,9.9,9.5,9.7,11.6,11.5,12.4,12.3,11.4,10.1,10.1
Ngozi,Burundi,-2.908,29.827,,,16.7,16.8,16.8,16.8,16.1,15.2,15.1,16.2,17.8,17.3,16.6,16.5,167,177,203,205,117,10,5,16,66,127,186,176,10.4,10.6,10.4,9.3,9.5,11.7,13.0,13.1,11.4,10.8,9.8,9.8
Nyanza Lac,Burundi,-4.3,29.6,,,23.6,23.9,23.9,24.0,24.1,23.5,23.0,23.5,24.6,24.2,23.6,23.4,160,119,161,163,104,9,3,8,19,105,181,192,8.9,9.3,8.9,9.2,10.3,11.7,13.2,13.2,12.9,10.1,8.7,8.5
Rwegura,Burundi,-2.92,29.52,,,16.1,16.3,15.9,15.9,15.4,15.2,15.2,16.0,16.5,16.1,15.9,16.1,155,150,207,238,100,26,5,37,27,259,197,234,8.8,9.2,8.2,7.9,7.9,8.5,8.9,9.4,9.6,9.3,8.5,9.0
Sal,Cabo Verde,16.73,-22.95,,,21.4,21.1,21.6,21.9,22.5,23.4,24.6,26.0,26.6,26.1,24.5,22.7,5,4,1,0,0,0,1,14,34,6,2,2,,,,,,,,,,,,
Bantey Mean Chey,Cambodia,13.609,102.963,,,26.2,27.2,29.2,30.6,30.9,28.8,28.6,28.1,28.1,28.0,26.9,25.1,6,13,56,79,249,264,270,305,427,328,104,10,10.5,11.5,13.0,10.5,10.2,9.1,10.4,8.1,8.8,9.8,9.1,10.2
Battambang,Cambodia,13.09,103.214,,,25.9,27.2,29.6,30.2,29.9,29.2,28.7,28.6,28.6,28.1,27.2,25.3,14,34,78,141,265,246,274,362,406,431,164,12,11.5,11.7,11.3,10.5,9.6,8.8,7.8,8.5,8.6,8.6,9.3,10.4
Kampot,Cambodia,10.613,104.186,,,26.2,26.9,27.6,28.6,29.1,28.6,28.1,27.4,27.4,27.1,26.4,25.6,24,21,83,124,196,201,247,381,220,243,128,28,9.6,9.5,8.5,8.8,8.9,8.2,7.9,6.6,7.0,7.1,8.5,8.7
Kandal,Cambodia,11.351,104.99,,,26.8,27.2,28.2,29.1,29.4,28.6,28.8,28.4,27.8,27.4,26.6,26.2,23,5,62,76,134,139,150,166,228,265,118,79,9.5,9.0,8.7,9.7,10.2,9.2,8.5,9.0,8.4,8.0,8.9,8.6
Kep,Cambodia,10.541,104.319,,,26.6,27.6,28.1,28.6,29.1,28.7,28.0,27.7,27.9,27.6,27.4,26.6,19,20,77,89,108,136,198,298,201,106,92,26,10.0,9.5,9.0,9.0,8.8,8.4,8.0,8.0,7.9,7.8,7.9,8.6
Koh Kong,Cambodia,11.608,102.988,,,26.6,27.0,27.6,28.3,29.1,28.4,27.8,27.4,27.2,27.0,26.4,26.2,34,87,103,270,480,562,567,592,490,320,104,58,9.5,9.4,8.9,9.9,9.1,8.9,8.7,8.5,8.6,8.6,8.9,8.5
Kompong Cham,Cambodia,11.993,105.464,,,27.2,28.6,30.2,30.9,30.4,29.8,29.1,28.8,28.4,28.1,27.0,26.4,14,7,48,95,178,198,168,175,255,250,88,19,7.8,8.5,8.6,8.1,7.4,6.9,6.3,5.7,5.2,5.4,4.7,7.0
Kompong Chhnang,Cambodia,12.258,104.673,,,25.8,26.4,27.1,27.9,28.1,28.1,27.8,27.4,26.9,26.6,26.6,25.6,20,28,50,98,156,219,228,282,304,282,126,0,11.6,11.1,11.4,12.3,12.3,11.6,11.8,10.1,8.9,8.6,9.1,8.9
Kompong Spoeu,Cambodia,11.465,104.507,,,26.8,27.6,28.5,29.4,29.2,29.1,29.1,28.6,27.9,28.0,27.8,26.8,32,13,53,95,126,122,118,146,236,212,115,23,10.3,10.2,10.3,10.8,11.4,10.2,9.1,9.5,8.3,8.8,8.0,8.7
Kompong Thom,Cambodia,12.685,104.897,,,25.9,26.5,28.4,28.4,29.1,28.2,27.5,27.0,27.8,27.3,26.5,25.4,2,4,44,97,170,207,164,203,306,253,99,14,11.6,12.2,11.7,10.6,11.0,10.9,10.8,8.8,9.3,8.8,9.6,10.0
Kraties,Cambodia,12.476,106.021,,,26.6,27.0,28.6,29.0,29.0,28.7,28.2,28.2,27.8,28.3,26.9,26.4,6,26,65,91,222,254,224,276,294,202,74,10,11.9,13.4,13.9,12.0,10.7,9.6,9.1,9.6,8.2,9.0,9.8,10.3
Mondulkiri,Cambodia,12.465,107.179,,,22.9,24.0,24.8,25.4,25.9,25.2,25.1,25.0,24.6,24.4,23.9,22.7,3,27,65,85,104,217,277,316,294,267,92,19,11.9,11.4,11.4,10.1,10.0,9.9,9.8,10.3,10.7,10.9,11.1,10.4
Oddar Mean Chey,Cambodia,14.187,103.514,,,25.9,26.8,27.8,28.2,29.4,28.6,28.8,28.5,27.9,27.5,26.3,25.0,5,19,56,127,86,196,276,301,276,197,86,9,11.0,10.2,11.7,11.6,10.2,9.2,10.4,10.2,10.1,11.7,11.6,10.0
Pailin,Cambodia,12.856,102.612,,,26.0,26.6,27.9,28.2,28.9,29.1,29.0,28.5,27.6,26.6,25.9,25.1,12,32,86,139,199,202,245,292,342,296,176,11,10.0,9.4,9.9,10.3,9.3,9.2,9.2,9.6,10.6,10.1,8.9,9.5
Phnom Penh - Pochentong,Cambodia,11.55,104.92,,,26.4,27.6,29.4,30.1,29.8,29.2,28.5,28.6,27.9,27.4,26.6,25.8,20,3,63,54,117,138,149,153,253,242,94,29,9.7,10.2,10.3,9.5,8.9,7.8,7.7,7.2,7.6,6.9,7.6,8.8
Preah Sihanouk,Cambodia,10.627,103.512,,,26.4,27.0,27.2,28.4,28.7,27.5,27.1,27.1,26.8,26.9,26.6,26.1,27,31,76,145,293,509,562,617,487,310,118,41,9.3,8.7,7.5,7.9,7.8,7.3,7.3,6.8,7.0,7.5,8.0,8.5
Preah Vihear,Cambodia,13.804,104.981,,,24.9,25.6,27.2,27.9,28.7,28.1,27.9,27.5,27.4,26.8,26.1,24.9,5,20,67,92,186,205,192,256,204,197,69,12,13.9,12.7,12.7,13.0,12.1,11.5,11.7,10.8,10.1,10.5,11.6,12.9
Prey Veng,Cambodia,11.489,105.332,,,26.9,27.4,28.5,29.7,29.5,29.3,28.9,28.9,28.6,28.2,27.7,27.4,27,8,59,73,117,165,154,149,208,272,126,39,10.1,10.9,11.0,10.1,9.5,8.9,8.7,7.7,7.6,7.6,7.4,9.6
Pursat,Cambodia,12.544,103.912,,,26.1,26.6,27.1,28.4,28.9,28.9,28.5,27.9,27.6,27.1,27.0,25.9,13,11,50,84,176,161,144,195,246,265,120,17,10.5,9.9,10.5,11.4,11.0,8.7,8.8,8.1,8.0,8.5,8.7,9.9
Rattanakiri,Cambodia,13.761,106.988,,,25.8,27.7,29.0,30.2,29.4,28.3,27.8,27.5,27.4,27.9,27.4,25.4,7,56,70,76,104,251,276,302,277,214,87,10,13.9,14.2,13.2,12.7,11.7,9.2,9.7,9.6,9.9,11.8,11.7,14.1
Siem Reap,Cambodia,13.37,103.85,,,25.4,26.8,28.6,29.3,29.9,28.9,28.2,28.3,28.2,26.9,27.0,25.5,4,4,41,48,143,195,170,170,305,227,62,7,10.9,11.0,12.0,10.9,10.7,7.6,9.1,7.0,7.3,8.9,9.3,10.4
Stung Treng,Cambodia,13.565,105.942,,,26.5,27.3,29.6,29.1,28.1,27.8,27.7,27.4,27.1,26.9,26.6,26.4,2,15,44,132,229,224,300,330,333,220,75,20,11.3,12.2,11.9,10.5,8.2,8.2,7.6,7.9,8.9,9.9,9.9,10.9
Svay Rieng,Cambodia,11.083,105.801,,,26.9,27.9,28.8,29.4,29.9,29.1,28.8,28.7,28.6,27.6,27.6,27.1,20,13,44,127,158,202,232,192,327,348,139,44,10.5,10.1,10.8,9.0,9.9,8.8,8.4,8.4,9.1,8.8,8.5,10.4
Takeo,Cambodia,10.977,104.79,,,26.4,27.1,28.4,29.4,29.8,28.8,28.5,28.2,27.9,27.4,26.7,26.3,2,10,47,86,106,128,121,139,242,238,120,15,9.9,9.0,9.1,10.4,10.3,9.8,10.2,9.2,8.1,8.5,8.6,9.0
Tboung Khmoum,Cambodia,11.902,105.801,,,26.4,27.6,28.5,28.9,29.2,23.1,28.4,27.9,27.4,26.8,26.6,25.8,11,12,54,94,107,125,190,367,270,265,92,19,,,,,,,,,,,,
Bertoua,Cameroon,4.567,13.683,,,22.1,24.9,25.5,25.2,24.6,23.8,23.1,23.3,23.7,23.9,23.9,23.1,15,27,96,138,160,150,111,151,218,266,91,22,16.0,13.6,12.2,10.8,10.3,9.0,8.2,8.2,9.2,9.9,11.4,12.5
Douala,Cameroon,4.017,9.733,,,25.9,28.1,27.8,27.6,27.2,26.1,25.1,25.1,25.6,26.1,26.9,27.2,38,52,156,243,279,384,620,703,549,383,138,28,11.5,8.4,8.6,8.5,8.0,6.5,5.0,4.5,5.9,7.0,7.4,8.1
Ebolowa,Cameroon,2.9,11.167,,,25.8,25.2,25.0,24.9,24.6,23.9,23.1,23.1,23.4,23.8,24.2,24.4,31,62,158,206,198,142,61,116,215,293,167,37,7.0,9.8,9.6,9.1,8.6,7.6,6.9,6.9,8.3,8.0,8.2,8.3
Garoua,Cameroon,9.333,13.383,,,29.1,28.9,32.2,33.0,30.7,28.2,26.6,26.4,26.7,28.2,27.6,26.0,0,0,2,41,110,151,185,234,200,69,2,0,10.6,16.8,15.1,13.1,11.6,10.0,8.9,8.7,9.6,12.0,16.8,17.5
Kribi,Cameroon,2.95,9.917,,,25.4,27.7,27.6,27.4,27.0,26.1,25.3,25.1,25.5,25.9,26.6,27.1,65,64,177,241,293,286,266,362,496,438,159,58,11.1,7.6,7.8,7.9,7.3,6.3,6.0,5.5,5.7,6.3,7.0,7.0
Maroua,Cameroon,10.583,14.317,,,25.0,22.3,30.8,32.8,31.3,28.9,26.8,26.0,26.7,28.0,27.1,25.0,0,0,1,14,52,103,175,236,121,28,0,0,13.7,5.2,14.9,14.4,12.9,11.5,9.7,9.0,10.6,13.5,15.0,15.2
Ngaoundere,Cameroon,7.317,13.583,,,22.4,22.2,24.1,25.1,24.1,22.1,20.6,21.5,21.7,22.1,21.6,20.4,0,3,21,157,214,203,239,268,215,127,8,1,15.4,18.8,16.0,10.9,9.5,10.5,7.8,9.4,10.6,12.7,16.0,19.3
Yaounde,Cameroon,3.833,11.517,,,23.8,25.3,26.6,24.8,24.4,23.4,23.6,22.6,23.4,23.2,23.7,23.7,15,28,119,176,201,167,96,134,236,285,100,25,11.1,10.6,13.5,9.4,8.6,8.2,9.3,7.3,7.6,8.7,9.0,9.2
"Banff, Alberta",Canada,51.18,-115.57,,,-9.3,-6.0,-1.4,3.5,8.1,11.9,14.6,14.1,9.5,4.4,-4.1,-9.2,28,22,23,32,60,62,54,60,42,29,27,33,9.5,11.2,11.8,12.0,12.8,13.1,14.5,14.4,13.6,11.4,8.6,8.2
"Calgary, Alberta",Canada,51.12,-114.02,,,-8.9,-6.0,-1.9,4.6,9.8,13.8,16.1,15.6,10.8,5.3,-3.1,-7.4,12,9,17,24,60,80,68,59,46,14,12,12,12.3,11.9,11.8,13.4,13.3,12.9,13.5,13.9,13.6,13.5,11.7,12.1
"Charlottetown, Prince Edward Island",Canada,46.28,-63.13,,,-7.9,-7.8,-3.1,2.7,9.1,14.6,18.5,18.1,13.6,7.8,2.3,-4.1,106,86,92,88,98,93,86,87,95,109,111,123,9.3,9.1,8.0,8.1,10.1,10.0,9.4,9.1,8.9,8.0,6.8,8.0
"Cranbrook, British Columbia",Canada,49.62,-115.78,,,-7.5,-3.5,1.6,6.5,11.1,14.9,18.2,17.8,12.4,5.7,-1.6,-7.0,30,21,21,27,43,53,38,32,28,18,38,34,8.6,9.9,10.9,12.6,13.1,13.4,14.7,15.2,14.5,12.0,7.8,7.7
"Edmonton, Alberta",Canada,53.3,-113.58,,,-13.6,-10.5,-4.5,4.2,10.4,14.1,15.8,15.0,10.1,4.2,-5.7,-11.3,23,13,16,26,50,87,95,70,47,20,18,17,11.1,11.6,10.9,12.9,14.0,12.8,12.7,13.4,13.6,13.3,10.6,10.8
"Fredericton, New Brunswick",Canada,45.87,-66.53,,,-9.8,-8.2,-2.4,4.3,11.1,16.2,19.3,18.4,13.1,7.0,1.0,-6.2,110,79,103,87,96,89,87,90,94,98,103,108,11.5,11.8,10.8,10.8,12.8,13.2,12.6,12.6,12.8,11.6,9.1,10.3
"Goose Bay, Newfoundland",Canada,53.32,-60.42,,,-18.1,-16.2,-9.6,-1.6,5.1,11.0,15.3,14.4,9.2,2.4,-4.5,-13.9,65,55,70,65,66,96,114,99,95,80,76,69,10.4,11.3,11.7,9.9,10.8,11.6,11.2,10.9,9.4,7.7,7.3,8.9
"Grande Prairie, Alberta",Canada,55.18,-118.88,,,-15.0,-11.5,-4.9,4.0,10.3,14.1,15.9,14.8,10.0,3.9,-6.6,-12.5,31,18,16,17,37,76,70,62,43,24,26,26,11.0,11.3,11.0,12.1,13.2,12.2,12.5,13.1,12.7,11.3,9.6,10.7
"Halifax, Nova Scotia",Canada,44.88,-63.52,,,-5.9,-5.6,-1.4,4.0,9.8,14.9,18.6,18.4,14.1,8.2,3.1,-2.8,149,114,134,118,110,98,102,93,104,129,146,155,9.5,9.1,8.8,8.9,10.5,10.7,10.1,9.8,9.5,8.9,7.6,8.5
"Inuvik, Northwest Territories",Canada,68.3,-133.48,,,-27.5,-26.9,-23.1,-12.8,0.1,11.3,14.2,11.0,3.7,-8.2,-21.0,-25.7,14,12,11,10,17,22,33,40,28,28,18,16,8.7,9.7,11.3,11.3,9.7,12.0,11.3,10.2,8.2,6.8,8.3,8.8
"Iqaluit, Nunavut",Canada,63.75,-68.53,,,-26.6,-28.0,-23.7,-14.8,-4.3,3.5,7.7,6.8,2.1,-4.8,-12.8,-22.7,21,15,22,28,27,35,59,66,55,37,29,18,8.1,8.4,9.8,9.7,6.9,6.5,7.9,7.0,5.1,5.7,7.8,8.4
"Kamloops, British Columbia",Canada,50.7,-120.45,,,-4.2,-0.4,4.8,9.7,14.4,18.1,21.0,20.5,15.2,8.4,1.8,-3.0,23,14,12,15,24,35,30,29,28,16,24,29,6.8,8.0,11.4,13.6,13.8,13.5,14.6,14.6,13.5,10.5,6.9,6.2
"Lethbridge, Alberta",Canada,49.63,-112.8,,,-7.8,-4.6,-0.2,6.0,11.2,15.4,18.0,17.7,12.6,7.0,-1.5,-6.1,18,12,24,31,54,63,48,46,40,19,17,17,12.0,12.2,12.5,13.8,14.0,13.7,15.0,15.4,15.0,14.0,11.5,11.8
"Medicine Hat, Alberta",Canada,50.02,-110.72,,,-10.2,-6.2,-0.3,6.8,12.4,16.9,19.4,19.1,13.1,7.0,-2.2,-7.9,14,9,18,25,46,63,41,33,36,18,16,15,11.4,11.4,12.2,13.8,13.9,13.9,14.9,15.4,15.0,14.1,11.6,11.4
"Montreal, Quebec",Canada,45.47,-73.75,,,-12.0,-9.8,-3.4,5.3,12.5,17.0,19.6,18.3,13.2,6.9,0.4,-8.2,99,62,71,87,80,100,97,97,94,89,100,87,10.0,10.4,9.8,10.8,12.6,12.2,11.9,11.8,11.7,10.4,8.1,9.1
"Ottawa, Ontario",Canada,45.322,-75.669,,,-10.7,-8.7,-2.4,5.7,13.4,18.2,20.9,19.5,14.3,7.8,1.0,-7.0,70,59,74,72,79,85,91,87,85,79,80,82,9.2,9.2,9.3,10.2,11.4,11.1,11.1,10.8,10.4,9.5,7.6,8.1
"Prince George, British Columbia",Canada,53.88,-122.68,,,-9.6,-5.4,-0.2,5.2,9.8,13.2,15.5,14.8,10.1,4.5,-2.9,-7.8,52,31,33,32,51,73,64,51,52,58,52,52,8.1,9.2,10.5,12.5,13.3,12.5,13.3,13.8,12.6,9.9,6.9,7.7
"Prince Rupert, British Columbia",Canada,54.3,-130.43,,,1.2,2.5,3.9,6.0,8.7,11.1,13.1,13.5,11.2,7.9,4.0,2.1,257,204,192,179,140,124,114,155,244,379,304,302,6.7,6.9,7.1,7.8,7.3,6.2,6.0,6.4,7.3,6.4,6.2,5.9
"Quebec, Quebec",Canada,46.8,-71.38,,,-12.8,-11.1,-4.7,3.2,11.2,16.4,19.2,17.9,12.4,6.2,-0.7,-9.1,90,71,90,81,106,114,128,117,126,102,102,104,9.7,9.9,9.5,9.1,11.8,11.6,11.6,11.0,10.5,9.0,7.2,8.6
"Red Deer, Alberta",Canada,52.18,-113.9,,,-13.2,-9.9,-4.1,4.2,9.8,13.6,15.6,14.8,9.9,4.1,-5.4,-11.1,19,11,17,23,56,92,93,70,50,20,16,17,11.9,12.5,12.0,13.5,14.1,13.1,13.5,14.1,14.5,14.6,11.6,11.8
"Regina, Saskatchewan",Canada,50.43,-104.67,,,-16.1,-11.9,-5.0,4.5,11.7,16.4,18.8,18.0,11.6,4.8,-5.4,-13.2,15,12,19,24,53,75,64,43,33,22,13,16,10.9,10.4,10.6,12.9,14.2,13.6,13.9,14.6,14.1,13.5,10.5,10.7
"Saint John NB, New Brunswick",Canada,45.33,-65.88,,,-8.2,-7.3,-2.5,3.6,9.4,13.9,17.0,16.9,12.7,7.3,1.9,-4.7,139,94,118,104,118,101,102,90,117,125,134,149,10.9,10.8,9.6,9.5,10.8,11.1,10.7,10.6,10.0,9.2,8.1,10.0
"Saskatoon, Saskatchewan",Canada,52.17,-106.68,,,-17.1,-13.0,-5.8,4.3,11.4,16.0,18.1,17.3,11.2,4.5,-6.2,-14.3,15,10,15,24,49,61,60,39,31,17,13,16,10.5,10.4,10.2,12.5,13.9,13.2,13.5,14.2,13.6,12.7,9.4,10.2
"St Johns, Newfoundland",Canada,47.62,-52.73,,,-4.8,-5.4,-2.5,1.6,6.1,10.9,15.4,15.5,11.8,6.9,2.6,-2.1,150,125,131,122,101,102,89,108,131,162,144,149,7.7,7.8,7.4,7.2,9.2,10.0,9.8,8.8,8.2,7.2,6.6,6.7
"Sudbury, Ontario",Canada,46.62,-80.8,,,-13.5,-11.4,-5.2,3.1,11.2,16.2,19.1,17.7,12.2,5.8,-1.5,-9.5,69,51,66,65,78,78,77,90,101,82,76,67,10.2,10.5,10.3,10.7,11.9,11.6,11.5,10.8,10.1,8.5,7.1,8.8
"Sydney, Nova Scotia",Canada,46.17,-60.05,,,-5.7,-6.5,-2.7,2.1,7.8,13.2,17.6,17.6,13.4,8.0,3.3,-2.1,152,132,139,130,103,93,87,93,113,146,150,168,8.7,9.2,8.4,8.0,10.3,11.3,10.7,10.1,9.8,8.4,7.0,7.4
"Thunder Bay, Ontario",Canada,48.37,-89.32,,,-14.9,-12.0,-5.4,2.9,9.4,14.0,17.6,16.6,11.0,5.0,-3.0,-11.6,31,25,42,42,66,86,89,88,88,63,56,38,12.5,12.8,11.5,12.3,13.9,13.3,13.2,13.0,12.2,10.9,9.4,10.9
"Toronto, Ontario",Canada,43.67,-79.63,,,-4.2,-3.2,1.3,7.6,14.2,19.1,22.1,21.3,16.9,10.6,4.8,-1.0,61,50,66,70,73,72,68,80,83,65,76,71,6.2,6.1,6.6,7.5,8.6,8.7,8.5,8.0,7.5,6.5,5.2,5.5
"Vancouver, British Columbia",Canada,49.18,-123.17,,,3.3,4.8,6.6,9.2,12.4,15.2,17.4,17.6,14.6,10.1,6.0,3.5,154,123,114,84,68,55,40,39,54,113,181,176,5.6,6.5,7.0,7.8,8.1,8.0,8.5,8.5,8.2,6.9,5.9,5.4
"Victoria, British Columbia",Canada,48.65,-123.43,,,3.8,4.9,6.4,8.8,11.8,14.3,16.4,16.4,13.9,9.8,6.1,4.0,137,108,78,44,36,32,20,24,30,76,147,151,6.2,7.0,8.2,9.3,9.7,10.0,11.1,11.2,11.0,8.9,6.8,5.9
"Whitehorse, Yukon Territories",Canada,60.72,-135.07,,,-17.6,-13.6,-6.6,0.9,6.9,11.8,14.1,12.4,7.1,0.6,-9.4,-14.9,17,11,10,7,15,30,41,39,34,24,19,18,8.7,10.1,11.5,11.0,12.4,13.4,12.8,12.2,10.2,7.4,7.2,8.5
"Windsor, Ontario",Canada,42.27,-82.97,,,-4.5,-3.2,2.0,8.2,14.9,20.0,22.6,21.6,17.4,10.9,4.6,-1.4,58,57,75,85,81,90,82,80,96,65,76,75,7.2,7.6,8.8,10.4,11.2,10.7,10.5,10.0,10.2,9.4,7.4,6.7
"Winnipeg, Manitoba",Canada,49.9,-97.23,,,-17.8,-13.6,-6.0,4.0,12.0,17.0,19.6,18.4,12.3,5.2,-5.2,-14.4,20,15,22,32,59,90,71,75,52,36,25,18,10.1,10.2,9.9,12.7,14.4,12.6,12.5,13.1,12.6,11.1,8.7,9.4
"Yellowknife, Northwest Territories",Canada,62.47,-114.45,,,-26.8,-23.4,-17.2,-5.3,5.5,13.4,16.8,14.2,7.1,-1.7,-13.8,-23.7,14,13,13,11,19,27,35,41,33,35,24,16,8.2,9.5,12.1,11.4,10.1,9.5,8.7,7.9,6.5,5.4,7.8,8.0
Abeche,Chad,13.83,20.82,,,24.8,27.0,30.2,32.7,32.9,31.6,29.2,27.1,28.1,29.9,28.2,25.9,0,0,0,3,12,35,98,166,53,5,0,0,17.4,17.4,16.1,15.1,14.3,13.6,11.1,9.7,11.7,14.7,15.1,16.2
Bol,Chad,13.47,14.7,,,22.1,24.3,27.5,31.4,31.8,31.2,29.2,27.3,29.2,29.1,23.8,21.4,0,0,0,0,8,20,70,121,38,4,0,0,18.3,16.8,15.6,16.1,14.4,12.7,10.3,8.4,12.1,15.3,13.3,14.9
Faya-Largeau,Chad,17.97,19.15,,,20.0,22.2,26.0,30.8,33.0,34.1,33.4,33.1,32.8,29.5,24.5,21.0,0,0,0,0,0,0,3,7,1,0,0,0,12.8,14.4,15.2,16.7,16.0,16.0,15.2,14.2,13.9,14.0,13.2,13.2
Mongo,Chad,12.18,18.68,,,25.4,28.1,31.8,32.8,32.5,29.8,27.3,25.6,26.9,28.1,26.6,24.5,0,0,2,12,34,89,172,241,103,28,1,0,15.5,15.0,14.5,11.9,12.2,10.5,9.2,7.9,10.1,12.6,13.9,13.4
Moundou,Chad,8.55,16.08,,,24.6,27.5,30.6,31.1,29.6,27.2,25.7,25.4,25.8,27.1,26.2,24.4,0,0,5,39,90,148,258,285,200,57,2,0,19.0,18.4,16.1,13.8,12.2,10.2,9.0,8.8,9.9,12.1,17.7,19.6
Concepcion,Chile,-36.778,-73.062,,,16.9,16.6,15.4,13.2,11.4,10.1,9.5,10.0,10.8,12.3,14.0,15.8,16,15,25,72,183,231,198,154,84,57,33,21,11.9,11.9,11.2,10.2,7.9,7.1,7.4,8.0,9.4,9.8,10.6,11.3
Coyhaique,Chile,-45.594,-72.109,,,14.0,14.2,12.0,8.9,5.7,3.0,2.5,4.5,6.8,9.0,10.9,12.8,57,44,71,95,114,142,111,104,65,74,57,60,10.2,11.3,10.2,8.5,6.7,5.5,6.1,7.3,9.0,9.6,9.8,10.1
La Serena,Chile,-29.918,-71.201,,,17.7,17.7,16.8,14.7,13.2,11.9,11.6,11.9,12.6,13.6,14.8,16.3,0,0,1,1,11,21,32,15,3,2,0,0,7.4,7.4,7.1,7.4,7.3,7.7,7.9,7.5,7.5,7.6,7.3,7.4
Puerto Montt,Chile,-41.42,-73.08,,,14.6,14.3,13.0,10.8,9.1,7.4,6.8,7.4,8.6,10.1,11.6,13.4,87,70,101,148,196,220,175,168,125,128,103,92,10.5,10.7,9.7,8.4,6.9,6.2,6.7,7.5,8.7,9.0,9.5,9.9
Punta Arenas,Chile,-53.0,-70.85,,,11.1,10.6,9.0,6.8,4.1,1.7,1.6,2.8,4.8,6.8,8.7,10.1,42,31,42,45,41,29,30,32,27,29,28,32,8.3,8.1,7.6,6.5,5.2,4.8,5.0,5.6,7.0,8.1,8.3,8.4
Santiago,Chile,-33.445,-70.683,,,21.7,21.1,19.4,15.9,12.4,10.3,9.6,11.1,13.1,15.8,18.2,20.5,1,1,6,16,56,83,76,55,27,13,6,2,16.8,16.7,16.0,14.5,12.1,10.7,11.4,12.0,12.6,14.3,15.8,16.6
Anshan,China,41.1,123.03,,,-8.3,-4.8,2.3,11.4,17.9,22.6,25.2,24.2,18.8,11.4,2.3,-5.1,7,7,15,34,62,78,181,167,83,43,22,10,9.1,9.3,9.4,10.6,10.5,9.4,8.0,8.4,10.0,10.0,8.8,8.8
Baoji,China,34.33,107.42,,,0.8,3.4,8.2,14.7,19.6,23.9,26.0,24.8,22.5,14.0,7.5,2.2,6,11,25,52,63,76,111,115,110,64,20,5,8.6,8.7,9.3,10.8,11.3,11.5,9.8,9.2,14.4,8.8,8.9,8.9
Baotou,China,40.52,110.13,,,-10.4,-6.1,1.0,9.4,16.3,21.1,23.4,21.2,15.4,8.1,-1.0,-8.3,2,4,8,8,17,28,81,88,39,17,4,1,12.7,13.1,13.2,14.9,15.2,14.3,12.5,11.8,13.4,13.5,12.4,12.0
Beijing,China,39.933,116.283,,,-3.9,-1.5,5.4,13.5,19.8,24.2,26.2,24.9,20.0,13.2,4.8,-1.8,3,6,9,26,29,71,176,182,49,19,6,2,11.0,10.9,11.9,12.7,13.2,12.1,9.2,9.1,11.6,11.7,10.5,10.2
Changchun,China,43.9,125.22,,,-15.4,-11.7,-2.6,7.5,15.3,20.5,23.1,21.6,15.3,7.2,-3.4,-11.9,3,5,11,24,42,85,185,127,52,30,10,4,10.6,11.3,11.6,12.7,13.0,11.2,8.9,9.4,11.7,11.5,9.9,10.0
Changsha,China,28.2,112.98,,,5.3,6.7,11.3,17.4,22.5,26.1,29.5,29.4,24.6,19.0,13.1,7.3,61,92,139,208,192,203,107,105,63,86,75,46,7.2,6.5,7.1,7.4,7.7,7.5,8.5,8.5,8.0,8.2,7.9,7.5
Chengdu,China,30.67,104.02,,,6.0,7.7,12.1,17.1,21.6,24.0,25.8,25.6,21.8,17.6,12.4,7.5,7,10,21,47,87,103,231,224,132,39,17,5,7.1,6.9,8.1,8.9,8.8,7.6,7.6,8.1,6.7,6.1,6.4,6.6
Chongqing,China,29.52,106.48,,,7.5,9.2,13.9,18.6,22.4,24.8,28.4,28.6,23.4,18.8,13.6,9.1,20,21,37,102,159,166,171,138,149,96,53,26,3.9,4.7,5.9,7.1,6.9,6.6,7.7,8.3,6.1,5.1,4.2,3.7
Dali,China,25.7,100.18,,,9.0,10.3,13.2,16.0,18.9,20.7,20.5,20.1,18.9,16.4,12.5,9.3,20,28,42,25,62,164,186,209,168,96,41,11,13.6,12.8,13.0,13.0,11.7,8.6,7.7,8.5,8.9,9.6,11.3,13.0
Dalian,China,38.9,121.63,,,-4.3,-2.8,3.0,9.9,16.0,20.1,23.4,24.2,20.2,13.9,6.1,-0.8,9,8,13,34,43,84,173,148,62,28,20,10,6.8,6.6,7.0,7.8,8.0,6.8,5.4,5.6,6.7,7.1,7.0,6.9
Datong,China,40.1,113.33,,,-10.0,-6.2,0.6,9.0,15.8,20.3,22.2,20.6,15.1,8.3,-0.5,-7.8,2,3,10,18,30,49,101,83,51,18,8,2,13.3,13.6,13.4,15.0,15.0,13.8,11.9,11.5,13.2,13.4,12.6,12.5
Fuzhou,China,26.08,119.28,,,11.3,11.4,14.2,18.9,22.9,26.2,29.6,29.1,26.6,22.6,18.2,13.6,49,74,131,164,197,211,92,169,147,45,39,29,7.3,6.9,7.7,8.2,7.4,7.3,8.7,8.3,7.4,7.2,7.2,7.8
Golmud,China,36.42,94.9,,,-8.4,-4.4,1.6,7.1,12.3,15.9,18.1,17.6,13.0,5.8,-1.8,-7.1,1,0,1,1,4,8,14,8,3,1,1,1,14.0,14.6,15.7,14.8,14.1,13.2,13.1,13.3,13.7,14.2,14.3,13.8
Guangzhou,China,23.13,113.32,,,14.1,14.8,18.2,22.3,26.0,27.9,29.0,28.9,27.6,24.6,20.0,15.8,43,65,85,182,284,258,228,221,172,79,42,24,8.5,7.1,6.7,6.4,6.7,6.8,7.4,7.4,7.6,8.1,8.7,9.4
Guilin,China,25.32,110.3,,,8.6,9.5,13.7,19.0,23.8,26.8,28.9,28.7,26.2,21.5,15.9,10.8,55,86,129,263,334,320,206,168,72,93,81,47,6.7,6.0,6.3,6.8,7.2,7.2,8.0,8.6,8.7,8.3,8.1,7.8
Guiyang,China,26.58,106.7,,,5.8,7.0,12.2,16.9,20.4,22.5,24.6,24.2,21.4,16.9,12.1,7.9,17,20,32,103,167,213,156,133,96,97,53,22,6.7,7.1,8.7,8.9,8.0,7.6,7.8,8.4,7.9,7.2,6.9,7.0
Haikou,China,20.03,110.35,,,17.7,18.9,22.1,25.7,28.1,28.9,29.1,28.5,27.4,25.4,22.3,19.1,22,34,51,106,183,211,210,225,251,201,97,34,6.2,6.3,7.1,7.6,7.8,7.5,7.9,7.2,6.4,5.9,5.6,6.0
Hangzhou,China,30.23,120.17,,,4.5,5.5,9.8,16.0,21.0,24.7,29.0,28.6,23.9,18.4,12.8,6.9,59,88,115,130,159,185,129,145,171,89,58,48,7.0,7.0,7.7,8.4,8.3,7.4,8.2,8.1,7.1,7.9,8.2,7.9
Harbin,China,45.75,126.77,,,-18.8,-14.9,-4.1,6.7,14.4,20.0,22.9,21.1,14.5,5.8,-5.4,-15.1,3,6,10,21,37,78,153,116,61,23,8,5,11.6,12.8,12.2,13.3,13.7,12.0,9.7,10.0,12.0,11.8,10.2,10.5
Hefei,China,31.87,117.28,,,2.9,4.5,9.6,15.9,21.2,25.1,28.4,28.3,23.1,17.6,11.2,5.2,30,51,68,94,97,120,171,111,85,66,57,25,7.7,7.7,8.3,8.7,8.7,7.9,7.4,8.0,8.0,8.9,8.8,8.5
Hohhot,China,40.8,111.68,,,-11.6,-7.8,0.2,8.5,15.5,19.8,22.0,20.2,14.2,7.5,-1.7,-9.8,3,5,9,17,25,43,96,128,46,23,6,1,12.5,13.0,12.7,14.6,15.3,14.4,12.4,11.8,13.1,13.3,11.6,11.5
Jilin,China,43.88,126.55,,,-17.3,-13.4,-2.6,7.3,14.7,20.1,22.8,21.2,14.6,6.4,-3.6,-13.1,5,6,14,29,57,109,172,135,65,37,13,7,,,,,,,,,,,,
Jinan,China,36.67,117.0,,,-0.6,1.8,8.4,15.9,22.1,26.6,27.6,26.5,22.0,16.3,8.6,1.7,7,10,15,35,38,74,212,158,65,36,18,8,8.3,8.8,9.8,10.6,10.7,10.5,8.5,8.3,9.3,9.4,8.7,8.0
Jingzhou,China,30.33,112.22,,,4.5,6.5,10.4,17.0,22.0,25.6,28.4,28.2,23.6,18.2,12.2,6.9,30,45,75,108,141,160,151,120,89,87,55,23,7.2,7.4,7.6,8.2,8.2,7.5,7.3,7.6,7.9,8.4,8.3,7.9
Jiujiang,China,29.63,115.88,,,4.5,5.8,10.2,16.6,21.7,25.6,29.3,28.8,23.9,18.6,12.5,6.8,52,95,137,184,193,214,141,132,96,96,65,40,,,,,,,,,,,,
Kunming,China,25.02,102.68,,,7.6,9.5,12.6,16.1,18.9,19.6,19.7,19.1,17.5,15.0,11.3,7.9,12,12,16,27,92,173,205,206,122,89,40,14,13.6,14.2,14.9,14.4,10.7,7.5,7.1,8.0,8.3,8.8,10.4,12.5
Lanzhou,China,36.05,103.88,,,-4.9,-0.9,5.8,12.3,17.1,20.4,22.6,21.6,16.4,10.7,3.2,-3.6,1,2,9,19,38,37,57,76,46,24,5,1,12.8,12.6,12.5,13.7,13.5,13.5,12.8,12.5,11.1,11.9,11.5,11.7
Lhasa,China,29.67,91.13,,,-1.6,1.1,4.5,8.2,12.2,16.0,16.1,15.2,13.6,8.8,3.1,-0.6,0,1,2,5,27,72,119,123,58,10,2,1,17.0,15.8,15.1,14.7,14.3,13.4,12.0,11.7,12.2,15.0,16.1,16.7
Liuzhou,China,24.35,109.4,,,10.9,12.4,15.8,21.4,25.4,28.1,29.4,29.4,27.5,23.4,18.1,8.6,47,58,88,150,244,238,194,177,66,68,50,34,6.5,6.1,6.3,6.9,7.5,7.2,7.7,8.1,8.3,8.6,8.5,18.2
Nanchang,China,28.6,115.92,,,5.7,6.8,11.4,17.5,22.6,26.0,29.9,29.7,25.3,19.9,13.8,8.0,56,102,151,224,253,282,122,103,75,58,55,41,6.5,6.0,6.7,7.0,6.9,6.6,7.8,7.8,7.2,7.5,7.4,7.4
Nanjing,China,32.0,118.8,,,2.7,4.2,8.9,15.2,20.5,24.7,28.3,28.2,23.1,17.4,11.0,4.8,29,48,69,87,96,159,188,124,95,60,56,25,8.6,8.4,9.1,9.8,9.6,8.6,7.4,8.0,8.1,9.5,9.8,9.8
Nanning,China,22.82,108.37,,,13.4,14.4,18.2,22.8,26.7,28.3,29.2,28.8,27.6,24.1,19.4,15.4,35,46,50,107,188,216,201,214,125,72,45,23,7.5,6.5,6.7,7.1,7.8,7.4,7.8,7.8,8.2,8.5,8.7,8.8
Naqu,China,31.48,92.07,,,-12.1,-9.8,-5.3,-0.9,3.9,8.2,9.6,9.1,6.5,0.8,-6.3,-11.0,3,3,4,11,28,84,103,92,75,20,4,3,18.0,17.0,16.5,15.3,14.5,13.4,12.1,12.1,12.4,13.5,16.2,18.2
Ningbo,China,29.87,121.55,,,5.0,5.8,9.7,15.4,20.2,24.1,28.4,28.2,24.1,18.8,13.2,7.3,54,79,104,115,137,193,165,140,190,87,64,46,7.6,7.3,7.9,8.6,7.7,6.8,7.7,7.4,6.8,8.0,8.5,8.5
Panzhihua,China,26.58,101.72,,,13.6,16.8,21.0,24.4,25.8,26.3,25.2,24.7,22.4,20.2,16.1,12.8,4,4,10,12,45,133,207,210,141,61,20,2,,,,,,,,,,,,
Qingdao,China,36.07,120.33,,,-0.6,0.6,5.3,10.9,16.3,20.5,24.3,25.6,21.8,16.4,9.2,2.2,11,12,21,36,51,83,177,156,90,47,27,10,6.3,6.3,6.7,6.9,6.8,5.7,4.8,5.3,6.3,6.5,6.4,6.1
Qiqihaer,China,47.38,123.92,,,-18.1,-12.9,-3.9,6.4,14.6,20.6,23.2,21.5,14.7,5.4,-6.2,-15.2,2,2,6,18,30,67,129,90,46,20,4,9,11.3,12.7,12.9,13.5,13.3,11.4,9.5,9.7,11.2,11.4,10.2,10.4
Sanya,China,18.23,109.52,,,22.3,23.2,25.2,27.4,28.8,29.0,28.8,28.4,27.9,26.8,24.9,22.8,8,13,19,43,142,198,193,222,251,234,58,11,7.6,7.2,6.7,6.5,6.4,5.8,5.8,5.9,6.5,6.8,7.2,7.6
Shanghai,China,31.17,121.43,,,4.1,5.0,8.9,14.6,19.6,23.8,28.2,28.1,23.9,18.5,12.6,6.5,39,59,81,102,115,152,128,133,156,61,51,35,7.2,7.1,7.6,8.0,7.8,6.9,6.8,6.8,6.7,7.6,8.1,8.2
Shangqiu,China,34.35,115.6,,,0.6,3.2,8.2,15.1,20.6,25.6,27.4,26.4,21.6,15.8,8.6,2.8,13,15,33,40,56,78,172,126,73,43,20,12,9.0,9.7,10.7,11.8,11.9,11.5,8.8,8.5,10.4,11.3,10.6,9.5
Shantou,China,23.4,116.68,,,14.2,14.7,17.1,21.2,24.6,27.1,28.6,28.5,27.1,24.1,19.9,15.9,34,67,100,173,214,287,227,258,141,52,41,38,7.2,6.4,6.2,6.0,5.6,5.5,6.0,6.0,6.2,7.1,7.9,7.9
Shaoguan,China,24.68,113.6,,,10.9,12.4,15.6,20.9,25.1,28.0,29.8,29.5,27.2,23.1,17.6,12.9,66,108,175,230,253,217,158,132,93,60,45,45,7.9,7.0,6.6,6.9,7.2,7.3,8.6,8.8,8.6,9.2,9.7,9.7
Shenyang,China,41.77,123.43,,,-10.9,-7.4,1.0,9.9,17.1,21.9,24.7,23.8,17.7,10.0,0.8,-7.3,7,8,16,43,55,87,167,157,77,42,17,9,11.4,11.4,10.8,12.2,12.1,10.5,8.6,9.0,11.6,11.8,9.9,10.3
Shenzhen,China,22.55,114.1,,,15.6,16.2,19.2,23.0,26.2,28.1,29.0,28.8,27.7,25.2,21.1,17.2,30,44,67,174,238,296,339,368,238,99,37,34,8.0,7.1,6.6,6.3,6.2,6.1,6.5,6.5,6.8,7.4,8.1,8.5
Shihezi,China,44.23,86.05,,,-15.4,-11.7,-0.1,12.2,18.8,23.4,25.2,23.3,17.4,8.7,-1.4,-11.2,9,8,12,26,30,21,22,15,16,19,17,11,10.8,10.7,9.6,14.3,15.1,14.9,15.1,16.2,16.0,13.7,8.7,8.6
Shijiazhuang,China,38.03,114.5,,,-2.0,0.4,7.4,14.9,20.9,25.6,26.9,25.6,20.8,14.5,6.6,0.1,3,9,12,23,36,49,137,156,54,29,16,4,11.0,10.7,11.9,12.5,13.1,12.7,9.6,9.0,11.2,12.0,10.8,10.2
Siping,China,43.18,124.33,,,-13.0,-9.0,-0.7,9.1,16.1,21.3,23.9,22.6,16.4,8.3,-1.5,-9.6,6,6,16,32,58,100,177,134,53,33,13,7,11.0,11.7,11.4,12.5,12.3,10.8,8.6,9.5,11.9,12.0,10.1,10.2
Taibei,China,25.033,121.517,,,15.2,15.6,17.6,21.5,24.6,26.9,28.8,28.6,26.9,24.0,20.6,17.1,84,162,169,147,216,283,202,257,297,110,80,67,,,,,,,,,,,,
Taiyuan,China,37.78,112.55,,,-5.3,-2.1,4.4,11.9,17.9,21.6,23.6,22.4,16.8,10.8,3.1,-3.8,3,6,11,24,35,55,120,94,64,29,12,3,13.7,13.4,13.8,14.6,15.1,13.9,11.1,10.9,12.6,13.6,12.1,12.5
Tangshan,China,39.65,118.1,,,-4.6,-1.5,4.9,13.4,19.1,23.6,25.9,24.9,20.2,13.3,4.6,-2.0,4,4,10,22,43,87,193,162,48,24,10,4,11.1,11.1,11.5,12.5,12.2,10.9,8.5,8.9,11.3,11.6,10.5,10.0
Tianjin,China,39.03,117.2,,,-3.0,-0.8,6.2,14.2,20.6,24.8,26.7,26.1,21.3,14.6,6.0,-0.8,3,6,9,24,34,68,185,155,42,21,10,4,9.3,9.5,10.3,11.3,11.5,10.4,8.0,7.9,9.4,10.0,9.1,8.6
Tianshui,China,34.5,105.62,,,-1.2,1.9,6.8,13.2,17.5,21.0,23.4,22.5,17.4,11.8,5.6,0.2,5,6,19,38,54,69,85,79,74,47,12,4,9.4,9.7,10.4,12.3,12.4,12.0,11.1,10.8,9.5,9.6,9.8,9.4
Urumqi,China,43.75,87.6,,,-13.1,-11.1,-0.6,10.9,18.1,22.8,25.1,23.9,17.8,8.5,-2.0,-10.2,8,8,18,29,28,36,20,16,24,22,17,10,9.5,9.7,8.6,11.5,12.3,12.0,12.1,12.3,11.9,10.2,8.0,8.3
Wenzhou,China,27.98,120.68,,,8.0,8.5,11.4,16.3,20.8,24.6,28.0,28.0,24.9,20.4,15.5,10.4,58,83,145,162,203,246,178,250,205,95,75,43,,,,,,,,,,,,
Wuhan,China,30.58,114.28,,,3.8,5.5,10.3,16.6,21.9,25.8,29.0,28.7,23.6,18.1,11.8,6.0,34,57,92,134,151,212,151,132,84,89,58,28,8.6,8.2,8.5,8.8,8.5,8.0,7.7,8.1,8.4,9.3,9.2,9.0
Xi'an,China,34.3,108.93,,,0.3,3.0,8.6,14.6,19.8,25.2,26.8,26.0,20.1,14.6,7.4,1.6,6,11,26,50,65,51,93,67,108,66,26,6,9.0,9.5,10.8,11.5,12.0,12.8,10.4,10.3,9.2,9.5,9.3,9.0
Xiamen,China,24.48,118.07,,,13.2,13.2,15.4,19.6,23.5,26.4,28.9,28.7,27.2,23.9,19.9,15.4,37,65,99,147,152,196,140,155,117,29,37,25,7.1,6.7,6.9,6.9,6.4,6.1,7.1,7.0,6.9,6.9,7.0,7.4
Xining,China,36.63,101.8,,,-6.5,-3.5,2.8,8.8,13.1,15.9,17.9,17.4,13.0,7.8,0.6,-5.0,1,2,6,20,46,54,81,76,54,23,4,1,15.2,14.3,13.5,14.1,13.5,13.4,12.9,12.9,11.0,12.2,12.9,14.4
Xuzhou,China,34.28,117.15,,,0.9,3.2,8.2,15.3,20.7,25.2,27.4,26.8,22.1,16.2,9.1,3.0,18,20,36,47,66,107,241,133,72,52,27,14,8.6,9.2,10.1,11.2,11.2,10.2,7.9,7.9,9.4,10.6,10.1,9.3
Yangquan,China,37.87,113.55,,,-2.8,-0.2,5.5,13.6,19.2,23.1,24.5,23.0,18.4,12.7,5.2,-0.5,4,6,14,21,44,72,131,120,62,26,12,9,10.1,10.6,11.1,12.1,12.3,11.7,9.8,9.4,10.9,11.2,10.1,9.5
Yantai,China,37.5,121.35,,,-1.2,-0.3,4.8,12.0,17.8,22.0,24.8,24.8,21.1,15.7,8.4,1.8,12,10,16,36,50,70,150,162,84,39,25,20,,,,,,,,,,,,
Yichang,China,30.7,111.3,,,5.3,7.2,11.2,17.6,22.2,25.6,28.2,28.1,23.8,18.6,12.9,7.6,23,30,58,86,130,148,216,174,123,85,47,18,6.6,7.2,7.7,8.7,8.8,8.2,8.3,8.3,7.9,8.0,7.6,7.1
Yinchuan,China,38.48,106.22,,,-7.8,-4.0,3.4,10.9,17.1,21.2,23.5,21.9,16.6,10.0,1.9,-5.5,1,2,6,12,17,19,42,52,23,14,4,1,13.1,13.7,13.6,14.9,14.5,13.1,11.6,11.2,12.3,13.3,10.7,11.0
Yushu,China,33.02,97.02,,,-6.6,-3.8,0.9,4.6,8.8,11.8,13.4,12.9,10.2,5.2,-1.4,-5.8,3,5,8,17,54,102,102,84,75,29,4,2,17.0,15.7,14.8,15.1,14.3,13.1,13.1,14.1,13.4,14.3,16.3,17.3
Zhangjiakou,China,40.78,114.88,,,-7.6,-4.2,2.4,11.2,18.0,22.2,24.0,22.4,17.2,10.3,1.3,-5.5,2,4,9,14,33,61,110,100,45,17,6,2,10.7,11.5,12.0,13.3,13.6,12.5,10.7,10.5,12.0,12.0,10.6,10.1
Zhengzhou,China,34.72,113.65,,,0.5,2.6,8.4,15.2,21.0,25.9,27.5,26.2,21.1,15.6,8.6,2.4,9,14,25,48,52,61,147,117,90,47,26,9,10.2,10.3,11.6,12.2,12.8,12.2,9.3,9.1,10.3,11.4,10.9,10.4
Zhuzhou,China,27.828,113.134,,,5.3,7.5,10.7,17.3,22.4,25.8,29.1,28.3,24.0,18.7,12.9,8.0,95,98,167,184,181,209,160,137,92,95,65,43,,,,,,,,,,,,
Zibo,China,36.78,118.1,,,-2.3,0.2,6.5,14.4,20.0,25.3,26.8,25.4,20.7,14.5,6.6,0.0,7,11,15,30,38,82,173,136,56,38,20,10,,,,,,,,,,,,
Zunyi,China,27.52,106.82,,,5.0,6.7,10.9,16.6,20.4,23.2,25.7,25.5,21.8,16.9,11.9,7.3,26,21,37,87,153,199,163,137,101,94,44,21,5.1,5.6,7.1,8.2,8.2,7.7,8.6,9.3,8.0,7.1,6.3,5.8
Apartado,Colombia,7.88,-76.62,,,26.8,27.0,27.0,27.5,27.5,27.4,27.1,27.2,27.2,27.1,27.0,27.0,120,112,134,275,354,351,357,293,309,379,328,258,7.0,6.7,6.8,6.7,7.6,7.7,8.1,8.4,8.6,8.2,8.0,7.3
Arauca,Colombia,7.07,-70.75,,,26.5,27.4,28.0,27.8,26.7,26.1,25.9,26.3,26.8,26.9,26.9,26.4,8,23,41,138,234,312,298,228,199,182,105,25,12.5,13.4,12.8,10.6,8.2,7.4,7.1,8.0,8.8,9.1,9.0,10.1
Armenia,Colombia,4.52,-75.68,,,22.1,22.2,22.1,22.1,22.0,22.0,22.1,22.1,22.0,21.8,22.0,22.0,138,156,202,256,222,136,99,111,180,246,256,168,12.0,12.0,11.7,11.0,10.4,11.0,12.0,12.3,11.7,10.9,11.3,11.0
Barrancabermeja,Colombia,7.07,-73.85,,,28.1,28.2,28.1,27.8,27.5,27.6,27.8,27.7,27.1,26.9,27.1,27.6,44,118,159,281,332,257,202,262,342,407,281,91,9.3,9.1,8.8,8.3,8.3,8.5,9.2,9.1,8.7,8.2,7.9,8.4
Barranquilla,Colombia,10.97,-74.76,,,27.4,27.6,28.1,28.8,29.1,28.9,28.7,28.9,28.4,28.0,28.1,27.6,1,0,1,15,119,85,67,109,152,163,75,26,8.0,7.9,8.0,8.2,8.5,8.2,8.2,8.7,8.5,8.2,7.9,7.7
Bogota,Colombia,4.62,-74.08,,,11.0,11.6,12.1,12.3,12.4,12.0,11.3,11.3,11.4,11.8,11.9,11.2,29,44,66,101,93,54,43,46,72,107,91,53,10.8,10.2,9.1,7.4,7.5,7.4,7.2,8.1,8.7,8.2,8.1,9.8
Bucaramanga,Colombia,7.12,-73.12,,,21.8,21.9,22.0,22.0,22.0,22.0,22.0,22.1,21.9,21.6,21.5,21.6,58,80,121,136,112,82,88,84,100,144,117,54,6.7,6.5,6.3,6.3,6.7,6.7,7.2,7.4,7.5,6.9,6.3,6.5
Buenaventura,Colombia,3.88,-77.06,,,25.7,26.3,26.4,26.5,26.4,26.2,26.3,26.1,26.1,26.0,25.9,26.1,366,277,377,487,599,514,540,621,730,785,695,539,8.1,8.8,9.1,9.4,9.2,9.2,9.1,9.1,8.9,8.7,8.9,9.1
Cali,Colombia,3.45,-76.52,,,24.5,24.5,24.8,24.5,24.3,24.2,24.1,24.7,24.6,24.0,23.9,24.1,88,120,146,190,165,91,55,64,108,170,159,129,10.6,10.7,10.9,10.3,10.0,10.5,12.2,12.4,11.5,10.3,9.8,10.1
Cartagena,Colombia,10.41,-75.53,,,27.1,27.3,27.6,28.1,28.5,28.6,28.5,28.4,28.4,28.0,28.0,27.4,4,1,2,24,115,100,108,127,135,235,131,35,6.9,6.6,6.3,5.9,5.7,5.9,6.3,6.1,5.9,5.8,5.8,6.5
Cucuta,Colombia,7.88,-72.48,,,25.6,26.1,26.5,27.0,27.9,28.2,28.1,28.6,28.4,27.3,26.5,25.6,49,39,66,104,79,41,38,43,78,149,116,78,8.9,9.0,8.7,8.6,9.2,8.8,9.2,10.1,10.5,9.9,8.7,8.4
Florencia,Colombia,1.6,-75.6,,,27.1,26.9,26.4,25.9,25.7,25.1,24.6,25.4,25.9,26.4,26.6,27.0,104,189,182,391,467,495,449,347,308,298,236,133,10.9,10.1,9.2,8.6,8.2,7.8,8.0,9.1,9.5,9.5,9.6,10.3
Gaviotas,Colombia,4.11,-73.6,,,27.0,28.0,28.0,27.2,26.4,25.7,25.3,25.9,26.4,26.8,26.8,26.7,25,56,125,279,362,434,345,297,280,268,199,87,11.8,12.1,11.1,9.0,8.0,7.5,7.7,8.5,9.0,9.1,9.0,9.9
Ibague,Colombia,4.43,-75.23,,,28.9,28.8,28.8,28.1,27.8,27.7,28.2,29.2,28.8,27.9,27.8,28.1,52,85,101,160,155,64,31,46,120,172,114,81,11.1,10.6,10.3,9.6,9.5,10.4,12.3,12.4,11.0,9.9,9.6,10.2
Ipiales,Colombia,0.83,-77.62,,,10.9,11.1,11.3,11.4,11.2,10.4,9.7,9.8,10.3,11.0,11.4,11.2,79,79,98,108,84,54,44,38,52,87,106,96,10.1,9.9,9.5,9.6,9.2,9.0,9.0,9.6,10.7,10.7,10.4,10.1
Lebrija,Colombia,7.12,-73.22,,,21.8,22.0,22.1,22.1,22.1,22.0,22.0,22.1,21.9,21.7,21.5,21.6,58,80,121,136,118,82,88,85,100,142,119,56,6.7,6.5,6.3,6.3,6.6,6.7,7.2,7.4,7.5,6.9,6.4,6.5
Leticia,Colombia,-4.205,-69.933,,,26.6,26.6,26.6,26.5,26.2,25.5,25.3,26.0,26.4,26.9,26.8,26.6,355,334,352,352,291,203,158,169,235,263,302,292,8.0,8.0,8.0,7.6,7.3,7.8,9.0,9.4,9.5,9.0,8.7,8.1
Manizales,Colombia,5.05,-75.5,,,16.6,16.8,16.9,16.9,16.9,16.8,16.8,16.9,16.6,16.2,16.2,16.3,98,92,134,167,154,91,64,75,138,190,167,125,10.8,10.5,10.1,9.2,8.7,8.7,9.6,9.7,9.3,8.9,9.2,10.0
Medellin,Colombia,6.23,-75.58,,,22.2,22.5,22.6,22.6,22.4,22.5,22.5,22.6,22.2,21.9,22.0,22.0,65,80,126,161,199,158,119,148,178,212,147,94,10.8,10.8,10.7,10.1,10.1,10.8,11.6,11.5,11.0,10.1,10.0,10.3
Monteria,Colombia,8.75,-75.87,,,27.7,28.1,28.4,28.6,28.1,28.0,27.9,27.9,27.7,27.6,27.6,27.6,4,17,28,96,175,152,166,170,183,164,94,36,11.2,11.2,11.1,10.3,9.2,9.2,9.7,9.7,9.0,9.1,9.1,9.9
Neiva,Colombia,2.92,-75.27,,,27.5,27.6,27.6,27.3,27.4,27.6,28.1,28.7,28.8,27.6,26.9,27.0,106,130,151,135,89,37,33,23,63,207,221,159,10.5,10.5,10.2,9.9,10.2,10.9,11.2,11.6,11.6,10.4,9.3,9.8
Palmira,Colombia,3.58,-76.25,,,24.3,24.4,24.5,24.2,24.0,24.1,24.1,24.4,24.2,23.8,23.7,23.9,45,61,104,126,98,52,30,38,74,107,98,60,11.2,11.2,10.9,10.3,10.1,10.6,11.9,12.1,11.4,10.3,10.0,10.4
Pasto,Colombia,1.22,-77.27,,,13.1,13.2,13.4,13.7,13.7,13.2,12.7,12.9,13.2,13.4,13.7,13.2,74,67,81,88,74,44,34,31,40,87,94,76,7.2,7.3,7.2,7.3,7.2,6.7,6.5,6.9,7.5,7.9,8.8,7.4
Pereira,Colombia,4.8,-75.68,,,21.9,22.0,22.0,21.8,21.5,21.5,21.7,21.8,21.5,21.2,21.2,21.5,138,136,202,223,250,186,125,130,191,270,271,179,10.1,10.0,9.7,9.1,8.8,9.0,10.0,10.3,9.7,9.2,8.9,9.3
Popayan,Colombia,2.42,-76.6,,,18.8,18.8,19.1,19.1,19.2,18.8,18.6,18.6,18.6,18.9,18.8,18.9,203,181,122,203,166,82,49,62,124,251,331,251,10.9,11.0,10.8,10.5,10.7,11.7,13.1,13.2,12.4,10.7,10.0,10.3
Providencia,Colombia,13.33,-81.37,,,26.9,27.0,27.3,28.0,28.4,28.4,28.4,28.4,28.2,27.9,27.6,27.2,74,46,23,34,122,170,143,152,181,305,257,130,4.1,4.3,4.6,4.4,4.2,4.2,3.9,4.1,4.9,4.9,4.3,3.9
Puerto Carreno,Colombia,6.18,-67.48,,,28.9,29.8,30.4,29.6,28.2,27.1,26.9,27.2,27.9,28.5,28.7,28.6,43,18,38,133,270,458,459,347,195,177,100,30,11.7,12.1,11.5,9.8,8.4,7.7,7.5,7.9,8.6,9.3,9.6,10.6
Quibdo,Colombia,5.68,-76.65,,,26.6,26.7,26.9,27.1,27.1,27.3,27.0,27.0,26.8,26.6,26.5,26.4,554,517,524,660,719,755,816,840,682,638,719,580,6.9,7.0,7.1,7.4,7.7,8.4,8.3,8.0,7.8,7.6,7.3,6.6
Riohacha,Colombia,11.55,-72.88,,,27.0,27.2,27.8,28.5,29.2,29.9,30.1,29.9,28.9,28.1,27.7,27.4,4,2,3,23,69,41,15,39,131,150,58,18,10.5,10.3,9.5,8.4,8.5,9.0,9.7,9.7,9.0,8.6,8.8,9.7
Rionegro,Colombia,6.16,-75.39,,,17.1,17.4,17.4,17.7,17.7,17.4,17.0,17.1,17.3,17.0,17.1,17.1,60,84,123,209,236,172,142,164,203,214,172,101,9.7,9.7,9.9,9.3,9.6,10.3,11.1,11.0,10.3,9.5,9.1,9.3
"San Andres, Island",Colombia,12.57,-81.68,,,26.8,26.8,27.1,27.6,28.1,28.1,27.9,28.1,28.1,27.8,27.6,27.1,77,38,24,33,131,205,199,201,239,324,274,140,3.6,3.9,4.2,4.1,4.0,3.9,3.8,4.0,4.2,4.5,3.9,3.7
San Jose Del Guaviare,Colombia,2.57,-72.63,,,27.0,27.3,27.8,27.5,26.9,26.6,26.4,26.5,27.1,27.2,27.3,26.6,48,85,159,309,357,362,330,269,233,235,230,98,17.3,17.8,16.8,13.8,13.2,12.8,13.5,13.8,14.2,13.9,13.2,14.8
Santa Marta,Colombia,11.25,-74.2,,,27.4,28.1,28.7,29.2,28.9,28.6,28.4,28.2,27.9,27.6,27.5,27.2,4,3,2,9,51,60,57,57,87,114,48,12,11.3,10.8,10.0,8.6,7.6,8.0,8.7,8.5,8.2,7.9,8.4,10.1
Tumaco,Colombia,1.78,-78.8,,,26.1,26.3,26.4,26.6,26.5,26.3,26.1,26.1,26.0,26.1,25.9,26.0,329,293,300,360,373,225,221,109,143,133,148,158,5.5,5.8,5.9,5.9,5.7,5.6,5.7,5.5,5.3,5.1,5.2,5.3
Tunja,Colombia,5.53,-73.35,,,13.2,13.7,14.1,14.0,13.5,12.8,12.2,12.3,12.8,13.3,13.6,13.1,16,29,55,77,84,58,46,42,54,85,69,31,11.9,11.2,10.2,8.7,7.6,7.3,7.6,8.3,9.1,9.2,9.2,10.6
Valledupar,Colombia,10.47,-73.25,,,28.6,29.4,29.8,29.9,29.1,29.1,29.8,29.6,28.6,28.1,28.2,28.2,12,10,26,71,154,82,63,116,122,199,89,28,12.3,12.5,12.3,11.5,9.9,10.2,11.2,11.1,10.3,9.0,10.1,10.8
Villavicencio,Colombia,4.13,-73.63,,,26.1,26.5,26.4,25.5,25.1,24.4,29.2,29.7,25.2,25.4,25.5,25.5,64,129,227,526,627,522,442,419,403,476,413,158,10.1,9.8,8.9,8.7,8.3,7.9,18.0,18.8,9.7,9.4,9.2,9.6
Moroni,Comoros,-11.73,43.22,,,26.9,26.9,26.9,26.5,25.4,24.0,23.2,23.0,23.6,24.7,26.0,26.7,364,293,279,316,256,266,244,150,108,97,108,219,7.0,7.1,7.8,7.8,8.3,8.8,8.9,9.3,9.1,8.8,8.7,8.2
Alajuela,Costa Rica,10.008,-84.218,,,22.6,23.1,23.7,24.0,23.4,22.9,23.0,23.4,22.5,22.4,22.5,22.6,8,13,17,80,271,266,178,254,341,338,148,33,10.3,11.0,11.8,11.4,10.0,9.4,9.3,10.6,9.6,9.5,9.4,9.8
Canas,Costa Rica,10.42,-85.08,,,27.1,27.8,28.5,29.2,28.6,27.8,27.4,27.6,27.1,27.0,26.9,27.1,4,4,7,44,175,235,161,205,308,286,109,21,9.3,9.8,10.6,10.4,9.8,9.1,9.0,9.1,9.3,9.0,9.0,8.8
Cartago,Costa Rica,9.87,-83.92,,,17.4,18.2,18.9,19.6,20.0,19.8,19.5,19.6,19.6,19.6,19.1,18.4,33,20,15,46,187,202,126,154,250,251,112,58,10.9,10.9,12.0,11.9,11.6,11.0,10.4,11.0,11.5,11.1,9.9,9.3
Guapiles,Costa Rica,10.2,-83.78,,1971-1998,23.1,23.4,23.9,24.6,25.3,25.2,24.8,24.9,25.0,24.9,24.4,23.6,276,238,215,242,430,444,510,475,376,449,471,452,8.9,8.9,9.1,9.0,8.8,8.2,7.6,8.1,8.7,8.5,7.9,8.3
Heredia,Costa Rica,9.98,-84.12,,,19.4,19.9,20.4,20.9,20.8,20.3,20.2,20.1,19.9,19.9,19.9,19.6,21,23,42,113,329,315,201,243,397,407,174,57,9.5,10.2,11.8,11.4,9.9,9.6,9.0,9.3,9.7,9.4,8.7,8.5
Liberia,Costa Rica,10.63,-85.42,,1973-2003,26.7,27.8,28.5,29.4,28.8,27.6,27.5,27.4,26.8,26.6,26.6,26.9,1,2,5,18,198,247,148,203,362,317,102,11,13.4,13.2,13.8,13.1,10.7,9.0,9.3,9.5,9.0,8.9,10.1,11.5
Limon,Costa Rica,9.97,-83.03,,1970-2003,24.8,24.9,25.5,26.1,26.6,26.6,26.1,26.2,26.5,26.3,25.8,25.1,303,228,196,270,327,300,439,316,146,214,380,449,8.4,8.5,8.6,8.2,7.8,7.5,7.1,7.6,8.2,8.2,7.6,7.8
Nicoya,Costa Rica,10.15,-85.45,,1961-1984,26.6,27.5,28.5,28.9,27.8,26.8,26.9,26.9,26.8,26.4,26.1,26.1,4,8,22,62,264,310,247,306,389,391,122,21,12.9,13.4,14.0,14.1,12.2,11.0,11.0,11.9,11.1,10.6,11.3,12.3
Puntarenas,Costa Rica,9.97,-84.82,,1959-2000,27.6,28.3,28.4,29.1,28.6,27.9,27.7,27.7,27.5,27.4,27.3,27.1,6,4,5,30,204,217,176,223,296,279,132,28,11.8,12.2,11.1,10.9,9.0,8.6,9.0,9.1,8.8,8.4,9.0,9.9
Quepos,Costa Rica,9.42,-84.15,,,26.6,27.0,27.5,27.9,27.4,27.0,26.6,26.5,26.5,26.3,26.2,26.5,46,26,40,157,389,413,445,469,544,534,349,160,9.3,10.0,9.8,8.7,8.1,7.7,7.7,7.7,7.7,7.4,7.2,8.3
San Isidro,Costa Rica,9.37,-83.7,,,22.4,23.4,24.0,24.0,23.5,23.2,22.8,22.9,22.9,22.5,22.5,22.2,28,26,30,128,327,286,297,374,420,469,264,80,13.1,14.1,14.0,11.8,9.8,9.3,9.6,9.6,9.4,9.3,9.2,10.8
San Jose,Costa Rica,9.92,-84.07,,1961-1982,19.4,19.6,20.5,21.0,21.6,21.3,20.6,20.9,21.1,20.9,20.2,19.6,9,5,12,44,222,283,208,252,325,326,139,40,8.0,8.6,9.3,9.3,9.1,8.8,8.6,8.5,9.3,9.0,7.9,7.6
Turrialba,Costa Rica,10.02,-83.77,,,21.1,21.2,22.0,22.7,23.4,23.3,23.0,23.1,23.3,23.0,22.5,23.1,172,146,86,120,233,276,271,251,252,251,262,287,9.2,9.7,9.7,9.4,9.1,8.8,8.4,8.9,9.2,9.0,8.3,8.9
Upala,Costa Rica,10.88,-85.0,,1983-1995,25.1,25.2,26.4,27.3,27.4,27.0,26.0,26.2,26.6,26.2,25.9,25.1,114,65,38,54,168,319,344,335,296,297,226,194,8.5,9.9,11.7,11.8,10.2,8.0,7.3,7.6,8.2,8.9,8.2,8.3
Dubrovnik,Croatia,42.65,18.07,,,9.3,9.4,11.4,13.9,18.2,22.0,24.9,25.2,22.0,18.3,13.7,10.6,95,89,98,91,76,49,24,59,79,110,142,125,5.7,5.9,5.9,6.0,6.1,6.4,6.8,7.0,6.7,6.2,5.8,5.5
Osijek,Croatia,45.55,18.67,,,-0.8,1.3,6.4,11.5,16.4,19.6,21.5,21.0,17.2,11.8,6.0,1.5,46,42,45,60,69,82,61,58,54,60,61,55,6.8,8.4,10.5,11.6,12.0,12.1,13.0,13.2,12.6,11.1,7.6,5.9
Rijeka,Croatia,45.33,14.42,,,5.7,6.3,8.9,12.5,16.9,20.4,23.1,23.1,19.5,14.9,10.2,7.0,135,114,104,111,102,111,82,100,165,176,183,154,6.0,6.3,6.9,7.3,8.0,8.4,9.1,9.1,8.3,7.5,6.3,5.9
Split,Croatia,43.52,16.43,,,7.8,8.2,10.6,14.1,18.9,22.8,25.7,25.5,21.6,17.1,12.4,9.2,78,65,64,62,55,51,28,43,67,78,112,105,4.9,5.5,6.1,6.6,7.3,7.9,8.2,8.0,7.0,5.9,5.0,4.7
Zagreb,Croatia,45.82,15.98,,,-0.4,1.8,6.1,10.6,15.2,18.6,20.4,19.9,16.4,11.0,5.6,1.3,49,42,52,62,79,99,81,90,83,72,85,64,7.1,8.6,10.4,11.5,12.1,11.9,12.5,12.5,11.9,10.4,7.5,6.3
Havana,Cuba,23.17,-82.35,,,22.2,22.4,23.6,24.8,26.1,26.9,27.6,27.9,27.4,26.1,24.5,23.0,64,69,46,54,98,182,106,100,144,180,88,58,7.2,7.5,7.9,7.7,7.4,7.1,7.5,7.5,7.2,6.2,6.4,7.0
Oranjestad,Curaçao and Sint Maarten,12.5,-70.0,,,27.2,27.5,27.9,28.6,29.2,29.5,29.2,29.7,29.8,29.2,28.6,27.7,39,21,9,12,16,19,32,26,46,78,94,82,5.5,5.7,5.9,5.7,5.5,5.5,5.6,5.8,5.8,5.7,5.5,5.4
Larnaka Airport,Cyprus,34.88,33.63,,,12.7,12.8,14.6,17.5,21.5,25.5,27.9,28.2,25.9,22.9,18.1,14.5,102,61,27,16,11,2,1,1,9,12,32,81,9.4,9.9,11.1,11.0,10.8,10.7,10.6,10.5,10.9,10.9,10.5,9.4
Nicosia,Cyprus,35.17,33.37,,,10.8,11.2,14.0,17.6,22.4,27.1,30.1,30.1,26.6,22.4,16.6,12.6,65,50,27,22,38,15,4,1,16,26,23,55,9.9,10.3,12.3,13.4,14.4,14.3,14.8,14.8,14.1,12.9,12.0,10.5
Paphos Airport,Cyprus,34.72,32.49,,,13.6,13.5,14.9,17.2,20.1,23.7,26.1,26.6,24.9,22.3,18.5,15.3,92,74,29,17,6,2,0,0,6,21,43,86,8.3,8.2,9.2,9.0,9.3,9.0,9.0,8.8,9.0,9.0,9.3,8.6
Paralimni,Cyprus,35.06,33.96,,,12.0,12.2,14.3,17.2,21.4,25.5,28.1,28.5,26.1,22.5,17.4,13.8,97,58,27,17,7,0,0,1,6,16,33,68,7.8,8.4,9.6,10.2,10.2,9.7,9.5,9.5,9.9,10.2,9.5,8.3
Polis Chrysochous,Cyprus,35.03,32.43,,,12.3,12.3,14.1,16.6,20.5,24.9,28.0,28.0,25.1,21.6,17.4,14.0,165,132,81,50,39,20,24,24,13,37,68,151,8.4,8.7,9.8,10.0,10.8,11.1,11.3,10.8,9.9,9.5,9.4,8.8
Prodromos,Cyprus,34.95,32.83,,,4.0,4.5,7.8,11.2,15.9,20.3,23.6,23.8,19.8,15.4,10.1,6.3,165,132,81,50,39,20,24,24,13,37,68,151,5.9,6.4,8.0,9.0,9.9,10.2,10.0,10.3,9.8,8.7,6.9,6.0
Brno,Czechia,49.15,16.7,,,-1.6,0.2,4.4,9.8,14.7,17.6,19.8,19.6,15.0,9.8,4.0,-0.4,23,23,30,29,61,72,69,56,48,31,34,32,5.4,6.9,8.5,10.6,10.8,10.9,11.6,11.6,10.0,8.1,5.8,4.9
Liberec,Czechia,50.77,15.024,,,-1.7,-0.6,3.1,7.8,12.8,15.3,17.5,17.2,13.1,8.7,3.2,-0.7,62,54,62,49,73,83,101,106,69,55,65,70,5.2,6.3,7.7,10.6,11.3,10.7,11.2,11.4,9.5,7.5,5.1,4.7
Ostrava,Czechia,49.68,18.12,,,-1.3,0.1,4.1,9.1,14.2,17.0,19.2,18.9,14.4,9.8,4.3,-0.1,29,29,41,47,80,91,94,86,69,40,47,41,5.9,7.3,9.0,11.6,12.2,11.6,12.3,12.6,10.7,9.1,6.4,5.3
Pilsen,Czechia,49.734,13.376,,,-0.6,0.6,4.7,9.2,14.4,17.1,19.3,18.9,14.3,9.2,3.8,0.4,28,24,33,35,57,68,72,71,40,36,35,32,5.1,6.9,8.0,10.7,11.4,11.2,11.6,11.7,10.0,7.9,5.2,4.4
Prague,Czechia,50.08,14.42,,,0.1,1.3,5.3,10.1,15.0,17.8,19.9,19.6,15.2,10.3,4.7,1.1,20,19,26,24,53,57,64,60,34,24,28,25,5.0,6.2,7.6,10.0,10.6,10.1,10.8,10.9,9.4,7.8,5.1,4.5
Abidjan,Côte d'Ivoire,5.25,-3.933,,,25.9,28.2,27.8,27.8,27.8,27.1,25.8,25.0,26.2,27.4,28.0,25.9,19,35,98,164,288,457,134,29,70,157,134,67,21.6,19.5,19.2,15.9,13.8,12.7,12.5,12.0,13.5,13.7,13.5,17.3
Adiake,Côte d'Ivoire,5.3,-3.3,,,24.9,27.0,27.9,25.5,26.6,25.1,24.8,24.7,25.1,27.0,27.1,25.3,26,50,109,140,246,408,164,54,102,187,114,50,21.8,20.0,17.7,21.0,17.8,17.3,13.5,13.4,14.7,14.0,15.3,19.8
Bondoukou,Côte d'Ivoire,8.05,-2.783,,,26.6,27.8,27.4,28.7,27.9,26.8,25.2,26.1,25.4,26.5,26.5,25.2,8,20,71,133,156,145,105,85,165,119,31,9,23.8,23.1,24.5,19.4,18.2,17.9,14.5,15.3,15.7,16.3,19.8,22.5
Bouake,Côte d'Ivoire,7.733,-5.35,,,25.9,27.0,28.9,27.9,27.1,25.2,24.2,25.6,24.9,25.5,26.6,25.4,12,35,85,129,132,125,113,137,168,102,29,11,22.7,22.0,19.9,18.9,16.7,16.5,14.5,14.3,15.4,16.0,16.8,21.8
Daloa,Côte d'Ivoire,6.867,-6.467,,,24.1,25.9,26.9,26.1,26.1,25.9,25.1,24.4,25.2,26.1,25.1,22.0,12,49,96,130,125,140,114,152,165,127,49,19,27.0,27.3,23.4,22.7,20.2,19.7,17.3,19.9,20.6,17.3,19.1,27.0
Odienne,Côte d'Ivoire,9.5,-7.567,,,24.2,26.9,27.6,29.4,27.9,26.6,25.4,23.4,28.6,26.2,23.6,22.1,5,11,27,71,111,155,252,322,235,126,25,4,28.7,29.8,25.5,21.3,21.2,19.2,16.9,25.3,22.8,18.5,23.9,29.8
Pyongyang,Democratic People's Republic of Korea,39.03,125.78,,,-5.8,-2.7,3.6,11.0,16.8,21.6,24.6,24.7,19.5,12.4,4.5,-2.8,12,11,25,50,72,90,275,213,100,40,35,16,9.9,10.2,10.7,12.2,11.7,10.2,7.9,8.4,10.4,11.5,9.7,8.9
Copenhagen,Denmark,55.72,12.57,,,0.0,0.0,2.0,6.0,11.0,15.0,16.5,16.5,13.5,9.5,5.0,1.5,36,24,34,35,40,45,57,55,53,47,52,47,4.0,4.0,6.0,8.0,8.0,8.0,7.0,7.0,7.0,5.0,4.0,5.0
Nuuk,Denmark,64.17,-51.72,,,-7.5,-8.0,-8.0,-3.5,0.5,4.0,7.0,6.5,3.5,-1.0,-3.5,-6.5,40,47,49,47,55,62,87,85,89,66,73,54,5.0,6.0,6.0,5.0,5.0,6.0,6.0,5.0,5.0,4.0,5.0,5.0
Torshavn,Denmark,62.02,-6.77,,,3.0,4.0,4.0,5.0,7.0,9.0,10.5,11.0,9.0,7.0,5.0,4.0,133,95,132,88,70,61,70,83,128,155,127,142,4.0,4.0,4.0,4.0,4.0,4.0,5.0,4.0,4.0,4.0,4.0,4.0
Djibouti,Djibouti,11.55,43.15,,1961-1990,25.1,25.7,27.0,28.7,31.0,34.2,36.4,36.0,33.1,29.3,26.9,25.4,10,19,20,29,17,0,6,6,3,20,22,11,7.2,6.5,6.4,6.6,7.9,9.7,10.6,10.6,8.3,7.5,7.7,7.7
Melville Hall Airport,Dominica,15.58,-61.3,,1971-1990,24.9,24.8,25.1,25.8,26.6,27.3,27.4,27.4,27.1,26.1,26.2,25.4,159,107,135,122,220,162,181,243,298,334,374,240,6.2,6.4,6.6,6.6,5.9,5.6,5.6,6.2,6.6,5.8,6.8,6.4
Barahona,Dominican Republic,18.2,-71.1,,,24.8,24.9,25.6,26.3,26.8,27.4,28.0,27.9,27.4,26.6,26.2,25.2,30,29,45,64,168,130,38,65,144,185,76,44,9.0,8.5,7.9,7.4,7.0,6.6,7.4,7.9,8.2,8.1,8.8,9.1
La Romana,Dominican Republic,18.42,-68.97,,,24.6,24.8,25.1,25.7,26.6,27.4,28.0,27.9,27.6,27.2,26.2,25.0,33,28,28,45,91,57,61,105,117,165,96,48,10.2,10.5,10.7,10.4,9.2,9.1,9.5,9.4,9.3,9.2,9.2,9.7
Montecristi,Dominican Republic,19.85,-71.63,,,24.0,24.5,25.1,25.9,27.0,28.1,28.4,28.5,28.3,27.6,26.0,24.5,74,47,48,59,60,40,22,28,35,68,108,84,9.7,9.8,10.1,9.5,9.6,10.3,10.4,10.5,10.8,10.3,9.4,9.4
Puerto Plata,Dominican Republic,19.78,-70.68,,,23.1,23.0,23.5,24.4,25.5,26.6,26.8,26.7,26.6,26.1,24.8,23.5,190,140,129,124,137,57,70,81,66,111,228,232,11.4,11.6,11.6,11.2,11.2,11.6,11.5,11.6,12.0,12.2,11.4,11.0
Punta Cana,Dominican Republic,18.582,-68.405,,,24.8,24.7,25.1,25.6,26.4,27.2,27.6,27.8,27.6,27.1,26.3,25.2,66,54,54,69,124,104,78,103,102,152,117,78,5.8,5.8,6.1,6.2,6.4,6.2,5.9,5.9,6.5,6.9,6.2,5.8
San Juan,Dominican Republic,18.8,-71.23,,,22.5,23.2,24.4,25.2,25.6,26.0,26.2,26.2,26.0,25.2,24.1,22.8,12,15,31,69,142,90,108,128,148,135,53,18,14.3,14.3,14.0,12.6,11.4,11.7,13.1,12.9,12.4,11.5,12.0,13.7
Santiago,Dominican Republic,19.45,-70.7,,,23.5,23.9,24.7,25.5,26.5,27.5,27.6,27.7,27.6,26.9,25.2,23.7,50,48,59,104,151,68,56,73,97,110,126,80,10.6,11.0,11.4,11.3,10.6,10.8,10.8,11.0,11.4,10.9,10.1,10.0
Santo Domingo,Dominican Republic,18.48,-69.92,,,24.4,24.4,24.9,25.6,26.3,26.9,27.1,27.1,27.0,26.7,26.0,25.0,63,57,54,72,188,140,145,177,181,187,100,84,9.6,9.5,9.4,9.1,8.2,7.9,8.5,8.8,8.7,8.8,9.2,9.3
Cuenca,Ecuador,-2.887,-78.983,,,16.6,16.3,16.4,16.1,15.9,14.9,13.8,14.6,15.2,16.1,16.2,16.6,58,85,113,123,86,47,28,20,50,91,86,90,10.8,9.8,10.1,9.5,10.0,9.8,9.6,10.2,10.2,10.9,12.0,10.9
Guayaquil,Ecuador,-2.153,-79.883,,,27.1,27.3,28.0,27.8,26.9,25.6,25.0,25.2,25.5,25.5,26.2,27.1,201,332,316,207,63,34,16,1,2,6,29,68,8.2,7.8,8.5,8.5,8.6,8.3,8.3,9.0,10.0,9.3,9.8,9.4
Quito,Ecuador,-0.17,-78.48,,,15.5,15.6,15.4,15.5,15.6,15.5,15.4,15.9,15.9,15.7,15.4,15.5,82,111,147,171,106,40,22,28,69,115,108,100,11.4,10.9,10.7,10.7,10.9,11.3,12.1,12.6,12.9,12.3,11.7,11.6
San Cristobal-Galapagos,Ecuador,-0.9,-89.6,,,26.0,26.7,26.7,26.5,25.9,24.6,23.5,22.7,22.8,23.0,23.9,24.8,83,107,106,95,42,32,19,10,8,11,13,52,6.3,7.2,7.6,7.4,6.5,5.9,5.7,5.8,5.9,6.0,6.1,6.1
Alexandria,Egypt,31.2,29.95,,,13.8,14.0,15.9,19.6,21.7,24.9,26.6,27.1,25.9,23.0,18.9,15.3,53,40,13,3,1,0,0,0,0,8,28,47,9.0,9.3,9.4,8.7,9.2,7.7,6.5,6.5,7.9,8.8,9.5,9.6
Asswan,Egypt,23.97,32.78,,,15.8,17.9,22.1,27.6,31.1,33.7,33.8,33.6,32.2,28.2,22.3,17.8,0,0,0,0,0,0,0,0,0,1,0,0,14.1,13.8,14.5,15.3,15.9,15.1,15.2,15.2,14.5,14.9,13.4,12.9
Cairo,Egypt,30.083,31.283,,,14.3,15.3,17.9,21.8,25.1,28.0,28.8,28.9,27.4,24.4,19.6,15.7,5,4,6,1,0,0,0,0,0,0,4,4,9.3,10.0,11.1,12.8,13.5,13.2,11.9,11.2,11.4,10.7,10.1,9.4
Hurghada,Egypt,27.15,33.72,,,16.4,17.2,19.9,23.8,27.1,29.7,31.1,31.1,29.1,26.4,22.0,18.1,1,0,0,0,0,0,0,0,0,1,2,2,10.5,11.0,11.0,11.0,9.4,8.4,7.9,8.0,8.4,9.8,10.0,10.2
Luxor,Egypt,25.67,32.7,,,14.4,16.4,20.6,26.1,30.1,32.4,33.0,32.7,30.8,26.8,20.6,16.1,2,0,0,0,1,0,0,0,0,1,0,0,17.1,17.3,17.7,18.4,17.8,17.8,16.7,16.6,17.1,16.9,16.7,16.5
Sharm El-Sheikh,Egypt,27.97,34.38,,,17.7,18.5,21.2,25.2,29.1,31.9,32.9,33.5,31.1,27.7,23.1,19.2,3,0,1,0,0,0,0,0,0,1,2,1,8.4,9.0,9.2,9.8,10.3,10.6,10.1,10.5,9.2,8.4,8.3,8.3
Acajutla,El Salvador,13.57,-89.83,,,27.4,27.8,28.4,29.2,28.8,28.2,28.1,28.1,27.6,27.6,27.8,27.4,2,3,11,50,174,314,297,278,369,218,63,7,10.1,10.2,9.7,9.1,8.5,8.7,9.3,9.3,8.5,8.7,9.7,9.9
Nueva Concepcion,El Salvador,14.2,-89.4,,,26.0,27.4,28.8,29.6,28.7,27.5,27.3,27.4,27.1,26.9,26.1,25.9,4,3,12,53,182,336,282,294,307,158,42,5,16.0,16.1,16.1,14.9,12.2,10.8,12.0,12.0,11.0,11.7,13.9,15.5
San Miguel,El Salvador,13.45,-88.12,,,27.6,28.5,29.6,30.6,29.8,28.6,28.6,28.5,28.0,27.8,27.3,27.2,1,1,6,24,212,247,217,255,320,212,58,7,18.7,19.2,18.0,15.9,12.9,11.6,12.8,12.7,11.2,11.3,13.6,16.9
San Salvador,El Salvador,13.72,-89.2,,,23.9,24.8,25.6,26.2,25.8,25.1,24.9,25.0,24.6,24.4,24.1,23.8,3,2,10,34,180,282,335,323,339,210,51,8,13.9,14.4,14.3,12.9,10.7,10.0,10.8,10.7,9.9,10.1,11.5,12.7
Santa Ana,El Salvador,13.98,-89.57,,,23.6,24.6,25.6,26.6,26.0,25.2,25.2,25.2,24.8,24.6,24.0,23.6,2,5,8,56,191,327,294,318,316,186,38,12,14.5,15.4,16.3,15.1,12.5,11.4,11.8,11.8,11.1,11.0,12.0,13.2
Asmara,Eritrea,15.28,38.92,,,14.1,15.3,16.8,17.2,18.1,18.1,16.6,16.5,15.9,15.3,14.6,13.9,2,2,12,36,42,42,174,165,25,12,17,4,17.0,17.2,16.6,14.6,14.3,13.9,10.4,10.2,14.5,13.0,14.1,15.5
Assab,Eritrea,13.07,42.72,,,25.6,26.1,27.5,29.6,31.2,32.9,34.7,34.2,32.6,30.6,28.0,26.2,7,8,4,5,2,0,12,6,4,1,4,17,9.0,8.9,9.8,9.9,9.4,8.8,9.2,8.8,8.7,9.8,9.4,9.0
Parnu,Estonia,58.4,24.5,,,-4.0,-4.5,-1.0,4.7,11.2,15.5,17.6,16.7,11.7,6.8,1.4,-2.2,53,39,41,40,37,62,78,72,69,78,75,68,4.9,5.6,6.0,7.5,9.3,8.7,8.1,7.6,6.8,5.3,4.1,4.5
Tallinn,Estonia,59.398,24.603,,,-4.0,-4.7,-1.1,4.1,9.9,14.4,16.6,15.8,10.8,6.2,1.0,-2.1,51,34,35,36,37,61,77,83,75,76,69,60,5.2,5.7,6.3,8.1,9.9,9.4,9.1,8.3,7.3,5.8,4.5,4.9
Tartu,Estonia,58.4,26.7,,,-5.1,-5.4,-1.1,5.2,11.2,15.0,16.9,15.9,10.9,5.9,0.3,-3.4,40,32,32,32,53,69,76,80,67,60,52,45,5.2,6.0,6.8,9.0,10.9,10.6,10.0,9.4,7.9,5.9,4.2,4.8
Manzini,Eswatini,-26.48,31.38,,,23.6,23.4,22.5,20.4,18.2,15.6,15.9,17.3,19.5,20.3,21.4,23.0,139,142,103,64,18,8,12,24,56,108,132,117,9.9,9.5,9.6,10.7,12.4,13.5,13.5,13.2,12.3,10.8,10.2,10.3
Mbabane,Eswatini,-26.32,31.13,,,19.9,19.5,18.8,16.8,14.6,12.0,12.2,13.9,16.4,17.1,17.7,18.9,253,225,152,88,34,19,20,35,69,142,198,207,10.0,10.0,10.7,11.6,13.5,14.6,15.2,14.7,13.7,11.5,9.6,9.5
Addis Ababa,Ethiopia,9.02,38.73,,,16.0,16.5,17.5,17.5,18.0,16.5,15.5,15.5,16.0,16.0,15.0,15.0,13,30,58,82,84,138,280,290,149,27,7,7,16.0,15.0,15.0,13.0,14.0,13.0,11.0,11.0,12.0,14.0,16.0,16.0
Assosa,Ethiopia,10.02,34.52,,,22.5,23.5,24.5,24.5,22.5,20.5,20.0,20.0,20.5,20.5,21.5,21.5,8,11,22,37,13,5,48,68,23,11,8,5,17.0,17.0,17.0,15.0,13.0,11.0,10.0,10.0,11.0,13.0,15.0,15.0
Awassa,Ethiopia,7.05,38.47,,,20.0,21.0,21.5,21.0,20.5,20.0,19.0,19.5,19.0,19.5,19.0,19.0,29,44,100,147,133,99,128,125,140,92,30,24,18.0,18.0,17.0,14.0,13.0,12.0,10.0,11.0,12.0,15.0,18.0,18.0
Bahir Dar,Ethiopia,11.55,37.35,,,18.5,20.0,21.5,22.5,22.5,21.0,19.5,19.0,19.0,19.5,19.0,18.0,2,2,12,28,80,205,396,375,211,87,12,6,21.0,22.0,21.0,19.0,19.0,16.0,13.0,12.0,14.0,15.0,18.0,20.0
Bale Robe,Ethiopia,7.13,40.02,,,14.5,15.5,16.5,16.5,16.5,16.5,16.0,16.0,15.0,14.5,14.0,14.0,22,26,70,146,108,63,105,121,126,94,37,23,17.0,17.0,15.0,13.0,13.0,13.0,12.0,12.0,12.0,11.0,14.0,16.0
Dire Dawa,Ethiopia,9.58,41.87,,,19.5,20.5,21.5,22.0,23.0,23.0,21.5,22.0,22.0,21.5,19.5,19.0,15,27,74,113,78,42,115,158,105,36,16,13,13.0,13.0,13.0,12.0,12.0,12.0,11.0,12.0,12.0,15.0,15.0,14.0
Gode,Ethiopia,5.9,43.58,,,28.0,29.0,30.0,30.0,29.0,28.5,28.0,28.5,29.5,29.0,28.0,27.5,0,2,11,77,34,2,1,6,13,71,26,2,14.0,16.0,14.0,12.0,12.0,11.0,10.0,11.0,13.0,12.0,14.0,15.0
Gondar,Ethiopia,12.55,37.42,,,20.0,21.0,21.5,22.5,22.0,19.5,18.0,18.0,19.0,19.5,19.5,19.5,2,2,13,32,72,160,293,275,112,60,12,4,16.0,16.0,15.0,15.0,14.0,11.0,10.0,10.0,12.0,13.0,15.0,15.0
Jimma,Ethiopia,7.67,36.83,,,19.5,20.5,20.5,20.0,20.0,19.0,18.5,18.5,19.0,19.0,19.5,19.5,37,39,105,151,206,239,269,273,220,139,50,38,15.0,15.0,15.0,14.0,14.0,12.0,11.0,11.0,12.0,14.0,15.0,15.0
Lalibela,Ethiopia,12.03,39.05,,,18.0,19.5,20.0,20.0,20.0,19.5,16.5,16.0,17.5,18.0,18.0,17.5,17,23,50,66,52,43,240,260,83,26,15,19,14.0,13.0,14.0,12.0,12.0,11.0,7.0,8.0,11.0,12.0,14.0,13.0
Mekele,Ethiopia,13.48,39.47,,,17.5,18.5,19.5,20.5,21.0,21.0,19.5,19.0,19.5,18.5,17.0,17.0,5,11,29,41,35,38,164,203,48,11,7,3,15.0,15.0,15.0,13.0,14.0,14.0,11.0,10.0,13.0,13.0,14.0,14.0
Nadi,Fiji,-17.75,177.45,,,27.1,27.2,26.9,26.2,24.9,24.2,23.4,23.5,24.4,25.3,26.2,26.8,299,302,324,163,78,62,46,58,77,103,138,159,8.9,8.6,8.5,9.0,9.6,9.9,10.2,10.3,10.1,9.8,9.4,9.3
Suva,Fiji,-18.15,178.45,,,27.1,27.4,27.1,26.4,25.1,24.5,23.4,23.6,23.9,24.8,25.7,26.5,315,286,371,391,267,164,142,159,184,234,264,263,6.9,7.2,7.1,6.7,6.3,6.2,6.1,6.1,6.1,6.1,6.4,6.6
Helsinki-Vantaa,Finland,60.203,24.961,,,-5.5,-6.1,-2.2,3.4,9.9,14.6,16.8,15.3,10.1,5.2,0.1,-3.7,44,34,35,36,35,49,69,78,69,74,69,57,5.9,6.4,6.7,8.2,11.1,10.5,10.0,9.2,7.9,5.9,4.9,5.8
Kuopio,Finland,62.88,27.68,,,-9.7,-9.7,-4.3,1.4,8.9,14.8,17.2,14.9,9.4,3.7,-2.4,-7.2,41,31,34,32,39,65,77,80,59,53,51,46,7.0,7.5,8.0,8.3,10.2,8.8,8.3,7.2,5.9,4.4,4.3,6.2
Rovaniemi,Finland,66.48,25.68,,,-11.8,-11.1,-6.1,-0.9,6.0,12.4,15.2,12.4,6.9,0.3,-6.1,-10.1,42,34,36,31,36,59,69,72,54,55,49,42,6.6,6.0,6.6,7.2,8.4,8.7,8.4,7.5,6.2,4.6,5.2,6.4
Tampere,Finland,61.5,23.77,,,-6.8,-7.3,-2.8,2.6,9.4,14.1,16.4,14.8,9.4,4.3,-0.9,-4.9,38,26,31,32,36,58,72,75,61,56,50,40,6.4,7.4,7.8,8.8,11.6,11.0,10.3,9.3,7.6,5.8,4.7,6.0
Turku,Finland,60.52,22.27,,,-4.7,-5.3,-1.6,3.7,9.9,14.8,16.9,15.7,10.5,5.6,0.7,-3.0,55,40,43,37,35,52,76,79,68,74,74,66,5.6,6.3,6.7,8.5,10.9,10.3,9.5,8.9,7.6,5.8,4.9,5.5
Ajaccio,France,41.925,8.736,,,8.8,9.1,10.3,12.3,16.1,19.4,22.2,22.8,20.2,16.8,12.5,9.9,62,56,57,64,39,23,10,20,54,92,95,68,9.5,9.7,9.8,10.0,10.1,10.5,11.0,11.1,10.8,10.1,9.7,9.5
Bordeaux,France,44.87,-0.58,,,6.4,7.5,9.6,11.6,15.4,18.2,20.8,20.9,18.1,14.2,9.4,7.2,92,83,70,80,84,64,54,60,90,94,107,107,7.2,8.3,9.9,9.9,10.2,10.5,11.3,11.4,11.2,9.3,7.9,6.9
Brest,France,48.45,-4.42,,,6.7,6.8,8.1,9.2,12.1,14.5,16.6,16.8,15.1,12.3,9.2,7.6,138,116,98,82,73,56,51,60,89,119,121,142,4.9,5.2,5.9,6.7,7.1,7.3,7.6,7.6,7.3,6.0,5.4,4.8
Clermont Ferrand,France,45.77,3.08,,,3.5,4.9,7.3,9.4,13.7,16.9,19.6,19.5,16.2,12.0,6.8,4.4,29,27,26,45,85,64,54,67,64,53,38,33,7.6,8.8,10.3,10.7,11.0,11.3,12.5,12.6,11.9,9.8,8.4,7.5
Le Lamentin,France,14.6,-61.0,,,24.9,24.8,25.2,25.9,26.8,27.3,27.2,27.2,27.0,26.7,26.3,25.4,120,89,88,96,123,170,204,252,236,270,224,159,6.9,7.1,7.3,7.3,6.7,5.9,5.9,6.5,7.4,7.5,7.2,7.0
"Le Raizet, Guadeloupe",France,16.27,-61.53,,1961-1990,24.5,24.5,24.9,25.9,26.9,27.5,27.6,27.7,27.4,27.0,26.3,25.2,84,64,73,123,148,118,150,198,236,228,220,137,9.2,9.2,9.0,8.4,7.6,7.5,7.7,7.9,8.2,8.3,8.4,8.7
Lille,France,50.65,3.07,,,3.4,3.9,6.6,8.9,12.9,15.5,17.9,18.0,15.0,11.1,6.6,4.3,57,44,58,50,62,68,61,53,64,67,72,68,4.7,5.7,7.0,8.4,9.1,9.0,9.6,10.2,8.7,7.3,5.5,4.5
Lyon,France,45.73,4.82,,,3.1,4.8,7.8,10.4,14.9,18.3,21.3,21.0,17.1,12.6,6.9,4.3,53,50,55,72,88,80,62,69,88,95,75,56,6.1,7.2,9.1,9.7,10.1,10.4,11.4,11.4,10.4,8.3,6.6,5.6
Marseille,France,43.3,5.37,,,7.1,8.2,10.7,13.1,17.4,21.1,24.1,23.9,20.4,15.9,10.8,8.1,54,44,40,58,41,25,13,31,61,85,51,52,8.2,8.7,9.3,9.2,9.6,10.1,10.8,10.5,9.8,8.7,7.9,7.9
Nantes,France,47.22,-1.55,,,5.8,6.5,8.6,10.4,14.1,16.9,19.4,19.4,16.8,12.9,8.7,6.6,86,75,59,58,63,41,47,41,68,83,85,93,5.9,6.9,8.3,8.9,9.2,9.9,10.5,10.8,10.0,8.1,7.0,5.8
Nice,France,43.7,7.27,,1971-2000,9.1,9.7,11.2,13.1,16.8,20.1,23.1,23.6,20.6,16.9,12.6,10.0,85,60,61,69,49,38,15,24,76,144,94,88,7.6,7.5,7.3,6.8,6.6,6.9,6.9,7.2,7.3,7.4,7.5,7.6
Paris,France,48.822,2.338,,,4.7,5.5,8.4,10.8,14.8,17.6,19.9,20.0,16.6,12.5,7.8,5.7,54,44,48,53,65,55,63,43,55,60,52,59,4.4,5.4,6.7,7.9,8.5,8.5,8.9,9.2,8.3,6.6,5.1,4.2
Rochambeau,France,4.83,-52.37,,1961-1990,25.9,25.9,26.1,26.4,26.2,26.1,26.1,26.4,26.6,26.8,26.4,26.1,439,305,394,400,599,460,244,165,74,82,154,359,5.9,6.0,6.2,6.4,6.3,7.1,8.3,9.1,9.9,9.9,8.9,7.0
Strasbourg,France,48.58,7.75,,,1.6,2.8,6.7,9.8,14.3,17.2,19.5,19.3,15.5,10.6,5.3,2.8,30,35,36,42,78,77,66,58,62,52,50,44,5.2,6.9,8.9,10.3,10.6,10.3,11.2,11.4,10.4,8.0,6.0,5.0
Toulouse,France,43.6,1.43,,,5.8,7.2,9.2,11.3,15.4,18.8,21.6,21.7,18.6,14.2,9.1,6.7,52,51,54,67,77,64,45,50,52,52,51,52,7.2,8.0,9.5,9.7,10.2,10.9,11.9,11.6,11.3,9.3,7.8,6.8
Tahiti,French Polynesia,-17.55,-149.62,,1961-1990,26.9,27.0,27.1,27.0,26.2,25.0,24.6,24.4,24.8,25.5,26.1,26.5,315,233,195,141,92,60,60,48,46,91,162,317,6.9,7.0,7.3,7.3,7.4,7.7,7.5,7.7,7.6,7.2,6.9,6.7
Libreville,Gabon,0.45,9.42,,1961-1990,26.8,27.0,27.1,26.6,26.7,25.4,24.3,24.3,25.4,25.7,25.9,26.2,250,243,363,339,247,54,7,14,104,427,490,303,5.4,6.0,6.3,7.0,5.4,4.4,4.3,5.0,4.3,4.6,5.0,5.6
Banjul,Gambia (The),13.45,-16.58,,,25.1,25.8,26.2,25.9,26.3,27.4,27.5,27.5,27.6,28.7,27.8,26.3,1,1,0,0,2,44,189,287,234,62,1,0,14.5,14.9,13.3,11.9,10.6,10.0,8.6,8.2,8.9,9.6,12.4,13.2
Basse,Gambia (The),13.31,-14.21,,,25.0,27.6,30.3,32.6,33.0,31.6,28.6,27.8,27.8,28.9,27.6,25.4,0,0,0,0,12,94,196,314,238,61,2,0,20.8,20.3,19.4,17.6,15.3,11.9,9.7,8.9,9.6,11.6,17.3,20.2
Janjanbureh,Gambia (The),13.53,-14.77,,,24.6,27.1,29.3,31.1,31.8,30.8,28.5,27.8,27.6,28.4,27.3,25.3,0,0,0,0,10,83,193,273,214,58,1,0,20.5,20.5,20.2,19.1,16.5,12.7,9.5,8.5,9.3,12.0,17.8,20.0
Jenoi,Gambia (The),13.47,-15.57,,,24.4,26.6,28.8,30.2,30.9,30.4,28.6,28.1,28.0,28.7,27.0,24.9,0,0,0,0,5,67,215,263,224,62,1,0,20.8,21.3,20.9,19.9,17.3,13.7,10.0,9.0,9.5,11.1,17.5,20.3
Kaur,Gambia (The),13.7,-15.33,,,24.7,27.2,29.9,32.0,32.7,31.5,29.0,27.8,27.8,28.8,27.9,25.2,0,0,0,0,3,66,189,280,216,64,0,0,20.1,19.4,18.6,16.7,14.6,11.8,10.3,8.9,9.5,11.3,16.9,19.9
Kerewan,Gambia (The),13.5,-16.1,,,26.2,26.6,28.3,29.1,29.5,29.2,27.9,27.4,27.4,28.3,27.4,25.7,0,1,0,0,2,61,198,304,237,80,0,0,16.3,19.8,20.4,20.0,17.3,13.3,10.3,9.2,9.7,11.2,16.0,18.1
Yundum airport,Gambia (The),13.35,-16.63,,,25.1,26.2,27.1,26.7,27.1,28.3,27.9,27.4,27.7,28.1,27.3,25.7,0,1,0,0,3,58,226,326,263,64,1,0,15.7,16.1,16.1,14.1,11.9,9.8,7.9,7.6,8.8,9.8,13.2,15.0
Tbilisi,Georgia,41.68,44.95,,,1.7,2.9,6.9,12.8,17.4,21.2,24.4,23.7,19.6,13.5,8.1,3.8,19,26,30,50,78,76,45,48,36,38,30,21,,,,,,,,,,,,
Berlin,Germany,52.566,13.311,,,0.5,1.4,4.9,8.7,13.9,17.0,19.0,18.9,14.7,9.9,4.7,2.0,42,33,40,37,54,69,56,58,45,37,44,55,4.8,5.7,7.2,9.0,9.9,9.3,9.4,9.5,8.2,7.0,4.9,4.8
Bremen,Germany,53.05,8.8,,,1.4,1.8,5.0,8.1,12.7,15.2,17.4,17.4,13.8,9.7,5.2,2.7,55,36,51,41,54,73,65,61,60,55,58,62,5.0,5.9,7.4,9.4,10.6,9.9,10.0,10.5,9.1,7.7,5.7,4.8
Dresden,Germany,51.13,13.75,,,0.2,1.1,4.9,8.4,13.6,16.6,18.6,18.6,14.6,9.9,4.4,1.7,44,35,43,47,60,68,82,78,50,44,54,57,4.9,5.9,7.1,9.0,10.1,9.5,9.9,10.1,8.4,7.1,5.0,4.6
Erfurt,Germany,50.98,10.97,,,-0.4,0.2,4.0,7.5,12.3,15.2,17.3,17.4,13.7,8.9,3.7,0.9,25,24,36,40,55,61,62,53,40,37,38,32,5.3,6.1,7.5,9.4,10.4,9.9,10.4,10.7,9.2,7.6,5.5,4.9
Essen,Germany,51.4,6.97,,,2.4,2.9,6.0,8.8,13.4,15.8,17.9,18.0,14.7,10.6,5.9,3.6,84,58,78,61,72,93,81,79,78,75,81,93,4.3,5.2,6.2,7.7,8.5,8.3,8.5,8.6,7.2,6.1,4.6,4.0
Frankfurt,Germany,50.1,8.68,,,1.4,2.2,6.2,9.3,13.9,17.0,19.2,19.1,15.1,10.0,4.9,2.5,42,37,48,43,60,61,65,53,50,55,52,56,5.3,6.8,8.5,10.4,11.1,10.6,11.1,11.4,10.0,8.0,5.6,5.0
Freiburg,Germany,48.0,7.85,,,2.5,3.6,7.5,10.4,15.1,17.9,20.4,20.3,16.5,11.5,6.2,3.7,53,54,58,74,103,109,99,84,76,75,71,74,5.2,6.3,7.7,9.1,9.5,9.5,9.8,9.8,9.0,7.2,5.7,5.2
Hamburg,Germany,53.63,10.0,,,1.1,1.6,4.5,7.8,12.4,15.2,17.4,17.4,13.8,9.5,5.0,2.3,64,42,63,46,54,77,75,73,68,64,69,78,4.9,5.6,6.9,9.0,10.1,9.4,9.4,9.7,8.3,7.0,5.1,4.6
Hannover,Germany,52.47,9.68,,,1.2,1.7,4.9,8.1,12.8,15.6,17.7,17.5,14.1,9.7,5.0,2.6,52,36,52,44,53,71,59,60,54,49,50,62,5.1,6.1,7.6,9.8,10.9,10.1,10.2,10.7,9.1,7.5,5.3,4.7
Kassel,Germany,51.3,9.45,,,0.6,1.4,5.1,8.3,13.0,15.7,17.8,17.8,14.1,9.4,4.4,1.8,54,40,51,45,64,76,64,57,57,52,59,67,4.3,5.7,7.2,8.9,9.8,9.3,9.6,10.1,8.6,7.1,4.6,4.1
Kiel,Germany,54.38,10.15,,,2.2,2.8,4.6,7.7,11.6,14.5,17.1,16.9,13.9,9.6,4.8,2.6,72,50,62,42,46,70,88,72,74,73,57,77,4.5,4.8,6.2,7.7,9.1,8.6,8.5,8.7,6.9,6.1,4.6,4.4
Koeln,Germany,50.87,7.17,,,2.2,2.8,6.1,8.9,13.3,16.0,18.2,18.0,14.6,10.4,5.8,3.4,60,47,62,50,72,88,86,65,69,62,63,71,5.9,7.5,8.8,10.6,11.3,10.6,10.9,11.4,10.0,8.4,6.5,5.6
Leipzig,Germany,51.42,12.23,,,0.7,1.0,4.9,8.3,13.4,16.4,18.5,18.6,14.8,9.8,4.5,1.6,31,27,36,42,42,55,58,59,44,36,37,39,5.1,6.1,7.5,9.3,10.5,10.1,10.4,10.6,9.1,7.7,5.4,4.7
Magdeburg,Germany,52.13,11.6,,,0.6,1.2,5.0,8.5,13.5,16.2,18.2,18.2,14.4,9.7,4.6,1.8,32,27,38,34,45,61,48,51,38,32,34,42,5.3,6.5,7.9,10.2,11.4,10.8,11.2,11.6,9.8,8.4,5.8,4.9
Munich,Germany,48.37,11.8,,,-0.5,0.5,4.5,7.7,12.6,15.4,17.9,17.6,13.9,8.9,3.6,0.7,48,45,58,70,93,128,132,110,86,65,71,61,6.4,7.5,8.9,9.7,10.8,10.1,10.5,10.7,9.9,8.5,6.7,6.0
Nuernberg,Germany,49.5,11.05,,,-0.1,0.9,4.9,8.2,13.4,16.4,18.5,18.3,14.2,9.2,3.9,1.1,43,34,44,41,59,74,75,60,51,51,44,52,5.6,7.3,8.9,10.6,11.4,10.7,11.0,11.4,10.2,8.4,5.9,5.3
Oberstdorf,Germany,47.4,10.28,,,-1.8,-0.8,2.6,5.9,10.6,13.5,15.9,15.8,12.5,8.2,2.4,-0.8,126,112,128,121,140,210,229,200,145,115,142,134,9.5,10.5,10.9,11.1,12.1,11.2,11.5,11.4,11.4,10.8,9.6,8.9
Regensburg,Germany,49.05,12.1,,,-1.2,0.1,4.8,8.6,13.6,16.4,18.5,18.4,14.3,8.8,3.1,0.2,41,34,39,39,57,81,81,65,52,49,48,50,4.8,6.5,8.6,10.7,11.6,11.0,11.3,11.6,10.0,7.8,5.0,4.4
Rostock,Germany,54.18,12.08,,,0.9,1.4,4.0,7.3,12.2,15.3,17.6,17.8,14.2,10.0,5.3,2.5,47,30,42,36,48,66,64,57,56,44,46,50,4.1,4.4,5.5,6.5,7.7,6.8,6.9,7.1,6.3,5.4,4.2,3.9
Saarbruecken,Germany,49.22,7.12,,,0.9,1.9,5.4,8.4,12.9,15.6,17.9,17.9,14.2,9.7,4.5,2.1,70,59,64,57,74,78,78,60,66,82,84,93,4.7,6.1,7.5,9.0,9.6,9.5,9.9,10.1,8.9,7.2,5.3,4.6
Stuttgart,Germany,48.83,9.2,,,1.4,2.3,6.1,9.1,13.7,16.5,19.0,18.9,15.1,10.3,5.0,2.4,34,34,39,48,82,92,68,64,54,51,50,49,5.3,6.4,7.8,9.1,9.6,9.2,9.8,10.0,9.2,7.7,6.0,5.0
Trier,Germany,49.75,6.67,,,1.4,2.2,5.9,8.8,13.4,16.2,18.4,18.4,14.7,10.0,4.8,2.6,62,52,61,52,67,68,72,60,62,70,71,77,4.6,6.1,7.8,9.7,10.4,10.2,10.8,11.1,9.7,7.4,5.1,4.3
Accra,Ghana,5.57,-0.18,,,28.2,29.1,29.1,28.9,28.0,26.6,25.8,25.5,26.3,27.2,28.1,28.2,10,14,55,82,148,176,65,22,47,64,32,25,8.3,8.1,7.9,7.6,7.2,6.1,5.3,5.6,6.4,7.5,7.8,7.8
Akim Oda,Ghana,5.917,-0.983,,,28.5,28.5,28.4,28.2,27.6,26.6,25.8,25.5,26.2,26.9,27.2,26.8,60,60,119,152,176,192,136,78,119,202,107,41,12.0,12.0,10.9,10.1,9.2,7.8,6.9,6.8,7.7,9.1,9.9,9.6
Axim,Ghana,4.867,-2.233,,,27.0,28.0,28.1,27.9,27.2,26.2,25.6,25.0,25.6,26.4,27.0,27.2,38,44,98,168,316,492,169,60,86,202,138,66,6.7,6.2,6.4,6.6,6.3,4.8,3.9,4.0,4.1,5.1,6.8,6.7
Bole,Ghana,9.033,-2.483,,,26.5,28.9,30.1,29.3,28.1,26.6,25.6,25.2,25.7,26.8,26.7,25.8,2,11,49,104,134,151,146,166,212,107,18,6,17.5,16.1,13.6,11.0,10.0,8.9,8.1,7.8,9.0,10.9,14.8,17.7
Bolgatanga,Ghana,10.8,-0.867,,,27.3,30.0,32.5,32.8,30.8,28.4,27.0,26.5,26.8,28.5,29.1,27.7,0,2,12,43,104,141,168,257,179,55,6,4,14.8,14.8,13.4,11.7,10.6,9.1,8.2,7.7,8.8,11.5,15.3,15.6
Cape Coast,Ghana,5.11,-1.25,,,27.2,28.4,28.5,28.5,27.9,26.8,26.0,25.6,26.4,27.0,27.6,27.5,14,19,65,93,200,209,66,30,59,90,50,30,9.3,8.9,8.7,8.4,7.5,6.6,6.2,6.5,6.7,7.7,8.3,8.8
Goaso,Ghana,6.8,-2.517,,,25.6,27.5,27.9,27.5,27.3,26.4,25.4,25.0,25.8,26.4,26.8,25.9,10,46,124,158,181,191,129,77,149,170,60,33,14.0,13.4,11.9,10.7,9.8,8.7,7.6,7.2,8.0,9.2,10.1,10.8
Ho,Ghana,6.6,0.47,,,28.4,29.8,29.4,28.9,28.0,26.8,25.6,25.6,26.3,27.1,28.1,28.1,19,51,105,133,151,184,130,93,163,163,49,30,11.9,11.9,10.7,9.5,8.8,7.9,7.3,7.5,8.2,9.2,10.3,10.6
Kete-Krachi,Ghana,7.79,-0.05,,,27.5,30.0,30.8,29.9,28.9,27.4,26.4,26.1,26.6,27.6,28.3,27.2,8,11,37,94,129,217,211,228,252,143,22,8,13.7,12.4,10.5,9.0,8.3,7.4,6.5,6.5,7.5,8.9,10.8,12.7
Kintampo,Ghana,8.05,-1.717,,,27.1,28.8,29.6,28.4,27.4,26.1,25.2,25.0,25.4,26.3,27.2,26.8,5,22,71,143,154,185,148,134,229,178,36,12,13.3,13.2,11.9,10.1,9.1,8.2,7.3,7.3,7.8,9.2,10.6,11.7
Koforidua,Ghana,6.083,-0.25,,,27.1,28.6,28.5,28.2,27.5,26.5,25.6,25.5,26.3,26.9,27.3,27.1,22,62,114,143,162,192,123,90,138,158,68,29,13.3,12.9,11.5,10.5,9.7,8.2,7.2,7.3,8.2,9.5,10.6,11.1
Kumasi,Ghana,6.68,-1.63,,,26.9,28.5,28.4,27.8,27.3,26.1,25.1,24.8,25.5,26.4,27.1,26.6,20,48,112,152,161,208,139,85,168,147,46,29,11.7,11.8,10.8,9.8,9.0,8.1,7.1,6.9,7.7,8.9,9.6,9.9
Sefwi Bekwai,Ghana,6.197,-2.321,,,27.4,29.2,29.0,28.8,28.3,27.2,26.4,26.0,26.8,27.4,27.8,27.2,17,57,127,144,180,216,127,96,137,171,73,36,12.7,12.5,11.7,11.1,10.4,9.1,8.0,7.6,8.3,9.5,10.2,10.6
Sunyani,Ghana,7.34,-2.34,,,26.1,28.1,28.4,27.6,27.0,25.9,24.9,24.6,25.2,25.9,26.5,25.6,8,38,109,154,143,183,100,74,161,162,46,18,14.1,13.5,11.8,10.3,9.4,8.4,7.1,6.8,7.7,8.9,9.7,11.4
Takoradi,Ghana,4.89,-1.75,,,27.0,27.9,28.2,28.1,27.6,26.5,25.5,25.0,25.5,26.4,27.3,27.3,16,29,55,108,205,245,95,54,65,124,55,25,8.6,7.9,7.6,7.3,6.9,5.8,5.6,5.4,5.6,6.5,7.6,8.0
Tamale,Ghana,9.4,-0.83,,,27.5,30.4,32.2,31.4,29.6,27.6,26.7,26.4,26.8,28.2,28.8,27.4,3,10,33,87,123,148,171,200,213,90,8,4,16.5,15.1,12.8,10.9,9.7,8.6,7.6,7.4,8.6,11.0,14.8,16.8
Wa,Ghana,10.06,-2.51,,,27.4,29.9,31.6,30.8,29.3,27.4,26.3,25.9,26.3,28.0,28.5,27.4,5,6,23,84,123,137,150,209,182,74,5,2,14.7,14.1,12.6,11.0,10.0,8.9,8.0,7.7,8.6,10.5,13.6,15.1
Yendi,Ghana,9.43,0.0,,,27.9,30.4,31.6,30.7,29.1,27.2,26.2,26.0,26.4,27.4,28.0,27.5,4,5,43,89,117,171,181,229,262,101,6,3,15.2,14.7,13.1,11.2,10.2,9.1,7.9,7.8,8.9,10.5,14.6,15.5
Aktion (Preveza),Greece,38.922,20.769,,,9.7,10.2,11.9,14.3,18.2,21.9,24.1,24.7,22.3,18.7,14.2,10.9,97,107,80,63,35,10,8,16,45,109,173,129,7.0,7.3,8.0,8.0,8.5,8.7,9.1,9.4,9.0,8.2,7.1,6.8
Alexandroupoli,Greece,40.857,25.947,,,5.0,5.8,7.8,12.1,16.8,21.1,23.9,23.9,20.2,15.3,10.7,7.0,62,56,49,40,35,30,19,13,27,50,88,85,7.3,7.9,8.6,10.1,11.0,12.1,12.6,12.8,12.2,10.0,8.2,7.4
Anchialos (Volos),Greece,39.224,22.794,,,6.9,7.9,9.6,13.2,18.1,22.6,24.8,24.6,21.4,16.9,12.5,8.6,49,47,53,36,37,22,17,16,36,63,64,60,8.3,8.9,9.5,11.1,11.9,12.7,12.4,12.2,11.3,9.5,8.6,8.1
Athens,Greece,37.97,23.72,,,8.8,9.4,11.2,14.9,19.9,24.6,27.1,27.0,23.2,18.4,14.0,10.4,57,47,41,31,23,11,6,6,14,53,58,69,7.3,8.1,9.0,10.6,12.1,12.9,12.7,12.5,11.9,9.9,8.3,7.3
Athinai Hellinikon (South Attica),Greece,37.89,23.742,,,10.3,10.6,12.1,15.4,20.0,24.4,27.3,27.2,23.9,19.4,15.4,12.0,48,41,40,26,15,6,5,7,10,48,55,64,6.6,7.0,7.3,8.0,8.3,8.6,9.0,8.9,8.6,7.6,6.8,6.4
Chios,Greece,38.345,26.142,,,9.2,9.5,11.1,14.0,18.2,22.6,25.4,25.0,21.9,17.7,13.1,10.5,98,79,63,37,13,1,0,0,13,27,76,122,6.2,6.4,7.5,8.7,9.4,10.2,9.0,8.7,8.9,8.0,6.5,6.0
Herakleion,Greece,35.335,25.182,,,12.2,12.2,13.2,15.9,19.2,23.2,25.1,25.1,22.9,19.9,16.7,13.9,90,68,58,28,14,4,1,1,18,65,59,78,6.3,6.6,7.0,8.2,8.5,8.2,7.1,6.7,7.1,6.9,6.6,6.2
Ioannina,Greece,39.695,20.819,,,5.1,6.2,8.8,11.8,16.3,20.2,22.9,22.9,19.4,14.8,10.1,6.5,124,112,95,78,69,44,32,31,54,100,168,175,9.9,10.5,11.2,11.8,13.4,14.8,15.9,15.9,14.5,12.7,10.8,9.3
Kalamata,Greece,37.069,22.023,,,10.5,10.6,12.0,14.4,18.4,22.4,24.6,24.9,22.4,18.9,15.2,11.9,12,94,73,48,26,8,4,11,29,85,137,153,9.6,9.8,10.3,11.0,11.9,12.8,13.0,12.9,12.5,11.5,10.6,9.5
Kastoria,Greece,40.449,21.274,,,2.5,3.2,6.4,10.6,15.1,18.9,21.8,21.6,18.1,13.1,7.3,3.4,39,48,44,51,50,27,26,30,26,64,82,69,8.7,9.1,10.6,12.1,13.1,13.9,15.2,15.2,14.7,11.8,9.0,7.8
Kefalhnia,Greece,38.12,20.505,,,11.4,11.4,12.7,14.8,18.6,22.2,24.4,25.1,22.9,19.5,15.6,12.8,110,110,76,60,18,11,5,10,38,100,150,132,5.8,5.8,6.4,6.8,7.8,8.3,8.4,8.4,7.8,7.0,6.1,5.7
Kerkyra,Greece,39.608,19.914,,,9.5,9.9,11.4,14.1,18.4,22.2,24.6,25.1,22.1,18.3,14.3,11.1,137,125,98,67,37,14,9,19,81,138,187,186,8.8,8.5,9.2,9.8,10.9,11.6,12.5,12.5,11.1,9.8,8.8,8.5
Larissa,Greece,39.646,22.46,,,5.2,6.7,9.0,12.9,18.3,23.1,25.4,25.0,21.2,16.1,10.8,6.5,32,32,37,33,38,26,19,16,30,52,57,51,9.1,10.7,11.4,13.4,14.8,15.8,15.4,15.3,14.4,12.2,10.0,9.1
Mytilini,Greece,39.054,26.604,,,9.4,9.8,11.3,15.1,19.5,23.9,26.0,25.8,22.6,18.2,14.3,11.2,120,89,72,46,22,6,2,3,10,39,97,143,5.4,5.6,6.6,7.8,8.7,9.2,8.8,8.8,8.2,6.9,5.8,5.1
Rhodes,Greece,36.402,28.088,,,11.9,12.0,13.4,16.2,20.0,24.1,26.4,26.7,24.4,20.7,16.6,13.5,150,106,76,28,19,2,0,0,6,66,94,157,6.3,6.4,6.7,7.5,8.4,8.5,8.2,8.0,7.7,7.6,6.9,6.2
Samos,Greece,37.691,26.916,,,10.2,9.8,11.8,15.0,19.5,24.1,27.4,27.2,23.7,19.1,14.2,11.7,133,105,88,43,20,2,0,1,17,33,104,164,6.5,6.7,7.7,9.0,10.3,11.1,10.3,10.1,9.8,8.3,7.1,6.4
Souda (Chania),Greece,35.529,24.145,,,11.1,11.1,12.5,15.5,19.6,23.7,25.5,25.4,22.9,19.3,15.8,12.8,137,108,83,32,13,4,1,1,16,73,73,100,6.7,7.1,7.8,8.8,9.8,10.2,9.7,9.4,8.9,8.0,7.4,6.8
Tatoi (North Attica),Greece,38.101,23.779,,,7.6,8.1,9.8,13.5,18.4,22.9,25.4,25.4,21.8,17.0,12.8,9.4,70,51,43,25,21,11,10,4,14,50,56,76,8.6,8.9,9.6,11.8,13.1,13.7,12.9,12.6,12.4,10.7,10.1,8.9
Thessaloniki,Greece,40.52,22.97,,,5.3,6.6,9.3,13.2,18.3,22.8,25.1,24.7,21.1,16.0,11.1,7.0,37,38,41,38,44,30,24,20,27,41,54,55,8.0,8.7,9.7,11.5,12.4,12.9,12.9,12.8,12.3,10.4,8.6,8.0
Tripolis,Greece,37.525,22.397,,,5.2,5.8,7.8,11.0,15.4,19.9,22.2,22.3,19.0,14.5,10.2,7.0,111,90,75,58,39,23,20,22,28,69,110,136,8.7,9.3,10.5,12.2,14.5,15.9,15.8,15.6,14.8,12.3,10.6,8.4
Guatemala City,Guatemala,14.62,-90.52,,,17.6,19.1,20.3,21.4,21.6,20.8,20.1,20.4,20.1,19.8,18.7,18.2,3,5,7,26,117,250,180,182,235,131,43,7,12.3,12.3,12.6,12.1,10.9,9.1,8.7,9.2,8.6,8.7,9.4,10.3
Boke,Guinea,10.93,-14.3,,,26.3,28.0,29.1,29.7,29.3,27.4,26.1,25.8,26.1,26.8,27.1,26.0,0,0,0,5,105,256,484,601,477,319,68,2,16.8,16.8,16.2,14.6,11.6,8.9,7.1,6.6,8.1,9.7,11.3,15.2
Conakry,Guinea,9.57,-13.62,,,27.0,27.5,28.2,28.4,28.2,27.0,26.0,25.8,26.4,26.8,27.8,27.6,2,1,3,18,112,434,1083,1142,555,293,80,6,9.3,8.7,8.1,7.7,7.3,6.7,5.7,5.3,6.3,7.2,7.3,8.5
Faranah,Guinea,10.03,-10.73,,,22.8,26.1,28.5,28.5,26.8,25.1,24.2,24.2,24.5,25.1,24.7,22.3,2,2,13,72,137,214,261,299,297,175,44,0,19.3,17.7,15.3,13.0,11.0,9.5,8.3,8.5,9.6,11.1,13.8,17.8
Kankan,Guinea,10.35,-9.3,,,24.2,27.4,29.6,30.1,28.5,26.5,25.4,25.1,25.5,26.4,25.9,23.8,2,1,24,67,134,202,262,319,305,130,18,1,19.2,17.0,14.4,12.0,10.7,9.7,8.5,8.2,9.3,10.6,14.3,18.0
Kindia,Guinea,10.05,-12.87,,,25.4,26.8,27.7,27.9,26.5,24.8,23.8,23.5,24.0,24.6,25.2,24.9,1,2,12,48,178,243,372,474,353,225,39,7,12.8,14.1,14.4,13.0,10.4,8.2,6.7,6.3,7.6,8.6,9.5,11.5
Kissidougou,Guinea,9.18,-10.1,,,22.6,25.1,27.0,26.8,25.6,24.5,23.8,23.8,24.0,24.5,24.2,22.4,7,18,46,129,206,257,265,339,328,247,77,15,19.6,18.2,15.0,12.1,10.8,9.3,8.1,8.0,9.3,10.6,12.9,17.6
Koundara,Guinea,12.47,-13.28,,,25.5,27.9,30.2,31.7,31.5,28.8,26.7,26.5,26.8,27.5,26.8,24.7,0,0,0,2,49,137,250,305,263,82,9,0,17.5,17.1,16.3,15.2,13.2,10.3,8.8,8.2,8.9,9.6,13.1,18.0
Labe,Guinea,11.32,-12.28,,,19.4,21.2,23.1,24.8,24.4,22.7,21.6,21.5,21.6,21.6,20.5,19.1,2,4,9,35,140,233,316,340,296,133,134,2,19.8,19.9,18.7,15.9,12.8,10.4,8.5,8.0,9.1,11.0,15.6,18.9
Macenta,Guinea,8.53,-9.47,,,22.6,24.6,25.6,25.6,25.3,24.4,23.8,23.6,24.0,24.4,24.0,22.6,15,56,99,204,227,282,412,537,463,270,132,40,17.3,16.2,13.6,11.4,10.6,9.2,7.5,7.3,8.7,10.5,12.0,15.5
Mamou,Guinea,10.37,-12.08,,,22.9,24.8,26.1,26.2,25.0,23.4,22.4,22.4,22.6,23.2,23.3,22.4,2,5,22,73,156,207,333,404,337,200,48,5,15.9,15.9,15.3,13.1,10.7,8.8,7.5,7.2,8.4,9.8,12.4,15.1
N'Zerekore,Guinea,7.75,-8.82,,,23.4,25.2,25.9,25.8,25.4,24.4,23.6,23.6,24.1,24.5,24.4,23.3,10,45,113,161,174,199,225,298,325,189,77,24,15.7,14.2,11.9,10.3,9.3,8.1,7.1,6.8,8.1,9.4,10.4,13.0
Siguiri,Guinea,11.4,-9.18,,,25.0,27.7,30.0,31.0,29.6,26.9,25.4,25.1,25.5,26.6,26.2,24.8,0,2,5,32,91,170,265,319,242,102,9,1,17.0,16.4,15.2,13.4,11.8,10.1,8.8,8.3,9.6,11.7,15.3,16.4
Ebini,Guyana,5.34,-57.47,,,25.6,25.6,26.1,26.4,26.7,26.9,26.6,27.2,27.6,27.8,27.5,26.2,180,77,145,165,237,298,320,201,127,100,112,181,8.9,10.0,9.5,9.0,8.6,8.6,8.9,9.8,10.6,10.9,10.3,8.7
Georgetown,Guyana,6.8,-58.15,,,25.9,26.5,26.9,26.9,31.8,26.5,26.6,27.0,27.5,27.5,27.2,26.5,185,88,111,140,288,328,268,201,98,107,186,262,5.5,4.8,5.4,5.1,15.2,5.4,6.1,6.4,6.6,6.3,6.0,5.7
Kamarang,Guyana,5.53,-60.37,,,23.0,23.1,23.7,24.1,24.3,24.0,24.1,24.5,24.9,25.2,24.6,23.7,166,93,96,161,282,379,314,251,132,101,159,193,8.4,9.2,8.8,8.8,8.4,8.0,8.8,9.7,10.4,10.3,9.4,8.2
Lethem,Guyana,3.22,-59.48,,,27.3,27.6,27.9,27.8,27.4,26.9,26.9,27.2,27.5,31.4,28.4,27.6,18,7,30,96,245,270,288,177,92,24,32,26,9.4,10.0,10.1,9.6,8.9,8.2,8.3,8.6,10.4,5.1,9.8,9.5
Mabaruma,Guyana,8.12,-59.47,,,25.3,25.6,25.8,26.1,26.2,25.8,25.9,26.4,26.6,26.7,26.1,25.4,196,85,107,160,282,411,361,256,208,215,295,298,7.4,8.0,8.0,7.7,7.1,6.3,7.2,8.0,8.5,8.6,7.5,7.5
Timehri,Guyana,6.3,-58.15,,,25.4,25.4,25.9,26.5,25.4,26.4,26.4,26.8,27.1,27.1,26.8,25.7,207,102,134,172,317,337,286,219,132,137,174,233,8.3,8.8,9.1,8.6,10.1,7.7,8.7,9.2,10.0,9.9,8.9,8.0
Tegucigalpa,Honduras,14.05,-87.22,,,19.5,20.4,22.1,23.4,23.6,22.6,22.1,22.4,22.2,21.5,20.4,19.7,5,5,10,43,144,159,82,88,177,109,40,10,11.4,12.9,14.0,13.1,12.0,10.4,9.8,10.5,10.6,9.7,9.7,10.4
Hong Kong,"Hong Kong, China",22.302,114.174,,,16.6,17.4,19.8,23.4,26.6,28.6,29.2,29.0,28.3,26.0,22.4,18.3,33,39,75,153,291,492,386,453,321,120,39,29,4.1,4.1,4.3,4.5,4.3,4.2,4.7,4.6,4.4,4.2,4.2,4.2
Bekescsaba,Hungary,46.679,21.161,,,-0.9,0.9,6.0,11.6,16.8,19.6,21.6,21.2,16.8,11.5,5.5,0.6,33,32,35,46,60,73,57,56,46,38,43,48,6.3,8.3,10.4,12.1,12.5,12.4,13.4,13.5,12.6,11.6,8.1,5.7
Budapest,Hungary,47.433,19.183,,,-0.2,1.6,6.3,12.0,16.9,19.9,22.1,21.7,17.0,11.6,5.4,0.8,30,26,31,40,62,64,58,56,45,34,49,39,5.6,6.9,8.6,10.3,10.9,10.9,11.5,11.4,10.3,9.1,6.2,4.9
Debrecen,Hungary,47.5,21.63,,,-1.2,0.4,5.7,11.4,16.7,19.4,21.4,21.1,16.5,11.2,5.1,0.1,30,31,30,53,64,66,66,49,48,38,42,44,6.1,7.7,9.8,11.4,11.6,11.5,12.1,12.4,11.6,10.6,7.6,5.6
Gyor,Hungary,47.67,17.63,,,-0.2,1.7,6.1,11.3,16.2,19.2,21.4,20.9,16.4,11.2,5.4,1.0,31,26,36,38,61,61,58,64,51,40,46,40,6.2,7.5,9.1,11.2,11.6,11.4,12.3,12.1,10.8,9.8,6.8,5.5
Kecskemet,Hungary,46.913,19.748,,,-0.5,1.2,6.1,11.6,16.8,19.8,21.9,21.4,16.8,11.5,5.2,0.5,28,29,27,37,56,66,55,45,47,34,46,42,6.4,8.2,9.8,11.8,12.0,12.0,12.7,12.8,11.8,10.8,7.7,5.8
Miskolc,Hungary,48.08,20.77,,,-1.7,0.1,5.4,11.1,16.1,19.0,21.1,20.8,16.0,10.6,4.3,-0.7,23,28,30,48,64,78,73,68,52,36,39,35,5.6,7.1,9.1,10.8,11.2,11.0,11.7,11.8,10.7,9.1,6.4,5.1
Nagykanizsa,Hungary,46.456,16.971,,,-0.4,1.5,6.0,10.8,15.4,18.6,20.5,20.0,15.6,10.8,5.1,0.9,33,34,43,54,67,89,76,79,81,62,61,54,7.3,9.5,11.0,12.3,13.1,12.9,13.6,13.8,12.5,11.2,8.1,6.4
Nyiregyhaza,Hungary,47.962,21.887,,,-1.6,0.2,5.5,11.2,16.5,19.2,21.2,20.6,15.9,10.6,4.6,-0.3,25,28,28,45,57,60,66,52,52,36,40,40,5.4,7.0,9.1,10.9,11.4,11.4,12.0,12.3,11.2,9.8,6.8,5.1
Pecs,Hungary,46.0,18.23,,,0.0,1.9,6.5,11.6,16.6,19.4,21.6,21.4,17.1,12.1,5.7,1.1,34,32,36,48,68,86,58,63,65,50,55,48,5.8,7.1,8.9,10.1,10.5,10.6,11.5,11.5,10.3,9.5,6.8,5.3
Szeged,Hungary,46.25,20.1,,,-0.4,1.2,6.2,11.6,16.9,19.8,21.9,21.5,17.0,11.9,5.6,0.8,27,26,28,39,52,73,58,50,46,35,40,42,6.7,8.7,10.5,12.1,12.5,12.6,13.5,13.7,12.7,11.5,8.0,5.9
Szombathely,Hungary,47.198,16.648,,,-0.6,1.4,5.7,10.5,15.3,18.4,20.6,20.2,15.8,10.6,4.9,0.4,21,21,32,38,62,78,72,75,62,48,45,36,6.8,8.7,10.0,11.6,11.8,11.8,12.6,12.3,11.1,10.2,7.1,6.0
Reykjavik,Iceland,64.13,-21.9,,,-0.5,0.4,0.5,2.9,6.3,9.0,10.6,10.3,7.4,4.4,1.1,-0.2,76,72,82,58,44,50,52,62,66,86,72,79,4.9,4.9,5.2,5.3,5.8,5.0,5.0,5.1,5.1,4.6,4.7,5.0
Agartala,India,23.88,91.25,,,17.8,20.8,25.6,28.0,28.1,28.2,28.1,28.2,28.0,26.6,22.9,18.9,28,22,61,200,330,393,363,299,232,162,46,11,15.6,15.1,13.8,11.5,9.3,7.2,6.6,7.0,7.4,9.1,12.6,15.1
Agra,India,27.17,78.03,,,15.0,17.9,23.7,29.7,34.1,34.8,31.0,29.5,29.1,26.6,20.9,16.0,13,18,9,6,11,56,203,243,130,25,4,6,14.6,15.2,16.4,16.4,15.2,11.8,8.5,7.5,9.7,14.9,16.7,15.7
Ahmedabad,India,23.07,72.63,,,20.9,22.9,27.6,31.5,33.9,32.9,29.6,28.4,28.9,28.8,25.4,22.0,2,1,1,2,9,97,310,214,127,14,6,2,15.6,16.2,16.5,16.0,15.1,11.3,7.8,7.1,9.1,13.9,15.7,15.8
Aizwal,India,23.73,92.75,,,15.9,17.2,20.4,22.1,22.2,22.2,22.2,22.3,22.4,21.4,19.1,16.6,13,23,73,168,289,406,320,321,305,184,43,15,9.0,8.9,9.6,9.3,8.2,6.6,6.2,6.4,6.5,6.7,7.9,8.8
Ajmer,India,26.45,74.62,,,15.2,18.0,23.6,29.4,33.2,33.0,29.6,27.9,28.1,26.1,20.8,16.6,7,6,5,4,16,58,182,158,73,13,4,4,15.3,15.4,15.3,14.3,12.9,10.9,8.0,6.9,8.9,14.7,16.9,16.3
Akola,India,20.7,77.07,,,21.5,24.1,28.5,32.5,34.9,31.6,27.9,26.8,27.5,26.9,23.6,20.9,10,8,10,4,10,145,217,197,123,48,19,12,16.8,17.4,17.6,16.7,15.2,12.1,8.9,7.6,10.0,14.4,16.1,17.1
Allahabad,India,25.45,81.73,,,16.2,19.1,25.0,30.7,34.2,34.1,30.3,29.2,29.0,26.6,21.4,17.0,18,17,10,6,9,89,281,296,185,37,9,7,14.6,15.3,16.8,16.8,15.1,11.3,7.4,6.6,8.0,12.8,15.7,15.2
Ambikapur,India,23.17,83.25,,,16.1,19.1,23.8,28.8,32.0,30.1,26.4,26.1,26.0,23.8,19.4,16.1,23,22,18,13,19,211,428,390,227,57,10,6,14.8,15.5,16.4,16.0,14.7,10.7,6.5,6.4,7.7,11.4,14.3,15.3
Amritsar,India,31.63,74.87,,,11.5,14.1,18.9,25.0,30.0,32.3,30.4,29.8,28.5,24.0,17.8,12.8,28,29,35,19,20,52,225,174,95,21,6,15,15.3,15.6,15.9,17.7,17.6,14.9,9.7,9.1,11.7,16.6,18.4,17.0
Aurangabad,India,19.85,75.4,,,20.0,22.4,26.6,30.2,31.7,28.8,26.0,25.1,25.5,24.9,21.9,19.5,11,3,6,4,26,132,158,153,146,62,27,12,18.0,18.7,18.0,16.6,15.6,11.8,8.6,8.1,9.7,13.8,16.3,17.7
Balasore,India,21.5,86.93,,,20.4,23.1,27.4,30.2,31.1,30.2,28.8,28.6,28.6,27.1,23.5,20.3,17,36,39,55,109,233,298,318,276,184,42,6,13.1,12.8,12.7,11.6,10.1,8.0,6.0,5.6,6.2,8.3,11.4,13.2
Bangalore,India,12.97,77.58,,,21.2,23.4,25.9,27.6,27.1,24.6,23.5,23.4,23.6,23.4,22.0,20.8,5,8,10,44,112,80,110,139,186,162,59,17,12.4,13.5,13.8,12.6,12.0,9.6,8.4,8.4,9.0,9.0,9.6,10.8
Bareilly,India,28.37,79.4,,,15.0,17.2,22.9,28.8,32.5,32.8,30.0,29.2,28.7,25.8,20.4,16.0,23,25,14,9,19,106,307,291,186,45,4,10,13.3,13.6,15.4,15.9,14.8,11.6,7.8,6.8,8.6,13.0,15.3,14.4
Baroda,India,22.33,73.27,,,21.0,23.0,27.3,31.1,33.4,31.9,29.1,28.2,28.8,28.4,25.1,22.2,2,1,1,1,6,119,275,242,124,26,13,4,17.0,17.7,17.8,16.2,13.5,9.8,6.7,6.4,8.5,14.1,16.5,17.0
Bhagalpur,India,25.23,86.97,,,17.9,20.6,26.0,30.4,31.3,30.9,29.6,29.5,29.3,27.6,23.2,18.9,18,11,10,22,63,187,264,241,212,83,5,3,12.6,13.3,14.2,14.2,12.6,9.2,6.7,6.3,7.0,9.2,12.3,13.1
Bhopal,India,23.23,77.4,,,17.9,20.4,25.3,30.0,33.2,31.3,26.9,25.7,26.1,25.2,21.5,18.4,13,9,8,4,12,120,354,363,185,31,12,11,14.8,15.9,16.4,16.5,15.0,11.8,7.5,6.4,8.9,13.5,14.7,15.1
Bhubaneshwar,India,20.25,85.83,,,22.0,25.1,28.7,31.2,32.0,30.7,28.6,28.4,28.4,27.4,24.5,21.8,13,26,25,31,68,205,326,367,256,191,42,5,13.0,13.0,12.8,12.1,11.0,9.1,6.8,6.5,7.1,8.7,11.4,13.1
Bhuj,India,23.25,69.67,,,18.0,21.0,26.2,30.4,32.5,32.3,30.1,29.0,29.1,28.5,23.9,19.2,2,2,2,1,8,38,126,104,63,20,8,1,18.3,18.3,17.7,16.8,14.3,10.4,7.7,7.5,10.4,15.7,17.6,18.3
Bikaner,India,28.0,73.3,,,14.6,17.7,23.8,29.9,34.5,35.5,33.2,31.6,31.0,27.9,21.4,16.1,6,8,6,12,16,33,91,83,41,10,2,3,16.1,16.2,16.2,15.7,14.7,12.4,10.3,9.7,11.5,15.8,18.0,17.3
Chandigarh,India,30.73,76.78,,,13.2,15.7,20.9,26.7,30.8,32.0,29.0,28.0,27.5,24.4,18.9,14.4,47,34,29,11,24,113,276,283,179,42,7,19,14.3,14.8,15.1,15.6,15.1,13.2,10.0,9.5,11.3,14.8,16.8,15.4
Chennai,India,13.07,80.27,,,24.6,25.8,27.8,30.2,32.5,32.3,30.7,30.0,29.5,28.0,26.0,24.8,35,13,14,16,42,54,100,130,124,285,353,146,8.4,9.4,9.6,8.9,9.8,9.9,9.2,9.0,8.7,7.6,6.8,7.2
Coimbatore,India,11.03,77.05,,,24.1,26.0,28.4,29.8,29.0,27.1,26.2,26.5,27.0,26.6,25.2,24.0,7,9,12,49,69,84,34,28,57,137,119,41,12.1,13.7,14.2,12.9,11.4,9.7,9.1,9.6,10.4,9.5,9.3,10.3
Cooch Behar,India,26.33,89.47,,,16.6,18.7,22.9,25.9,26.6,27.6,28.1,28.4,27.8,25.9,21.8,18.2,8,13,41,128,378,767,813,620,519,180,10,4,14.1,14.2,14.1,11.6,8.8,7.0,6.4,6.5,7.0,9.3,12.7,14.0
Dehradun,India,30.32,78.03,,,12.7,14.7,19.2,24.4,28.1,28.9,26.6,25.9,25.2,22.1,17.7,14.0,55,59,49,22,42,202,673,728,296,50,9,24,13.3,13.7,14.4,15.4,14.9,11.8,7.7,7.0,8.9,12.8,14.6,14.3
Dharamsala,India,32.27,76.38,,,10.4,12.1,16.2,21.0,25.1,26.5,24.0,23.3,22.5,19.9,15.8,12.1,120,108,242,58,64,223,877,865,376,56,21,55,8.9,9.2,9.6,10.2,10.5,9.8,6.7,6.2,7.8,9.9,10.3,9.5
Dibrugarh,India,27.48,95.02,,,15.9,18.0,21.1,23.3,25.5,27.4,27.8,28.2,27.2,25.1,20.9,16.9,32,78,110,219,316,420,521,444,333,143,25,18,13.6,11.7,10.9,9.2,7.7,6.9,6.5,6.8,6.9,8.9,12.5,14.2
Gadag,India,15.42,75.63,,,23.3,25.6,28.4,29.8,29.3,26.4,24.9,24.8,25.1,25.6,24.0,22.6,2,2,6,37,78,82,72,87,127,121,37,9,13.6,14.5,14.9,14.9,13.9,9.3,7.3,7.9,9.3,10.1,11.4,12.7
Gangtok,India,27.33,88.62,,,8.4,9.8,13.5,16.2,17.6,19.1,19.3,19.4,18.6,16.6,13.2,10.0,32,79,122,271,528,611,629,563,463,178,42,21,8.4,8.6,9.6,9.5,8.1,6.2,5.4,5.9,6.3,8.6,9.1,8.8
Gaya,India,24.75,84.95,,,16.9,19.8,25.5,31.0,33.8,32.9,29.8,29.0,29.0,26.8,21.8,17.6,20,19,12,8,21,137,314,328,206,53,10,4,13.8,14.3,15.7,15.5,14.1,10.5,7.3,6.7,7.3,10.3,13.9,14.5
Goa,India,15.48,73.82,,,25.6,26.0,27.6,29.3,29.6,27.5,26.5,26.4,26.6,27.7,27.5,26.5,0,0,1,12,113,868,995,519,252,125,31,17,12.0,11.0,8.8,7.4,6.7,5.6,4.8,4.8,5.7,7.8,10.5,11.8
Gopalpur,India,19.27,84.88,,,22.0,24.2,26.6,28.1,29.5,29.5,28.6,28.5,28.7,27.6,24.6,21.9,11,24,18,20,54,138,175,196,192,238,95,11,10.3,9.4,8.1,6.2,5.7,5.5,4.9,5.3,6.0,7.6,9.8,11.0
Gorakhpur,India,26.75,83.42,,,16.0,18.6,24.4,29.6,31.9,31.5,29.4,29.0,28.8,26.6,21.6,17.2,14,15,9,12,36,167,343,339,232,60,5,6,13.7,14.5,16.0,15.6,13.7,10.4,6.9,6.7,7.7,11.5,14.4,14.3
Gulbarga,India,17.35,76.85,,,23.4,26.0,29.5,32.3,33.1,29.5,27.1,26.8,26.8,26.6,24.3,22.4,5,6,8,19,36,107,137,140,190,81,27,5,14.7,15.3,15.5,14.6,14.3,11.6,9.3,9.1,9.4,11.4,13.0,14.5
Guwahati,India,26.1,91.58,,,16.9,19.1,22.9,25.6,26.9,28.2,28.6,28.8,28.1,26.0,22.1,18.1,12,17,55,147,249,317,351,269,187,91,18,7,13.4,14.3,14.1,11.2,8.5,6.9,6.3,6.6,7.0,8.3,10.9,12.9
Gwalior,India,26.23,78.25,,,14.9,18.1,23.9,30.1,34.4,34.9,30.5,28.8,28.5,25.9,20.5,16.0,14,10,6,4,11,68,249,274,151,41,6,7,15.8,16.6,17.1,17.1,15.2,11.7,8.2,7.2,9.2,15.2,17.8,17.3
Hissar,India,29.17,75.73,,,13.6,16.5,22.1,28.2,32.9,34.5,32.2,30.9,29.8,26.1,20.1,15.0,15,15,14,9,17,40,133,131,74,29,3,10,15.5,16.0,16.7,17.3,16.3,13.4,9.9,9.4,11.8,16.6,18.3,17.0
Hyderabad,India,17.45,78.47,,,22.0,24.8,28.1,31.1,32.6,29.2,26.7,26.0,26.2,25.5,22.9,21.2,13,8,15,20,36,104,170,179,158,97,22,6,13.6,14.3,14.6,13.6,12.8,10.5,8.2,7.7,8.5,10.3,12.1,13.5
Imphal,India,24.77,93.9,,,12.8,15.1,19.0,22.0,23.6,25.0,25.2,25.1,24.6,22.4,17.9,13.6,12,38,84,120,154,262,407,199,132,112,48,14,17.5,16.4,15.6,13.2,10.7,8.2,7.4,7.7,8.8,11.4,14.7,17.1
Indore,India,22.72,75.8,,,18.2,20.4,25.2,29.7,32.4,30.3,26.5,25.2,25.6,25.1,21.6,18.8,8,2,2,2,11,132,284,277,183,40,13,6,16.6,17.8,18.0,17.4,15.7,12.0,7.6,6.5,9.3,14.2,16.0,16.6
Jabalpur,India,23.2,79.95,,,17.6,20.1,24.9,29.9,33.6,31.9,27.4,26.6,27.0,25.2,20.7,17.6,22,23,16,8,13,167,422,423,200,40,15,10,15.7,16.3,17.5,17.0,15.3,11.1,6.6,5.9,7.8,12.8,16.0,16.6
Jagdalpur,India,19.08,82.03,,,19.9,22.6,26.7,29.7,31.1,28.6,25.5,25.3,25.8,24.8,21.6,19.1,9,16,16,51,73,240,369,378,237,101,24,8,16.6,16.6,16.4,15.0,13.9,9.6,6.3,6.2,7.6,10.3,13.3,16.1
Jaipur,India,26.82,75.8,,,15.3,18.1,23.6,29.3,33.0,33.5,30.0,28.4,28.4,26.2,21.2,16.8,8,10,4,8,17,55,214,214,69,23,4,3,14.2,14.5,15.3,15.4,14.6,12.0,8.4,7.8,10.3,14.5,15.7,15.2
Jaisalmer,India,26.9,70.92,,,15.6,18.8,24.5,30.1,33.6,33.9,32.1,30.7,30.3,28.1,22.2,17.0,2,3,3,21,9,15,60,76,18,2,2,2,16.1,16.6,16.2,16.3,16.0,13.8,11.2,10.6,12.2,15.9,17.6,17.0
Jammu,India,32.67,74.83,,,13.2,15.7,20.1,26.1,31.4,33.3,30.1,29.0,28.3,25.1,19.8,14.9,61,63,60,36,26,73,350,319,140,24,10,33,10.8,11.2,11.9,12.9,13.4,12.9,9.9,8.6,10.0,12.6,13.4,11.9
Jamshedpur,India,22.82,86.18,,,18.9,21.9,26.5,31.3,32.9,31.2,28.7,28.5,28.4,26.6,22.6,18.9,14,26,26,38,57,205,292,306,209,82,10,6,14.5,14.8,15.8,15.2,13.4,10.0,7.2,6.6,7.5,9.8,12.9,14.5
Jharsuguda,India,21.92,84.08,,,19.9,22.9,27.4,32.0,34.1,31.6,28.1,27.9,28.1,26.8,23.1,19.9,16,20,18,18,36,212,377,406,278,62,10,8,15.4,15.7,16.3,15.9,14.5,10.6,6.8,6.5,7.6,10.5,13.8,15.5
Jodhpur,India,26.38,73.13,,,17.3,19.8,25.3,30.5,34.1,34.1,31.4,29.5,29.6,27.9,23.0,18.8,10,5,4,5,66,35,121,129,58,8,3,2,15.4,16.0,16.2,15.7,14.6,11.9,9.2,8.4,10.9,16.1,17.0,16.0
Kanpur,India,26.47,80.33,,,15.8,18.5,24.2,30.1,33.8,34.2,30.5,29.2,29.0,26.3,20.8,16.5,15,16,8,5,8,66,245,273,162,40,5,7,14.5,15.0,16.1,16.3,14.9,11.4,7.5,6.6,8.2,13.4,16.2,15.4
Kanyakumari,India,8.08,77.5,,,27.1,27.7,28.6,29.4,29.4,27.5,27.1,27.1,27.5,27.4,27.1,26.9,13,14,23,64,51,88,47,41,39,128,165,61,7.4,7.8,7.1,6.6,6.3,6.0,6.3,6.5,6.3,6.2,6.2,6.5
Karnal,India,29.7,77.03,,,13.5,15.9,20.8,27.2,31.2,32.4,29.8,28.8,28.0,24.7,19.6,15.1,27,18,19,7,10,51,195,222,93,22,5,10,12.8,13.5,14.6,16.0,15.3,12.8,8.8,7.9,9.7,14.0,15.3,14.1
Kochi,India,9.95,76.27,,,26.6,27.0,28.9,29.2,27.9,26.9,26.6,26.5,26.5,27.1,27.4,26.5,7,0,19,84,580,647,565,437,532,412,405,1,13.9,14.3,11.3,9.9,8.6,7.4,6.9,7.3,7.3,8.1,9.2,13.2
Kodaikanal,India,10.23,77.47,,,12.8,13.6,15.1,16.1,16.8,15.4,14.6,14.6,14.7,14.0,13.0,12.7,59,35,53,136,146,98,122,153,186,254,235,141,9.4,10.1,10.0,8.9,8.3,6.9,6.3,6.6,6.9,6.7,6.7,8.0
Kohima,India,25.63,94.17,,,12.4,13.6,17.4,19.9,20.6,21.5,21.9,22.1,21.6,20.0,16.9,13.6,12,35,48,89,159,334,372,364,250,126,35,8,8.5,8.6,9.4,8.5,7.5,6.8,6.2,6.5,6.9,6.8,7.5,8.3
Kolkata,India,22.57,88.36,,,19.9,22.8,27.6,30.3,30.8,30.1,29.1,29.0,28.9,27.8,24.1,20.3,13,26,33,51,126,282,340,333,277,139,24,6,12.3,12.4,12.3,10.8,9.4,7.2,5.8,5.7,6.1,7.8,10.5,12.2
Kota,India,25.15,75.85,,,17.3,20.3,26.0,31.9,35.7,34.6,30.4,28.7,29.4,28.0,23.1,18.6,5,4,4,3,10,63,257,246,98,20,8,4,12.8,13.2,13.8,13.8,12.8,10.8,7.7,6.6,8.7,12.5,13.6,13.4
Kozhikode,India,11.13,75.95,,,27.6,28.3,29.7,29.9,29.2,26.7,26.0,26.2,27.0,27.1,27.6,27.4,7,3,23,74,190,736,789,396,237,401,158,120,10.7,10.4,9.6,8.7,7.8,6.2,5.7,5.7,6.7,7.3,8.5,9.7
Lucknow,India,26.83,80.92,,,14.9,17.8,23.3,29.2,32.5,32.8,29.9,29.2,28.6,25.8,20.6,16.1,19,18,9,6,19,103,277,284,201,49,8,16,15.2,16.2,17.6,17.6,15.6,11.6,7.7,7.3,8.7,13.6,16.7,16.3
Ludhiana,India,30.87,75.93,,,12.9,15.4,20.7,27.0,32.0,33.9,31.3,30.1,29.2,25.4,19.1,14.2,31,34,29,15,15,52,200,174,108,20,5,16,13.5,14.0,15.2,16.4,16.3,13.6,9.2,8.5,11.0,15.7,17.1,15.3
Madurai,India,9.83,78.08,,,25.3,26.9,29.2,31.1,31.8,31.3,30.7,30.4,29.6,28.1,26.4,25.4,16,9,12,48,69,43,59,85,124,172,147,58,10.4,11.9,12.7,11.8,11.6,10.8,10.2,10.4,10.4,9.1,7.9,8.5
Malda,India,25.03,88.13,,,17.8,20.4,25.2,29.2,30.1,29.8,29.1,29.1,29.0,27.1,23.0,19.0,12,16,15,30,110,219,308,289,276,106,12,4,13.0,13.9,15.1,14.1,11.3,8.0,6.2,5.9,6.3,8.4,11.4,12.8
Mangalore,India,12.92,74.88,,,26.8,27.4,28.6,29.5,29.2,26.5,25.5,25.7,26.3,27.0,27.3,27.0,1,0,3,24,183,1027,1200,787,292,191,71,16,12.0,11.2,9.9,9.0,8.2,6.3,5.3,5.4,6.4,7.8,9.9,11.6
Minicoy,India,8.3,73.15,,,26.8,27.1,28.1,29.1,29.0,27.9,27.6,27.4,27.4,27.4,27.2,27.0,37,24,21,57,184,299,245,212,162,177,143,83,6.9,6.7,6.6,6.0,5.6,5.2,5.1,5.1,5.1,5.6,6.2,6.6
Mukteshwar,India,29.47,79.65,,,6.0,6.9,10.8,15.4,18.1,18.8,17.5,17.1,16.3,14.2,10.9,8.1,54,56,50,35,58,157,307,299,202,61,9,23,8.9,9.2,10.1,10.6,10.5,9.1,6.7,6.3,7.6,9.4,9.9,9.4
Mumbai,India,18.9,72.82,,,23.7,24.4,26.8,28.4,29.8,29.1,27.6,27.2,27.3,28.2,27.1,25.2,15,1,0,0,21,504,819,547,325,81,113,4,14.0,13.5,11.9,9.2,6.9,5.9,4.9,4.8,6.0,9.7,12.7,13.8
Mysore,India,12.3,76.7,,,22.4,24.5,26.8,27.8,26.9,24.6,23.6,23.8,24.1,24.1,23.0,22.0,5,5,12,62,146,67,74,79,118,159,64,14,12.4,13.2,13.7,13.1,11.9,9.1,8.1,8.5,9.6,9.3,9.7,11.0
Nagpur,India,21.15,79.08,,,20.9,23.2,27.6,32.0,35.2,32.0,27.6,27.1,27.4,26.3,22.8,20.1,12,21,18,14,19,190,342,280,183,57,17,13,15.6,16.3,16.9,16.1,14.5,11.3,7.2,6.9,8.6,12.6,14.9,16.0
Nasik,India,20.0,73.78,,,20.4,21.9,25.2,28.3,29.3,27.4,25.1,24.3,24.9,25.1,22.3,20.9,1,1,5,8,18,101,202,137,145,57,24,7,19.1,19.8,20.1,17.8,15.8,10.1,5.8,6.0,7.9,13.2,17.4,18.5
New Delhi (Palam),India,28.567,77.117,,,13.8,16.5,22.1,28.7,32.8,34.0,30.9,29.7,29.0,26.0,20.5,15.2,19,17,11,30,29,54,217,248,134,15,7,15,14.1,14.8,15.9,16.4,15.4,12.7,9.0,8.1,10.4,14.5,15.6,14.9
New Delhi (SFD),India,28.583,77.2,,,14.3,17.0,22.5,28.8,33.0,33.9,31.1,29.9,29.4,26.1,20.4,15.6,21,21,14,11,14,66,198,206,130,21,4,9,13.0,13.4,14.2,14.5,13.6,11.1,8.2,7.4,9.3,13.5,15.2,14.3
Parbhani,India,19.27,76.77,,,22.0,24.6,28.7,32.1,34.0,30.6,27.4,26.6,26.9,26.2,23.2,21.2,6,4,11,8,19,148,238,215,183,72,20,9,16.0,16.9,16.8,16.2,15.3,12.0,8.8,8.2,9.3,12.4,14.6,15.7
Passighat,India,28.1,95.38,,,17.6,18.4,21.4,23.4,25.2,26.9,26.9,27.6,26.8,25.0,21.9,18.7,51,99,131,259,385,804,1054,755,587,244,33,28,10.5,9.1,9.3,8.9,8.1,7.5,6.9,7.7,7.5,8.8,10.6,10.8
Patna,India,25.6,85.13,,,16.1,18.9,24.4,29.8,31.8,31.7,29.5,29.3,28.8,26.6,21.9,17.4,20,11,11,9,36,141,319,279,213,72,8,7,13.7,14.5,16.0,15.3,13.3,10.0,6.8,6.4,6.9,10.1,14.1,14.5
Port Blair,India,11.67,92.72,,,26.2,26.4,27.4,28.6,27.9,27.0,26.8,26.6,26.4,26.6,26.8,26.5,46,26,29,69,360,501,424,425,463,301,235,155,6.3,7.7,8.3,7.8,6.4,5.2,4.9,4.9,5.4,5.9,5.8,5.8
Puducherry,India,11.97,79.82,,,25.0,26.1,27.6,29.9,31.8,31.5,30.8,29.8,29.4,28.0,26.6,25.2,15,48,0,37,30,80,61,148,150,278,380,502,9.3,9.2,9.2,8.2,9.9,10.2,9.6,9.4,9.2,8.0,7.5,7.7
Pune,India,18.53,73.85,,,20.9,22.5,26.0,29.0,29.8,27.4,25.1,24.5,24.9,25.3,22.6,20.6,2,1,3,14,33,120,179,106,129,79,29,5,18.6,19.6,19.5,17.8,14.9,9.2,6.1,6.3,8.6,12.8,15.7,17.5
Raipur,India,21.22,81.67,,,20.5,23.1,27.6,32.1,35.0,31.8,27.2,27.0,27.6,26.4,22.7,19.9,12,21,20,16,23,209,369,365,217,52,11,4,14.3,14.4,14.9,14.6,13.9,10.8,6.7,6.3,7.5,10.4,13.2,14.4
Rajkot,India,22.3,70.78,,,20.0,22.3,26.6,30.1,32.5,31.9,29.0,27.8,28.2,28.5,25.2,21.6,1,1,1,2,4,99,242,174,101,53,10,1,16.4,17.0,17.2,16.9,15.5,11.5,7.8,7.4,10.1,14.0,15.3,16.0
Ranchi,India,23.32,85.32,,,16.5,19.2,24.1,28.4,30.4,28.6,26.0,25.6,25.5,23.8,19.9,16.7,20,26,19,41,58,216,338,327,273,100,16,6,13.0,13.2,14.2,14.1,13.6,9.8,6.6,6.3,7.3,9.5,11.9,13.0
Shillong,India,25.57,91.88,,,9.9,11.7,15.9,18.6,19.4,20.5,21.0,20.9,19.9,17.4,13.8,10.8,14,23,54,130,274,469,394,318,294,192,37,9,10.9,10.6,10.7,9.6,8.2,6.4,6.0,6.3,6.9,8.5,10.3,11.0
Shimla,India,31.1,77.17,,,5.2,6.2,10.2,14.9,18.6,19.8,18.1,17.4,16.6,14.3,10.6,7.6,58,64,62,46,63,161,419,386,206,38,12,23,6.7,7.0,7.4,8.0,8.3,7.9,5.6,4.9,6.1,7.2,7.1,7.0
Silchar,India,24.75,92.8,,,18.3,20.1,23.7,25.8,27.0,27.9,28.4,28.3,28.1,26.7,23.3,19.6,18,48,153,329,430,588,531,481,384,204,42,10,13.2,13.2,12.6,10.1,8.3,6.8,6.7,6.8,7.0,8.4,11.2,13.1
Solapur,India,17.67,75.9,,,23.3,25.6,29.2,32.0,32.7,29.1,27.0,26.6,26.6,26.6,24.3,22.5,5,4,5,12,28,117,130,120,182,85,26,8,15.0,16.0,16.1,15.3,15.1,11.7,9.4,9.5,10.1,11.9,13.4,14.7
Srinagar,India,34.08,74.83,,,1.4,3.4,8.4,13.4,17.6,21.7,24.2,23.7,20.1,13.9,7.9,3.2,62,71,101,91,68,36,54,65,35,31,20,41,7.3,8.4,10.1,11.9,13.3,14.4,12.1,12.0,15.1,16.5,15.1,10.5
Sriniketan,India,23.65,87.7,,,18.4,21.4,26.5,30.4,31.1,30.6,29.2,29.0,28.8,27.1,23.2,19.3,12,24,28,45,98,243,317,276,253,97,17,9,13.2,13.8,14.6,14.0,12.3,9.1,6.8,6.4,6.9,8.9,12.1,13.4
Surat,India,21.2,72.83,,,22.8,24.3,27.9,30.4,31.2,30.2,28.1,27.8,28.2,29.1,26.8,23.9,2,1,1,2,6,213,441,233,170,34,12,2,16.2,16.2,15.7,13.6,9.9,7.1,5.3,5.3,7.2,12.3,15.1,16.1
Thiruvananthapuram,India,8.48,76.95,,,26.5,27.1,28.2,28.7,28.2,26.6,26.1,26.2,26.6,26.6,26.5,26.6,23,22,36,110,210,344,219,143,152,268,199,70,8.3,8.2,7.7,6.8,6.1,5.4,5.4,5.5,6.0,5.9,6.3,7.5
Tiruchirapalli,India,10.77,78.72,,,27.4,27.9,28.9,29.7,29.6,27.7,27.1,27.5,27.4,27.6,27.2,27.4,10,2,6,26,130,402,486,239,182,166,130,90,5.9,6.1,6.7,6.8,6.4,5.6,5.6,5.2,5.3,5.8,6.3,6.7
Udaipur,India,24.62,73.88,,,15.7,18.1,23.6,28.8,32.4,31.7,28.2,26.7,26.8,25.1,20.6,16.6,2,14,6,5,17,75,175,195,89,16,13,3,17.3,17.7,18.0,17.1,14.7,11.2,7.5,7.0,10.9,16.5,17.6,17.7
Varanasi,India,25.45,82.87,,,16.0,19.0,24.6,30.4,33.5,33.3,30.1,29.4,28.9,26.7,21.7,17.1,18,15,8,4,10,97,310,273,246,35,11,6,14.4,15.4,16.7,16.8,14.7,10.9,7.4,6.8,7.7,12.0,15.2,15.0
Vijayawada,India,16.52,80.62,,,24.4,26.7,29.5,32.2,33.9,32.0,29.4,29.1,28.4,27.8,25.9,25.0,6,5,5,5,21,81,173,146,180,57,52,6,11.6,12.1,12.3,12.0,12.1,10.3,8.7,8.1,7.9,9.2,10.1,10.6
Vishakhapatnam,India,17.68,83.3,,,24.1,25.7,27.6,29.1,30.3,30.1,28.7,28.6,28.6,28.0,26.4,24.4,14,21,8,26,69,125,142,165,164,238,124,7,7.1,7.0,6.4,5.5,5.6,5.4,5.0,5.3,5.5,6.2,6.5,7.0
Ambon,Indonesia,-3.7,128.15,,,27.2,27.0,27.2,27.1,26.5,25.8,25.4,25.6,25.9,26.9,27.6,28.6,21,44,101,299,402,817,647,457,241,239,196,175,10.2,10.4,8.7,8.7,7.4,7.2,6.2,6.5,8.0,9.1,9.9,9.1
Biak,Indonesia,-1.17,136.05,,,26.7,26.4,27.2,26.7,26.8,26.4,27.2,26.3,26.0,27.0,27.1,27.0,270,246,278,214,266,216,234,243,209,206,195,239,6.6,5.5,7.6,7.0,6.6,6.5,7.5,6.8,7.4,6.7,6.5,6.7
Denpasar,Indonesia,-8.65,115.22,,,28.6,28.8,28.8,29.6,28.6,27.4,26.7,26.1,27.1,28.6,28.1,28.2,345,274,234,88,93,53,55,25,47,63,179,276,8.9,9.2,9.6,9.6,9.0,7.9,7.4,7.1,8.5,9.9,9.2,9.5
Jakarta,Indonesia,-6.17,106.8,,1994-1999,27.0,27.3,28.4,28.8,28.9,28.1,28.7,28.4,29.2,29.1,28.1,28.4,385,310,100,258,133,83,31,34,29,33,175,84,5.7,6.0,6.3,7.4,7.1,6.6,7.2,7.1,7.5,7.2,6.4,7.1
Lombok,Indonesia,-8.5,116.65,,,27.2,27.0,27.2,27.1,26.5,25.8,25.4,25.6,25.9,26.9,27.6,28.6,280,223,162,108,94,44,29,19,33,110,165,247,10.2,10.4,8.7,8.7,7.4,7.2,6.2,6.5,8.0,9.1,9.9,9.1
Manado,Indonesia,1.48,124.83,,,26.0,26.1,25.9,26.5,26.6,26.9,26.5,27.2,26.5,26.6,27.3,26.5,426,382,327,283,253,236,131,134,174,198,277,364,8.3,8.1,8.2,9.7,9.3,8.8,10.0,12.4,11.4,9.8,9.2,7.3
Medan,Indonesia,3.58,98.67,,,26.9,27.3,28.0,28.2,28.4,28.4,28.2,28.0,27.0,27.1,27.0,26.7,92,115,97,157,178,141,167,185,263,387,253,228,9.4,9.4,9.5,9.4,10.1,9.7,9.4,10.5,9.7,9.1,8.0,8.4
Pontianak,Indonesia,-0.02,109.33,,,27.5,27.7,27.9,28.2,28.2,28.2,27.7,27.9,27.6,27.7,27.4,27.2,260,215,254,292,256,212,201,180,295,329,400,302,9.7,10.1,9.9,10.0,9.6,10.1,10.4,11.1,10.0,9.8,9.6,9.6
Surabaya,Indonesia,-7.23,112.73,,,28.0,27.9,27.8,28.1,27.9,27.4,27.1,26.3,27.8,28.5,28.6,27.9,327,275,283,181,159,101,22,15,17,47,105,219,7.7,7.3,7.6,6.6,7.5,7.7,8.3,7.6,9.8,9.7,9.0,8.1
Ujung Pandang,Indonesia,-5.15,119.4,,,26.9,26.9,27.3,27.8,27.8,27.7,27.0,27.2,28.0,28.1,28.1,27.1,734,533,391,235,127,66,48,15,32,83,273,549,7.5,8.3,8.0,8.4,8.7,9.6,10.7,14.2,13.6,12.9,10.8,8.3
Ahwaz,Iran (Islamic Republic of),31.32,48.68,,,11.9,14.2,18.6,24.2,30.6,34.7,36.8,35.9,32.5,26.8,19.4,13.5,53,32,27,16,7,1,0,0,0,8,32,53,10.8,12.1,13.5,15.1,16.8,19.2,18.9,18.8,19.9,17.7,14.2,11.7
Arak,Iran (Islamic Republic of),34.09,49.69,,,-0.8,1.5,7.8,13.3,18.3,24.0,27.3,26.2,21.9,15.5,8.7,2.7,55,48,53,53,32,2,1,1,1,18,32,51,9.9,10.6,11.5,12.6,14.6,17.3,17.0,17.4,17.8,15.3,12.2,9.8
Ardabil,Iran (Islamic Republic of),38.25,48.3,,,-2.5,-0.9,3.5,9.8,12.8,16.1,18.3,18.1,15.7,11.2,5.9,0.6,25,22,37,38,45,19,7,5,10,33,37,25,10.9,10.8,11.7,13.9,13.7,14.2,13.4,13.1,13.9,12.7,11.1,10.3
Bandarabbas,Iran (Islamic Republic of),27.18,56.27,,,17.8,19.2,22.6,26.2,30.5,33.2,34.2,33.9,32.2,29.2,24.2,19.5,40,48,35,11,5,0,1,2,1,1,5,24,11.4,10.4,10.2,10.7,11.6,10.4,7.9,7.6,9.1,11.5,12.4,12.0
Birjand,Iran (Islamic Republic of),32.88,59.21,,,4.3,6.4,11.6,17.1,22.2,26.6,27.6,25.7,21.9,16.9,10.9,6.1,31,32,35,32,7,0,0,0,0,3,8,20,13.3,13.4,14.4,15.1,16.7,17.3,15.9,17.2,19.6,19.3,17.5,14.6
Bojnoord,Iran (Islamic Republic of),37.48,57.32,,,1.4,2.4,6.8,13.3,17.5,22.4,25.1,24.2,20.4,13.9,8.3,3.7,28,31,42,38,35,9,10,6,8,14,26,25,9.7,10.4,11.4,13.2,13.6,14.5,14.6,15.2,15.7,14.5,11.9,10.0
Bushehr,Iran (Islamic Republic of),28.9,50.83,,,14.2,15.6,19.3,23.9,28.8,31.0,32.8,32.8,30.4,26.6,21.1,16.3,66,34,20,9,2,0,0,0,0,8,27,62,8.5,8.9,9.8,10.5,10.7,9.5,9.2,9.5,11.7,12.1,10.8,9.2
Esfahan,Iran (Islamic Republic of),32.65,51.68,,,3.2,5.9,10.7,15.7,21.1,26.6,28.9,27.5,23.1,16.9,10.2,5.0,17,14,18,19,9,1,1,0,0,4,10,20,11.2,12.1,12.3,12.6,13.8,15.0,14.9,15.3,16.1,15.1,13.3,11.7
Ghazvin,Iran (Islamic Republic of),36.09,49.85,,,0.2,2.3,7.7,13.2,18.2,23.4,26.6,25.8,21.9,15.5,9.2,3.1,44,41,52,41,34,6,1,2,1,22,28,44,9.8,10.5,12.0,13.6,15.3,17.6,17.9,17.7,18.0,15.3,12.5,10.0
Ghom,Iran (Islamic Republic of),34.64,50.89,,,3.9,5.7,10.8,17.9,23.8,29.1,31.4,30.1,24.9,18.2,11.8,6.2,16,22,27,11,11,2,2,0,1,10,10,21,12.3,12.2,13.3,16.1,17.3,18.4,17.4,17.9,20.2,16.9,15.7,13.3
Gorgan,Iran (Islamic Republic of),36.84,54.43,,,7.9,8.4,10.7,15.9,21.2,25.4,27.7,27.8,24.8,19.4,13.9,9.8,55,56,79,53,44,33,22,27,39,66,68,58,9.0,9.3,9.2,10.5,11.4,11.0,9.8,9.8,10.3,10.9,9.9,9.1
Hamedan,Iran (Islamic Republic of),34.79,48.51,,,-4.2,-1.9,4.7,10.4,15.1,20.4,24.4,23.5,18.4,12.2,5.8,-0.3,46,44,49,50,38,4,2,2,1,21,27,41,12.5,12.5,13.6,15.4,17.4,21.1,21.0,21.4,22.8,19.4,15.8,12.5
Ilam,Iran (Islamic Republic of),33.64,46.42,,,4.7,5.5,9.1,14.9,20.6,25.9,29.4,29.2,25.1,19.4,11.8,7.1,116,90,123,63,18,0,0,0,0,23,84,99,8.3,8.9,9.4,10.4,11.7,12.9,12.9,13.0,12.9,11.1,9.7,8.5
Kerman,Iran (Islamic Republic of),30.27,57.05,,,3.9,6.5,11.0,15.9,20.9,25.2,26.2,24.1,20.4,15.2,9.2,5.2,29,27,32,20,9,0,1,1,0,1,5,18,15.8,15.3,15.2,15.9,17.8,19.2,18.5,19.8,21.2,20.9,19.9,17.7
Kermanshah,Iran (Islamic Republic of),34.31,47.06,,,1.1,3.1,7.8,12.4,17.1,22.3,26.9,26.2,21.6,15.7,9.2,4.0,67,63,89,70,34,0,0,0,1,29,54,70,10.7,11.7,13.1,14.6,17.5,21.9,21.7,21.6,21.9,18.6,14.9,11.3
Khoramabad,Iran (Islamic Republic of),33.48,48.35,,,5.5,7.4,11.1,15.5,20.4,25.7,29.6,28.9,24.6,18.9,12.6,7.5,86,73,82,72,36,0,0,0,1,24,54,84,10.8,11.9,12.9,14.3,17.0,20.6,20.1,20.4,20.9,17.7,14.2,11.3
Mashhad,Iran (Islamic Republic of),36.28,59.58,,,0.8,2.8,8.2,14.4,19.4,24.0,26.1,24.0,19.6,13.7,8.6,3.4,33,36,52,49,26,3,1,1,2,11,16,27,11.8,11.5,11.8,12.9,14.9,16.8,16.5,17.5,18.4,16.6,14.5,12.3
Orumiyeh,Iran (Islamic Republic of),37.57,45.04,,,-1.7,0.0,5.2,11.0,15.6,20.2,23.9,23.4,19.3,13.4,6.8,1.2,30,33,52,62,46,14,6,2,4,22,40,30,8.7,9.6,10.5,11.6,13.1,14.6,14.6,15.1,15.6,13.5,10.8,8.9
Rasht,Iran (Islamic Republic of),37.27,49.59,,,6.8,6.9,9.1,14.3,19.1,23.0,25.2,25.1,22.1,17.6,12.8,8.9,134,120,117,64,54,45,42,71,157,215,186,154,8.7,8.6,8.1,9.6,9.9,10.0,10.1,9.9,9.2,8.9,9.1,9.2
Sanandaj,Iran (Islamic Republic of),35.32,46.99,,,-0.6,1.1,6.6,11.8,16.7,22.2,26.9,26.2,21.0,14.8,8.3,2.8,72,68,87,73,42,2,0,1,1,29,57,58,11.1,11.7,13.0,14.6,17.0,20.1,19.7,19.7,21.2,18.1,14.5,11.5
Sari,Iran (Islamic Republic of),36.56,53.05,,,8.8,9.6,11.8,16.0,20.1,24.0,26.8,27.9,24.8,20.4,14.2,10.3,59,51,77,54,56,41,19,39,71,87,147,88,8.9,9.5,8.6,9.4,8.8,8.2,8.4,8.6,8.0,8.9,8.9,9.0
Semnan,Iran (Islamic Republic of),35.57,53.4,,,4.0,6.1,11.2,17.9,23.2,28.9,31.6,30.4,26.3,19.4,12.1,6.0,20,20,26,17,14,3,3,3,2,6,10,18,8.9,10.0,10.8,12.0,12.3,12.6,12.3,12.7,12.8,11.7,10.5,9.1
Shahrekord,Iran (Islamic Republic of),32.1,50.51,,,-1.7,1.1,6.3,11.3,16.2,21.1,24.2,23.3,19.0,13.4,7.6,2.0,61,50,57,43,15,1,2,0,0,9,33,60,12.6,12.6,13.3,14.4,17.3,21.0,20.1,20.6,22.0,19.5,15.4,12.9
Shiraz,Iran (Islamic Republic of),29.6,52.52,,,5.8,7.9,11.8,16.1,21.9,26.6,28.8,27.9,23.9,18.3,12.2,7.5,80,50,48,31,7,0,1,0,0,5,21,63,12.5,13.5,14.1,15.3,17.4,19.0,17.9,18.2,19.6,19.0,16.7,13.9
Tabriz,Iran (Islamic Republic of),38.07,46.28,,,-2.7,-0.4,5.2,11.1,16.6,21.9,26.2,25.6,21.2,13.9,7.1,1.0,26,25,47,54,42,18,3,4,9,28,28,26,7.8,8.3,9.8,10.8,11.9,13.4,13.3,13.3,13.9,11.9,10.0,7.9
Tehran,Iran (Islamic Republic of),35.7,51.35,,,2.5,4.9,10.1,16.4,22.2,27.9,30.8,29.5,25.4,18.2,11.1,5.0,37,34,37,28,15,3,2,1,1,14,21,36,8.3,9.2,10.2,11.0,11.9,13.2,12.8,12.4,12.3,11.1,9.8,8.5
Yasouj,Iran (Islamic Republic of),30.66,51.59,,,3.2,5.0,8.7,14.0,19.0,23.8,26.9,26.2,22.3,16.6,10.5,6.2,178,156,166,65,15,1,1,2,0,11,65,205,10.3,11.0,11.5,13.4,15.8,17.7,16.5,17.1,17.6,16.2,13.6,11.3
Yazd,Iran (Islamic Republic of),31.9,54.36,,,5.7,7.5,12.4,15.7,25.5,28.1,31.4,28.0,27.0,17.6,10.8,8.2,7,1,11,22,1,2,0,0,3,0,2,0,13.0,14.7,14.2,12.4,15.7,16.3,16.2,16.2,16.6,17.9,17.0,17.7
Zahedan,Iran (Islamic Republic of),29.48,60.85,,,6.8,9.5,14.6,19.8,24.2,27.4,28.4,26.4,22.3,17.9,12.4,8.4,19,21,14,10,4,0,1,1,0,2,3,7,14.5,14.0,14.5,15.4,16.6,17.6,17.2,18.4,19.9,19.6,18.6,15.8
Zanjan,Iran (Islamic Republic of),36.67,48.49,,,-3.0,-1.1,4.6,10.3,15.2,20.0,23.6,22.9,19.0,12.9,6.7,0.5,34,30,46,56,46,7,5,3,4,26,29,29,10.2,10.7,11.5,13.3,15.2,17.6,17.3,17.4,18.2,14.9,12.0,9.9
Amarah,Iraq,31.83,47.15,,,11.3,13.9,18.2,24.4,30.8,34.9,37.0,36.2,32.8,26.6,18.9,13.2,37,25,34,15,4,0,0,0,1,6,20,36,10.3,11.5,12.4,13.8,15.1,16.5,17.0,17.3,18.4,16.7,13.8,10.7
Baghdad,Iraq,33.32,44.39,,,9.7,12.0,16.6,22.5,28.3,32.3,34.8,34.0,30.5,24.6,16.4,11.1,27,19,22,16,3,0,0,0,0,3,12,20,11.7,13.0,14.0,14.7,16.4,18.0,18.5,19.0,19.5,17.5,14.5,12.1
Karbala,Iraq,32.61,44.02,,,10.6,12.9,17.4,23.9,29.7,33.9,36.4,35.9,32.2,26.1,17.6,12.2,18,14,16,12,4,0,0,0,0,4,10,15,10.3,11.8,12.4,13.5,14.4,15.2,15.1,15.4,15.9,14.3,12.1,10.7
Kirkuk,Iraq,35.47,44.4,,,9.2,10.7,14.6,20.1,26.7,32.1,35.4,35.0,31.0,24.8,16.9,11.1,68,67,57,44,13,0,0,0,1,12,39,59,9.3,10.0,11.1,12.5,14.1,15.3,15.7,15.7,15.5,13.3,11.4,9.5
Mosul,Iraq,36.34,43.14,,,7.3,9.1,13.1,18.2,24.5,30.2,34.0,33.4,28.7,22.1,14.2,8.9,62,63,63,44,15,1,0,0,0,12,45,58,10.2,11.4,12.5,14.0,16.5,17.9,17.9,18.4,19.1,17.1,13.9,10.3
Nasiriya,Iraq,31.05,46.27,,,11.6,14.1,18.9,25.1,31.0,34.5,36.4,36.1,33.1,27.3,19.2,13.3,27,18,21,13,4,0,0,0,1,6,14,22,10.8,12.1,13.0,13.4,15.0,16.4,16.8,17.4,17.8,16.2,13.4,11.3
Belmullet,Ireland,54.23,-10.0,,,6.3,6.3,7.6,9.0,11.2,13.3,14.9,15.0,13.6,11.1,8.5,6.7,134,97,99,72,70,72,79,102,102,146,134,137,5.2,5.5,5.7,6.4,6.6,5.8,5.4,5.6,5.8,5.3,5.0,5.0
Cork,Ireland,51.85,-8.48,,,5.6,5.7,6.9,8.4,10.9,13.4,15.2,15.2,13.3,10.4,7.8,6.1,131,98,98,76,82,81,79,97,95,138,120,133,5.2,5.3,5.8,6.9,7.0,7.1,6.9,6.8,6.3,5.5,5.1,4.8
Donegal,Ireland,54.65,-8.1,,,5.3,5.4,6.9,8.6,11.1,13.5,15.2,14.6,13.1,11.7,7.5,5.6,130,95,104,76,77,72,91,106,102,137,129,131,5.2,5.6,6.2,7.1,7.4,6.8,6.6,7.1,7.2,3.6,5.8,5.4
Dublin,Ireland,53.38,-6.27,,,5.2,5.3,7.8,8.3,10.9,13.6,15.6,15.3,13.4,10.4,7.4,5.6,63,49,53,54,60,67,56,73,60,79,73,73,5.7,6.0,8.7,7.5,7.9,8.0,7.8,7.7,7.2,6.3,5.8,5.5
Galway,Ireland,53.27,-9.05,,,5.8,6.0,7.6,9.2,11.9,14.2,15.9,15.7,13.9,10.9,8.1,6.1,127,93,103,76,79,86,84,109,107,138,127,132,5.7,6.1,6.5,7.5,7.9,7.2,7.0,6.8,6.9,6.4,5.9,5.7
Kerry,Ireland,51.933,-10.217,,,7.2,7.2,8.2,9.4,11.7,13.8,15.4,15.4,14.2,11.7,9.3,7.8,174,124,124,97,94,95,99,115,125,177,169,165,5.1,5.2,5.6,6.2,6.5,5.9,5.4,5.6,5.7,5.3,5.0,5.0
Kilkenny,Ireland,52.67,-7.27,,,5.0,5.2,7.0,8.7,11.3,13.9,15.9,15.7,13.4,10.3,7.1,5.3,82,62,67,58,61,66,62,77,70,96,85,83,6.6,6.9,7.6,8.7,9.2,9.1,9.0,9.2,8.8,7.6,7.1,6.5
Malin Head,Ireland,55.37,-7.33,,,5.8,5.8,6.9,8.3,10.4,12.7,14.5,14.7,13.2,10.8,8.2,6.4,120,87,88,65,58,70,81,95,96,121,109,116,4.5,4.6,4.8,5.0,5.3,4.8,4.8,4.7,4.7,4.5,4.3,4.4
Mayo,Ireland,53.72,-9.0,,,4.8,5.1,6.6,8.3,10.9,13.3,15.1,14.8,12.9,9.9,6.9,5.0,126,101,101,72,78,74,74,98,98,134,123,124,6.0,6.5,7.1,8.3,8.9,8.2,7.8,7.7,7.8,6.8,6.3,5.8
Offaly,Ireland,53.08,-7.9,,,5.1,5.3,6.9,8.5,11.1,13.8,15.6,15.3,13.2,10.2,7.2,5.3,80,57,67,56,59,67,63,80,67,94,79,80,6.0,6.6,7.2,8.4,9.0,8.5,8.1,8.0,7.9,7.0,6.5,6.0
Shannon Airport,Ireland,52.7,-8.92,,,6.0,6.2,7.8,9.5,12.1,14.6,16.4,16.1,14.2,11.2,8.3,6.3,102,76,79,59,65,70,66,82,76,105,94,104,5.6,6.0,6.6,7.6,7.8,7.4,6.9,6.9,6.9,6.1,5.6,5.5
Wexford,Ireland,52.33,-6.45,,,5.9,5.9,7.1,8.6,11.1,13.7,15.6,15.5,13.8,11.1,8.3,6.4,103,76,79,70,68,73,73,84,88,122,115,110,5.5,5.6,6.2,6.9,7.0,7.0,7.0,7.0,6.6,5.8,5.6,5.2
Afula,Israel,32.617,35.283,,1995-2009,11.4,12.0,14.3,17.9,21.9,25.2,27.7,27.9,26.1,22.9,17.7,13.4,110,97,55,16,4,1,0,0,1,20,61,101,11.6,12.6,14.3,15.3,15.7,14.2,12.8,12.6,13.6,14.6,14.6,12.2
Beer Sheva,Israel,31.25,34.8,,1995-2009,12.4,13.2,15.9,19.6,23.2,26.1,28.0,28.1,26.2,23.2,18.6,14.4,48,40,29,9,4,0,0,0,0,9,18,38,10.6,11.0,12.2,13.7,14.5,14.1,13.4,13.2,13.3,13.0,12.8,11.2
Eilat,Israel,29.55,34.95,,1995-2009,15.9,17.4,20.5,24.7,29.1,32.0,33.9,33.7,31.2,27.5,22.0,17.4,4,3,3,2,1,0,0,0,0,4,2,5,10.9,11.2,11.8,12.6,13.2,13.7,13.1,12.6,12.1,11.3,11.4,11.1
Haifa,Israel,32.8,34.983,,1995-2009,12.5,12.9,15.0,17.9,20.9,23.6,25.6,26.0,24.8,22.5,18.6,14.5,151,112,60,20,4,0,0,0,2,32,87,144,6.0,6.2,7.2,8.1,7.9,6.6,5.9,5.7,6.1,6.7,6.8,6.0
Jerusalem,Israel,31.783,35.217,,1995-2009,9.9,10.4,13.1,16.8,20.9,23.3,25.1,24.9,23.5,21.1,16.4,12.1,132,131,76,19,6,0,0,0,1,14,55,104,5.9,6.7,7.8,9.4,9.9,10.2,9.8,9.9,9.7,8.5,7.1,6.2
Lod,Israel,31.95,34.883,,1995-2009,13.6,14.2,16.4,19.7,22.9,25.6,27.8,28.1,26.8,23.5,19.6,15.7,148,109,61,15,3,0,0,0,1,23,75,124,9.5,10.0,10.9,11.8,11.9,10.8,9.9,9.4,9.9,9.7,11.1,9.8
Mizpe Ramon,Israel,30.6,34.8,,1995-2009,9.9,10.8,13.5,17.4,21.1,23.5,25.4,25.0,23.0,20.3,16.0,12.1,19,13,12,3,2,0,0,0,0,4,6,12,6.7,7.7,9.4,11.1,11.5,11.7,11.3,11.4,10.8,9.6,7.7,6.8
Nazareth,Israel,32.7,35.3,,1995-2009,11.2,12.0,14.6,17.9,21.5,23.6,26.1,26.1,25.3,22.7,17.9,13.3,140,126,72,21,5,0,0,0,0,19,68,131,7.2,8.0,9.0,10.3,10.8,10.1,9.4,9.3,9.8,10.4,9.2,7.4
Tel Aviv,Israel,32.083,34.783,,1995-2009,13.7,13.9,15.8,18.5,21.2,23.9,26.2,26.6,25.4,22.8,19.3,15.7,147,111,62,16,4,0,0,0,1,34,81,127,7.7,8.2,8.2,8.7,8.3,6.9,6.4,6.4,7.3,8.0,9.0,8.0
Tiberias,Israel,32.783,35.533,,1995-2009,14.2,14.7,17.6,21.4,26.2,29.5,31.5,31.6,29.6,26.2,21.0,16.1,107,90,56,18,4,0,0,0,1,17,52,93,7.7,9.2,11.1,12.7,14.1,14.0,13.0,12.8,12.6,10.8,9.4,7.9
Zefat,Israel,32.967,35.5,,1995-2009,7.6,8.4,11.2,15.1,20.2,23.4,25.3,24.9,23.0,19.9,14.4,9.9,168,136,83,27,7,1,0,0,2,24,87,136,5.1,5.9,7.4,8.9,10.5,11.1,10.8,10.6,10.3,8.9,6.7,5.1
Agrigento,Italy,37.076,14.225,,,11.9,11.8,12.6,14.4,18.1,21.5,23.5,24.5,23.1,19.8,16.1,13.2,47,39,28,26,11,4,1,6,27,52,59,67,6.2,6.5,6.6,6.7,6.4,6.0,5.7,5.7,6.0,6.2,6.3,6.1
Alghero,Italy,40.636,8.283,,,9.8,9.8,11.0,13.0,16.8,20.5,23.4,23.9,21.2,17.6,13.4,10.8,72,56,62,49,27,17,5,25,38,80,79,63,8.0,8.3,9.0,9.3,10.5,11.0,12.0,11.8,10.8,9.5,8.5,7.9
Ancona,Italy,43.616,13.518,,,5.3,5.9,8.6,11.6,16.3,20.1,22.5,22.6,19.2,14.7,9.8,6.5,44,49,57,59,54,60,47,76,73,76,86,58,7.8,8.6,10.0,10.5,10.8,11.1,11.3,10.9,10.5,9.4,8.2,7.8
Bari,Italy,41.13,16.78,,,8.8,8.8,10.7,13.3,17.9,21.8,24.2,24.3,21.1,17.1,12.7,10.1,54,64,42,40,35,23,25,30,60,62,73,54,7.7,8.1,8.7,9.4,9.9,10.1,9.9,9.8,9.6,8.9,8.2,7.7
Bologna,Italy,44.495,11.343,,,2.8,5.0,9.1,12.6,17.5,21.4,24.4,24.1,20.1,14.4,7.7,3.6,34,44,54,74,58,57,40,52,68,72,68,48,6.5,8.1,10.1,10.3,11.0,11.4,11.9,11.4,10.6,8.5,6.8,6.4
Bolzano,Italy,46.498,11.355,,,0.9,3.7,8.6,11.9,16.5,19.9,22.2,21.8,17.9,12.0,5.5,1.4,24,23,37,50,75,85,92,86,71,84,50,35,10.8,11.6,12.9,13.1,13.4,13.3,13.5,13.4,12.7,11.7,11.1,10.3
Cagliari,Italy,39.25,9.07,,,9.9,10.3,11.8,13.8,17.6,21.8,24.6,25.2,22.2,18.4,13.8,11.0,50,53,40,40,26,12,4,8,35,53,58,49,8.8,9.0,9.4,9.7,10.5,11.1,11.5,11.2,10.3,9.4,9.0,8.8
Campobasso,Italy,41.56,14.663,,,4.3,4.5,6.7,9.6,14.8,18.6,21.8,21.9,18.0,13.3,8.2,5.5,50,56,45,52,45,33,29,36,40,49,72,53,5.4,6.1,7.0,7.6,8.3,9.1,9.5,9.4,8.3,6.8,5.7,5.2
Catania,Italy,37.512,15.086,,,10.4,10.8,12.2,14.4,18.6,23.2,26.1,26.6,23.7,19.4,14.9,11.6,64,44,32,25,22,9,6,13,31,63,66,73,10.1,10.7,11.7,12.4,13.2,13.6,14.1,13.4,12.2,11.0,10.5,9.9
Crotone,Italy,39.081,17.127,,,9.2,9.2,10.8,12.9,17.4,21.8,25.0,25.1,21.9,17.7,13.2,10.2,96,87,94,53,25,5,12,24,54,116,116,110,7.3,7.5,8.2,9.0,10.4,11.4,11.2,10.5,9.4,7.8,7.3,7.1
Florence (FIRENZE),Italy,43.8,11.2,,,6.5,7.5,10.3,13.0,17.6,21.4,24.5,24.6,20.6,15.5,9.9,6.8,60,64,64,86,70,57,37,56,80,104,114,81,8.9,10.0,10.8,11.0,12.1,12.7,13.7,13.8,12.3,10.8,9.6,8.5
Genova,Italy,44.406,8.946,,,8.5,9.1,11.4,13.7,17.4,20.8,24.1,24.4,21.1,16.9,12.1,9.5,102,74,82,88,72,58,24,69,136,171,109,93,6.0,6.2,6.4,6.3,6.3,6.3,6.4,6.7,6.5,6.2,5.9,6.0
Isola d'Elba,Italy,42.731,10.396,,,7.4,7.5,9.2,11.3,15.6,19.2,22.8,23.1,19.5,15.4,11.2,8.5,60,76,56,58,32,27,14,42,75,102,89,50,4.3,5.0,5.7,5.7,6.5,6.9,7.5,7.2,6.2,5.1,4.4,4.0
Lecce,Italy,40.352,18.175,,,8.6,8.8,10.6,13.4,18.2,22.4,25.0,25.2,21.8,17.5,12.8,9.7,60,61,62,46,28,20,16,36,54,91,95,69,8.8,9.3,10.1,10.9,12.3,13.1,13.3,12.6,11.5,9.6,9.0,8.7
Milan (MILANO),Italy,45.43,9.28,,,2.5,4.7,9.1,12.2,16.9,20.8,23.6,23.1,19.2,13.4,7.2,3.2,59,49,65,76,96,67,67,89,93,122,77,62,6.8,8.7,10.5,10.4,10.7,10.8,11.2,10.9,10.4,8.8,7.0,6.3
Naples (NAPOLI),Italy,40.85,14.3,,,8.7,9.0,11.0,13.2,17.8,21.4,24.4,24.7,21.3,17.1,12.5,9.8,92,95,78,99,59,33,28,36,89,136,152,112,8.6,9.0,9.4,9.7,10.4,10.5,11.1,11.2,10.6,10.0,9.3,8.5
Palermo,Italy,38.18,13.1,,,11.8,11.5,13.0,15.1,19.3,23.2,25.8,26.6,23.8,20.1,15.9,13.0,98,110,78,65,36,18,7,32,65,106,118,124,5.8,6.0,6.8,7.3,8.0,8.0,8.1,7.8,7.4,6.8,6.1,5.6
Perugia,Italy,43.145,12.416,,,4.8,6.0,8.3,10.9,15.7,19.4,22.6,22.8,19.1,14.4,8.9,5.6,53,57,54,72,76,70,37,50,88,86,95,68,8.3,9.8,11.5,11.7,12.8,13.5,14.8,14.4,12.7,10.6,8.9,7.5
Pescara,Italy,42.462,14.216,,,6.5,7.1,9.2,12.2,16.6,20.6,23.2,23.1,20.0,15.6,10.7,7.8,48,52,57,57,32,46,34,56,61,72,80,63,9.4,9.7,10.5,11.0,11.3,11.5,12.0,11.7,11.2,10.2,9.6,9.2
Piacenza,Italy,44.91,9.73,,,1.7,3.5,7.8,11.3,15.9,19.9,22.8,22.5,18.4,12.8,6.5,2.7,62,63,67,81,73,86,38,70,84,118,85,62,7.5,8.9,11.2,11.6,12.2,12.6,12.9,12.2,11.2,8.7,6.9,6.8
Pisa,Italy,43.682,10.396,,,6.8,7.5,9.8,12.5,16.4,20.1,23.0,23.4,20.0,15.8,10.7,7.6,63,58,60,89,62,48,25,49,102,140,124,74,9.2,10.1,10.8,10.6,11.5,11.9,12.7,12.3,11.4,10.2,9.2,8.4
Potenza,Italy,40.64,15.806,,,4.0,4.2,6.1,8.8,13.7,17.5,20.6,20.8,17.2,12.7,7.8,5.1,56,63,49,67,43,30,26,33,46,62,73,66,5.7,6.1,7.2,8.0,8.9,9.6,10.3,10.1,9.0,7.6,6.3,5.6
Reggio Calabria,Italy,38.114,15.65,,,11.6,11.7,13.1,15.1,19.1,23.1,26.2,26.5,23.6,18.6,15.3,12.9,68,60,51,40,20,11,7,12,47,69,79,70,7.1,7.6,8.1,8.5,8.9,9.1,9.4,9.0,9.1,7.6,7.3,7.0
Rome (ROMA),Italy,41.952,12.501,,,7.5,8.2,10.2,12.6,17.2,21.1,24.1,24.5,20.9,16.4,11.4,8.4,67,73,58,80,53,34,19,37,73,113,115,81,8.8,9.5,10.0,10.2,11.2,11.6,12.3,12.3,11.3,10.1,9.0,8.4
Torino,Italy,45.071,7.686,,,2.0,4.2,8.1,11.2,15.6,19.4,22.4,21.8,17.9,12.4,6.5,3.0,48,47,72,113,145,104,70,76,84,106,69,45,9.1,9.8,10.7,10.9,10.3,10.8,11.0,10.6,10.3,9.9,9.2,9.2
Udine,Italy,46.071,13.234,,,3.6,5.1,8.4,12.1,17.1,20.3,22.6,22.6,18.7,13.7,8.2,4.5,75,62,86,119,118,138,81,79,124,134,108,86,8.1,9.5,10.1,10.1,10.5,10.6,11.1,11.5,10.8,9.8,8.9,8.0
Venice (VENEZIA),Italy,45.5,12.33,,,3.2,4.7,8.3,12.0,17.1,20.5,23.0,22.6,18.9,13.8,7.8,4.0,47,48,49,70,66,78,64,65,72,74,66,51,6.7,7.8,8.4,8.3,8.8,8.8,9.4,9.8,9.2,8.4,7.6,6.8
Verona,Italy,45.38,10.86,,,2.4,4.5,8.4,12.0,17.2,20.9,23.6,23.3,19.0,13.3,7.1,3.1,51,43,49,70,74,87,63,82,76,91,65,52,7.3,8.8,10.0,10.4,11.0,10.9,11.2,11.0,10.7,9.3,7.8,7.1
Vieste,Italy,41.882,16.179,,,9.2,9.4,10.8,13.8,17.9,21.8,24.5,24.6,22.0,17.9,13.9,10.9,40,40,37,33,27,24,22,27,43,47,56,57,4.1,4.5,4.7,5.2,5.6,5.6,5.7,5.8,5.6,4.9,4.5,4.1
Kingston,Jamaica,17.98,-76.8,,,25.7,25.6,26.1,26.9,27.6,28.1,28.5,28.5,28.1,27.5,27.0,26.2,18,19,20,39,100,74,42,98,114,177,65,47,9.2,9.2,9.1,8.5,8.0,7.9,8.5,8.5,8.1,8.3,8.4,8.8
Montego Bay,Jamaica,18.47,-77.92,,,24.3,24.3,24.9,25.7,26.4,27.0,27.4,27.5,27.1,26.8,26.2,25.1,85,69,27,53,100,122,53,95,127,166,110,103,7.2,7.8,7.9,7.6,7.6,7.8,7.8,7.8,8.0,7.3,6.9,6.5
Fukuoka,Japan,33.58,130.38,,,7.0,8.0,11.1,15.7,20.2,23.8,27.9,28.9,25.1,19.9,14.4,9.2,74,70,104,118,134,250,299,210,175,94,91,68,6.3,7.2,7.8,8.4,8.3,6.9,6.6,7.1,7.0,7.7,7.6,6.8
Nagoya,Japan,35.17,136.97,,,5.2,6.0,9.6,14.9,19.8,23.5,27.4,29.0,25.1,19.1,12.9,7.5,51,65,116,128,150,186,211,140,232,165,79,57,8.2,9.1,9.9,10.4,9.7,8.2,7.9,8.5,8.1,8.5,8.7,8.3
Naha,Japan,26.2,127.68,,,17.4,17.6,19.3,21.7,24.6,27.5,29.4,29.3,28.2,25.8,22.7,19.1,102,114,143,161,245,284,188,240,275,179,119,110,4.9,5.1,5.2,5.2,4.9,4.6,4.9,5.0,4.8,4.6,4.6,4.7
Osaka,Japan,34.68,135.52,,,6.3,6.8,10.1,15.4,20.4,24.1,28.2,29.8,25.7,19.9,14.0,8.8,47,60,103,102,136,185,174,113,153,136,72,56,6.7,7.3,8.2,9.0,8.9,7.7,7.2,7.9,7.6,7.7,7.6,7.0
Sapporo,Japan,43.05,141.33,,,-3.4,-2.9,1.1,7.5,13.4,17.6,21.6,22.8,18.8,12.2,5.1,-1.0,108,92,78,55,56,60,91,127,142,110,114,114,6.0,6.6,6.9,8.3,8.9,8.4,7.5,7.3,8.0,8.4,7.1,6.0
Sendai,Japan,38.27,140.9,,,2.1,2.7,5.7,10.9,15.9,19.6,23.4,24.9,21.5,15.9,9.8,4.6,42,34,74,90,110,144,178,158,193,151,59,44,6.9,7.6,8.6,9.2,8.5,7.0,6.4,6.6,7.0,7.9,8.5,7.4
Tokyo,Japan,35.68,139.77,,,5.5,6.5,9.6,14.6,19.1,22.3,26.1,27.4,23.9,18.4,12.8,7.9,60,56,116,134,140,168,156,155,225,235,96,58,8.6,8.8,9.2,9.6,9.0,7.6,7.5,7.8,7.2,7.2,7.9,8.2
Amman,Jordan,31.98,35.98,,,8.0,8.9,11.6,16.1,20.6,23.7,25.2,25.5,23.6,20.5,14.8,9.8,63,62,43,14,3,0,0,0,0,7,28,49,8.7,9.5,11.1,13.1,14.3,14.2,13.5,13.8,14.1,13.3,11.1,9.2
Aqaba,Jordan,29.63,35.02,,,14.7,16.1,19.3,23.9,27.9,31.0,32.2,32.2,29.9,26.3,20.9,16.1,5,5,5,3,1,0,0,0,0,2,3,8,11.6,12.1,12.8,13.7,14.4,14.8,14.3,13.8,13.1,12.8,12.1,11.5
Irbid,Jordan,32.55,35.85,,,8.9,9.8,12.1,16.4,20.5,23.6,25.1,25.5,24.0,20.9,15.3,10.7,112,92,88,26,7,1,0,0,1,13,50,83,8.0,8.7,9.6,11.5,12.8,12.5,11.9,11.7,11.6,11.5,10.6,8.6
Almaty,Kazakhstan,43.23,76.93,,,-6.2,-4.7,2.3,11.1,16.3,20.9,23.6,22.6,17.2,10.2,1.5,-4.2,33,38,62,109,104,58,35,27,28,59,51,37,9.8,9.7,9.5,10.9,10.8,11.3,12.1,12.5,12.4,11.3,9.5,9.2
Astana,Kazakhstan,51.17,71.43,,,-17.3,-16.6,-10.3,3.5,12.7,18.2,20.2,17.6,11.9,3.2,-7.1,-14.3,17,15,15,22,33,33,53,35,24,30,21,20,9.4,10.5,10.6,11.7,13.8,14.1,13.6,13.4,13.5,10.6,8.2,9.2
Eldoret,Kenya,0.5,35.25,,,17.2,17.7,18.2,18.0,17.2,16.1,15.8,15.8,16.1,17.0,17.0,16.8,36,42,66,154,121,94,162,175,82,49,57,44,15.6,16.2,15.2,12.3,12.8,13.6,12.0,12.3,14.3,13.7,12.4,13.7
Embu,Kenya,-0.48,37.45,,,21.2,22.3,23.4,23.0,22.2,21.0,20.1,20.3,22.0,23.2,21.9,20.9,41,34,64,218,139,21,28,11,17,86,189,45,15.0,16.0,14.1,11.2,10.0,10.8,9.9,10.2,12.4,12.6,11.1,12.5
Garissa,Kenya,-0.47,39.63,,,28.8,29.6,30.5,30.1,28.9,27.4,26.6,26.8,27.6,28.8,29.0,28.4,13,7,38,68,20,8,3,8,7,24,79,77,13.0,13.2,12.5,11.3,11.2,11.3,11.3,11.2,12.0,12.0,11.0,11.1
Kakamega,Kenya,0.283,34.752,,1980-2016,21.4,22.1,22.2,21.4,20.9,20.2,19.9,20.1,20.4,20.9,20.9,21.0,75,73,172,276,253,173,151,213,172,164,152,91,14.8,15.3,14.4,12.2,11.7,12.1,12.2,12.6,13.5,12.7,12.6,13.7
Kericho,Kenya,-0.369,35.286,,,18.1,18.7,18.7,18.1,17.6,17.4,17.0,17.2,17.6,17.6,17.4,17.7,101,82,173,253,255,163,155,183,178,175,158,104,14.4,15.4,14.8,12.6,12.0,11.6,11.8,12.1,13.3,13.1,12.5,13.4
Kisii,Kenya,-0.677,34.78,,1980-2016,21.1,21.8,21.6,20.6,20.4,19.9,19.6,19.9,20.5,20.7,20.2,20.5,107,93,187,265,258,164,111,173,166,179,192,135,10.4,11.2,11.1,9.7,9.4,9.6,9.9,10.2,10.7,10.4,9.8,10.0
Kisumu,Kenya,-0.08,34.75,,,27.2,27.5,27.2,26.1,25.5,25.0,24.8,25.2,26.1,27.1,26.9,26.7,79,84,169,213,167,85,85,81,90,95,139,101,6.8,6.7,6.3,5.4,5.4,5.7,5.8,6.0,6.6,6.7,6.4,6.4
Kitale,Kenya,1.019,35.002,,,19.1,20.1,20.4,19.9,19.3,18.5,17.9,18.1,18.5,18.9,18.5,18.6,26,44,113,202,164,106,167,207,123,130,121,58,16.7,17.3,15.7,12.9,12.2,12.3,12.1,12.6,14.2,13.6,13.3,15.3
Lamu,Kenya,-2.2,40.83,,,27.7,28.0,28.8,28.4,26.8,25.9,25.3,25.3,25.9,26.9,27.7,27.9,6,4,25,130,329,164,75,40,39,40,39,28,6.4,6.6,6.6,5.5,4.5,4.3,4.2,4.4,4.8,5.2,6.2,6.6
Lodwar,Kenya,3.12,35.62,,,28.9,29.7,30.3,29.8,29.7,29.1,28.4,28.7,29.6,30.1,29.2,28.8,8,8,21,48,24,9,19,10,5,9,17,12,13.5,13.0,12.2,10.6,10.1,9.9,9.4,9.8,10.7,10.6,10.9,12.5
Machakos,Kenya,-1.518,37.263,,,19.8,20.8,21.2,20.4,19.4,17.7,16.8,17.3,18.8,20.1,19.7,19.4,49,35,87,132,58,8,3,6,3,37,154,97,12.6,13.9,12.8,10.6,10.5,11.2,11.7,11.6,13.6,12.9,9.8,10.4
Makindu,Kenya,-2.28,37.82,,,23.1,24.2,24.6,24.0,22.6,21.0,20.1,20.5,21.9,23.4,23.2,22.7,42,30,77,113,29,2,1,1,2,28,172,115,11.7,12.9,12.4,11.0,11.4,12.7,12.6,12.6,13.5,12.9,10.5,9.8
Malindi,Kenya,-3.219,40.117,,,27.1,27.2,27.9,27.6,26.1,25.2,24.6,24.5,25.0,25.9,26.6,27.1,11,17,36,163,298,154,91,64,47,68,75,35,7.5,7.4,7.9,6.9,5.4,5.3,5.3,5.8,6.6,7.4,7.7,7.4
Marsabit,Kenya,2.33,37.98,,,20.4,20.8,20.9,20.8,20.5,19.5,18.8,18.8,19.6,20.3,19.9,20.1,92,60,91,149,54,14,17,8,9,62,91,46,9.3,9.8,9.5,8.2,8.7,9.8,10.0,10.6,11.1,9.8,7.8,8.3
Meru,Kenya,0.051,37.646,,1980-2018,18.1,19.0,19.9,19.6,18.9,17.6,16.9,17.4,18.8,19.6,18.7,17.9,72,32,90,249,108,12,11,14,13,215,321,154,12.9,14.2,12.9,10.1,9.3,9.3,9.2,10.0,12.0,11.3,9.4,11.2
Mombasa,Kenya,-4.03,39.62,,,27.6,27.9,28.4,27.5,26.0,24.9,24.0,24.1,24.8,25.8,26.9,27.5,33,15,56,163,240,80,70,66,72,97,92,75,8.8,8.7,8.4,7.3,6.6,7.1,7.3,7.6,8.0,7.6,7.5,8.3
Moyale,Kenya,3.526,39.045,,,25.0,25.9,25.4,23.4,22.1,21.1,20.4,20.9,22.2,22.6,22.6,23.6,14,17,54,167,116,16,10,11,18,103,94,26,12.6,12.2,10.8,8.1,7.3,7.6,7.4,8.1,9.4,8.6,9.1,11.2
Nairobi,Kenya,-1.3,36.75,,,18.0,18.6,19.4,19.1,17.9,16.2,15.4,15.8,17.1,18.6,18.1,18.0,64,56,93,219,177,35,18,24,28,55,154,101,13.0,14.0,12.5,10.1,9.4,10.5,10.5,11.2,13.2,12.2,10.0,10.8
Nakuru,Kenya,-0.27,36.07,,,18.0,18.5,18.9,18.7,18.0,17.3,16.9,17.0,17.2,17.2,17.2,17.4,29,45,69,141,130,79,92,105,89,70,70,44,18.6,18.7,18.1,14.2,13.6,14.2,13.7,14.3,16.6,16.2,14.4,16.9
Narok,Kenya,-1.087,35.877,,1980-2018,18.1,18.3,18.6,18.6,17.9,16.4,15.7,16.3,17.1,18.0,17.6,17.6,79,67,95,135,92,26,17,24,25,31,74,76,17.5,17.8,16.5,12.4,10.5,11.9,13.3,14.0,16.2,15.8,15.5,16.5
Nyeri,Kenya,-0.437,36.958,,1980-2018,18.1,18.8,19.5,19.5,18.5,17.3,16.2,16.4,17.9,19.0,18.3,17.9,48,39,71,187,183,30,30,34,23,111,127,82,15.6,16.8,14.6,10.4,8.7,8.6,8.4,8.7,11.1,11.4,10.6,12.9
Voi,Kenya,-3.38,38.55,,,25.9,26.5,27.0,26.1,24.9,23.6,22.8,22.6,23.4,25.0,25.8,25.5,34,29,79,100,30,6,3,8,15,26,106,119,11.5,12.7,12.5,11.4,9.9,10.7,10.6,10.8,11.6,12.2,11.3,10.2
Wajir,Kenya,1.749,40.059,,1980-2018,29.5,30.2,30.5,29.6,28.6,27.7,27.1,27.2,28.0,28.8,28.2,28.6,12,8,27,52,19,3,2,2,3,55,53,27,13.6,13.7,12.3,10.1,9.9,10.4,10.1,10.6,11.4,10.9,9.9,11.5
Kuwait Airport,Kuwait,29.22,47.98,,,12.8,15.0,19.4,25.4,31.6,35.9,37.5,37.0,33.5,27.9,20.2,14.5,29,16,16,13,15,0,0,0,0,6,19,26,10.7,11.8,12.6,13.5,14.7,16.3,16.1,16.6,17.1,15.7,12.7,11.4
Kuwait City,Kuwait,29.38,47.98,,,14.0,15.9,20.4,26.7,33.1,37.2,38.7,38.2,35.0,29.1,21.1,15.9,30,10,18,12,0,0,0,0,0,1,18,26,11.0,11.8,12.9,14.4,15.5,16.6,16.0,17.4,17.5,15.1,13.3,12.0
Bishkek,Kyrgyzstan,42.85,74.57,,,-2.9,-1.5,5.1,12.8,15.8,22.6,26.3,22.1,19.0,11.5,2.3,-2.5,27,34,52,70,62,33,19,14,18,42,46,34,44.2,43.4,48.6,40.5,39.6,36.7,32.9,36.7,37.8,45.4,51.2,49.2
Osh,Kyrgyzstan,40.517,72.817,,,-2.4,-0.6,8.2,13.9,18.5,20.0,23.2,21.8,19.4,10.5,5.1,-1.6,34,47,54,52,48,22,10,8,8,34,46,42,36.6,39.2,39.5,36.9,37.8,38.6,32.4,33.4,32.0,43.3,41.1,40.5
Luangnamtha,Lao People's Democratic Republic,20.93,101.42,,,19.6,20.7,23.1,25.6,26.5,27.1,26.6,26.4,28.4,24.9,22.0,19.5,17,33,68,107,232,193,326,278,169,120,46,35,13.6,16.0,16.0,13.3,9.8,7.9,6.9,7.1,13.3,9.5,10.7,11.0
Luangphrabang,Lao People's Democratic Republic,19.88,102.13,,,20.9,23.0,25.7,28.0,28.6,28.4,27.8,27.5,27.3,25.9,23.4,20.4,14,16,34,94,149,177,224,226,166,107,28,13,13.5,15.8,15.6,13.3,10.4,8.2,7.6,7.8,8.8,9.9,10.9,12.1
Pakse,Lao People's Democratic Republic,15.111,105.817,,,24.8,26.9,29.2,30.1,29.1,27.9,27.4,27.2,27.1,26.8,25.6,24.4,2,16,25,75,245,324,434,468,309,116,30,2,13.2,12.1,11.1,9.8,8.3,6.6,6.3,6.0,6.5,8.1,9.9,11.5
Savannakhet,Lao People's Democratic Republic,16.55,104.65,,,22.1,24.5,27.5,29.4,28.9,28.4,27.8,27.3,27.3,25.9,23.2,21.2,4,17,32,91,168,262,219,343,219,87,7,2,14.4,13.7,12.5,11.1,8.7,7.2,7.1,6.6,7.6,9.1,11.2,13.0
Vientiane,Lao People's Democratic Republic,17.95,102.57,,,22.4,24.4,27.2,29.0,28.8,28.4,28.0,27.7,27.5,26.9,24.6,22.4,8,13,34,85,246,280,272,335,297,78,11,2,12.0,11.8,11.5,10.5,8.4,7.0,6.6,6.2,6.8,7.9,10.5,11.4
Xiengkhuang,Lao People's Democratic Republic,19.45,103.17,,,16.1,18.2,21.1,22.6,23.1,23.6,23.2,22.9,22.2,21.9,17.7,14.8,9,16,57,145,194,193,277,301,158,64,23,8,14.5,15.0,14.1,12.1,8.1,7.2,7.0,7.1,8.8,13.0,12.2,13.9
Daugavpils,Latvia,55.87,26.62,,,-6.6,-6.2,-2.2,5.5,12.0,15.8,17.1,16.2,11.8,6.4,0.9,-3.5,37,28,32,42,52,74,79,74,69,52,51,43,6.1,7.3,8.6,9.7,11.8,11.4,10.7,10.7,9.1,6.9,4.7,5.1
Liepaja,Latvia,56.48,21.02,,,-2.8,-3.0,-0.2,4.8,10.2,14.1,16.9,16.8,13.2,8.3,3.5,-0.2,53,38,35,37,42,48,66,80,79,77,78,68,4.6,4.8,5.4,6.5,8.0,7.1,6.6,6.6,6.2,5.3,4.2,4.4
Riga,Latvia,56.97,24.05,,,-5.0,-4.6,-1.0,5.4,11.1,15.1,17.0,16.4,12.2,7.2,1.7,-2.1,34,27,28,41,44,63,85,73,75,60,57,46,5.5,5.9,7.4,8.8,10.3,10.1,9.4,9.2,8.3,6.4,4.4,4.7
Ventspils,Latvia,57.38,21.57,,,-3.0,-3.1,-0.4,4.2,9.4,13.4,16.5,16.2,12.7,8.1,3.2,-0.3,56,38,38,37,42,47,64,77,77,74,75,66,4.8,4.8,5.3,6.3,7.6,6.9,6.6,7.0,6.2,5.3,4.3,4.4
Botha-Bothe,Lesotho,-28.76,28.26,,,20.2,19.6,17.9,14.6,10.9,7.9,7.8,10.6,14.2,16.6,18.1,19.4,122,98,87,48,24,16,5,22,21,61,77,85,12.6,12.4,13.7,14.6,16.4,16.6,17.0,16.9,16.1,14.1,13.8,13.4
Leribe,Lesotho,-28.88,28.05,,,20.8,20.1,18.2,14.8,10.9,7.8,7.7,10.5,14.4,16.7,18.3,19.9,121,70,101,59,21,13,5,20,22,75,88,92,13.5,13.3,14.0,15.0,16.9,17.4,18.3,17.7,16.9,14.8,14.2,13.9
Mafeteng,Lesotho,-29.82,27.25,,,20.6,20.2,18.2,15.0,11.1,8.2,8.1,10.5,14.2,16.2,18.1,19.8,123,104,92,49,24,14,5,21,24,59,79,87,13.4,12.8,12.6,13.2,13.5,13.6,14.4,14.6,15.4,14.6,14.3,14.0
Mejametalana,Lesotho,-29.31,27.5,,,21.8,21.1,19.1,15.8,11.7,8.4,8.2,11.0,15.1,17.4,19.1,20.6,122,92,86,47,26,12,6,18,16,62,73,81,13.9,13.0,13.2,14.3,16.0,16.5,17.4,17.3,16.4,14.7,14.4,14.5
Mohale's Hoek,Lesotho,-30.15,27.46,,,21.4,20.9,18.7,15.2,11.8,8.6,8.7,11.2,14.9,17.0,18.9,20.5,110,95,96,57,21,17,9,26,31,68,80,98,13.8,13.6,13.8,13.7,14.2,14.5,15.1,15.1,15.5,14.4,14.5,14.2
Mokhotlong,Lesotho,-29.27,29.13,,,18.0,17.5,15.8,12.8,9.7,6.6,6.5,9.2,12.8,14.6,15.8,17.1,103,84,69,31,11,9,3,19,26,74,79,85,13.6,13.6,13.5,13.9,14.0,14.8,15.3,15.4,15.0,14.3,14.1,13.8
Moshoeshoe I,Lesotho,-29.45,27.56,,,21.3,20.6,18.7,15.4,11.6,8.5,8.4,11.2,14.9,17.3,18.9,20.5,126,114,109,58,24,17,5,24,24,79,96,102,12.6,12.1,12.4,13.0,14.1,14.4,15.0,14.9,14.9,13.4,13.3,13.4
Oxbow,Lesotho,-28.72,28.62,,,12.9,12.4,10.7,7.5,4.4,1.8,1.4,3.8,7.4,9.2,10.4,12.0,170,124,149,86,38,24,12,39,42,140,146,159,11.4,11.7,11.6,12.7,14.2,14.8,15.6,14.7,13.9,12.3,11.9,11.6
Qacha's Nek,Lesotho,-30.11,28.69,,,18.9,18.4,16.6,14.1,11.3,8.6,8.5,10.7,13.8,14.9,16.4,18.1,150,121,83,40,11,16,12,24,33,71,87,118,12.3,11.8,11.7,12.1,12.3,11.9,12.4,12.8,13.5,12.8,12.7,12.9
Quthing,Lesotho,-30.4,27.72,,,21.2,20.9,18.9,15.7,11.9,8.9,8.9,11.4,15.2,17.3,18.8,20.4,119,95,101,58,33,23,7,30,27,74,86,113,12.1,11.9,11.7,11.7,11.6,11.9,12.6,12.9,13.3,12.8,12.8,12.9
Semonkong,Lesotho,-29.842,28.05,,,16.1,15.5,13.5,10.2,6.5,3.4,3.5,5.9,9.6,11.9,13.4,15.1,102,76,74,44,22,18,9,27,23,73,88,95,13.9,13.8,14.3,15.1,16.2,16.5,17.1,17.0,16.5,15.0,14.2,14.0
Teyateyaneng,Lesotho,-29.14,27.76,,,21.1,20.8,19.1,15.8,12.1,9.1,8.6,11.4,15.2,17.9,19.4,20.6,119,91,103,46,18,13,2,17,19,71,69,91,12.7,12.4,12.8,14.0,15.2,15.8,16.5,15.9,15.7,14.1,13.4,13.1
Thaba-Tseka,Lesotho,-29.17,28.71,,,17.4,16.9,15.2,12.3,9.2,6.2,6.2,8.8,12.2,14.1,15.2,16.6,102,84,81,36,11,10,4,23,24,71,80,80,12.5,12.3,12.4,13.0,12.9,14.1,14.3,14.5,13.9,13.4,13.1,12.9
Benghazi,Libya (State of),32.12,20.06,,,12.7,13.4,15.3,19.1,22.7,25.9,26.1,26.5,25.2,22.4,18.1,14.3,67,41,28,8,3,0,0,0,3,21,33,65,7.9,8.9,10.0,11.5,12.2,12.1,11.0,10.7,10.9,10.5,9.5,8.1
Ghadames,Libya (State of),30.13,9.5,,,10.6,13.2,16.7,21.8,26.2,31.0,31.3,31.1,28.2,22.5,16.4,11.3,5,5,7,4,2,0,0,0,1,4,2,3,14.0,15.0,15.4,15.9,16.8,17.5,17.9,17.3,16.3,15.0,14.8,13.8
Ghat,Libya (State of),25.13,10.15,,,11.5,14.9,19.3,25.7,30.3,32.6,32.2,31.9,29.8,25.2,19.1,13.1,1,0,1,0,0,1,0,0,1,0,0,1,16.0,17.1,16.8,17.0,15.8,15.8,15.1,14.7,14.7,15.1,15.5,15.8
Sebha,Libya (State of),27.02,14.45,,,11.7,14.4,18.4,23.9,27.9,31.4,30.6,30.3,28.6,24.1,17.8,12.8,1,1,0,0,0,0,0,0,0,2,1,1,14.4,15.2,15.5,15.9,15.6,15.6,15.3,14.9,14.6,14.4,14.2,14.3
Sirte,Libya (State of),31.2,16.58,,,13.7,14.8,16.4,19.1,21.5,24.2,25.3,26.5,25.7,23.1,19.0,15.1,38,19,16,4,2,1,0,0,11,33,28,40,9.3,9.5,9.4,9.3,9.3,8.9,7.8,8.2,8.6,8.9,9.6,9.4
Tripoli,Libya (State of),32.7,13.083,,,13.4,14.3,15.9,18.7,21.9,25.2,26.7,27.6,26.2,22.9,18.4,14.6,62,32,30,14,5,1,1,0,17,47,58,68,9.0,9.6,9.5,10.0,10.4,10.3,10.0,9.9,9.6,9.7,9.9,9.4
Kaunas,Lithuania,54.884,23.836,,,-3.4,-3.0,0.8,7.4,13.0,15.8,18.2,17.5,12.7,7.5,1.9,-2.1,46,32,40,37,54,73,78,75,53,55,48,46,4.8,5.5,6.9,9.8,11.0,10.3,10.5,10.4,8.8,6.7,4.3,4.4
Klaipeda,Lithuania,55.73,21.07,,,-1.2,-1.4,1.4,6.5,11.7,14.8,17.9,17.9,13.7,9.0,3.8,0.4,64,41,46,32,41,61,61,87,82,92,89,72,4.4,4.5,5.3,7.4,8.3,7.1,6.9,7.0,6.7,5.4,4.3,4.4
Panevezys,Lithuania,55.74,24.37,,,-3.5,-3.4,0.6,7.2,12.7,15.7,18.1,17.4,12.4,7.2,1.7,-2.2,38,32,36,38,54,67,84,63,55,56,47,45,4.7,5.7,7.0,9.7,11.2,10.6,10.7,10.6,9.0,6.7,4.4,4.5
Siauliai,Lithuania,55.93,23.31,,,-3.1,-3.4,0.4,6.8,12.4,15.5,18.1,17.4,12.5,7.3,1.9,-1.9,41,30,35,34,51,72,73,69,54,62,51,45,4.9,5.7,7.1,9.6,10.9,10.0,10.0,9.8,8.3,6.5,4.2,4.4
Vilnius,Lithuania,54.636,25.291,,,-4.0,-3.7,0.4,7.2,13.0,15.9,18.2,17.4,12.4,7.1,1.4,-2.8,48,37,42,43,57,73,89,75,66,55,47,53,4.8,5.6,7.1,9.9,10.8,10.2,10.2,10.2,8.7,6.6,4.3,4.4
Luxembourg,Luxembourg,49.617,6.217,,,0.8,1.7,5.3,8.9,13.1,15.9,18.2,17.9,14.2,9.7,4.8,1.7,77,62,69,58,78,80,71,75,76,87,76,87,4.7,6.0,7.5,8.9,9.4,9.6,9.9,9.8,8.4,6.8,5.1,4.4
Macao,"Macao, China",22.198,113.539,,,14.9,15.4,18.4,22.4,25.9,28.0,28.9,28.6,27.4,24.9,20.6,16.7,32,59,82,217,362,340,290,352,194,117,43,35,5.5,4.6,4.5,4.3,4.5,4.6,5.2,5.2,5.1,5.1,5.6,5.8
Ambohitsilaozana,Madagascar,-17.7,48.46,,,23.9,23.8,23.4,22.3,20.7,18.5,17.5,19.2,22.4,21.1,22.8,23.8,302,246,158,43,14,7,8,6,8,29,61,197,9.2,9.0,9.1,9.8,10.2,10.4,10.3,8.1,5.4,11.8,11.7,10.3
Antalaha,Madagascar,-14.9,50.28,,,27.2,27.4,27.1,26.4,24.8,23.1,22.1,22.1,22.9,24.0,25.4,26.8,237,271,269,226,154,138,162,138,81,86,115,209,7.3,7.5,7.3,7.3,8.0,7.8,7.9,8.1,8.1,7.6,7.8,7.7
Antananarivo,Madagascar,-18.8,47.48,,,21.9,21.9,21.6,20.6,18.8,16.4,15.5,16.1,17.9,19.9,21.3,21.9,326,254,160,50,16,4,6,8,9,42,112,212,9.1,8.9,9.2,9.6,9.9,9.9,10.0,10.5,11.6,11.6,11.2,9.9
Antsirabe,Madagascar,-19.88,47.03,,,20.1,20.1,19.7,18.2,16.1,13.9,13.4,14.4,16.1,18.2,19.6,19.9,273,208,164,75,24,6,10,7,14,82,122,213,10.4,10.4,11.4,12.6,13.7,14.5,15.1,16.1,17.5,16.3,14.4,11.7
Antsiranana,Madagascar,-12.27,49.28,,,27.0,26.8,27.1,27.0,26.4,25.0,24.2,24.4,25.1,26.1,27.1,27.5,295,289,165,61,17,16,15,17,8,23,39,160,8.0,7.6,8.1,8.7,9.3,9.4,9.5,9.6,9.9,9.8,9.5,8.8
Antsohihy,Madagascar,-14.89,48.0,,,27.6,27.6,27.9,27.9,26.9,25.1,24.5,25.1,26.4,28.2,28.8,28.1,337,346,216,51,6,1,1,2,3,24,82,208,8.8,8.5,9.1,10.3,11.6,12.5,13.3,13.5,14.1,13.1,11.5,9.5
Besalampy,Madagascar,-16.76,44.49,,,27.5,27.6,27.9,27.6,26.1,24.5,24.1,24.5,25.6,27.0,28.1,28.0,358,376,159,32,6,1,0,3,3,10,45,174,7.6,7.6,8.6,9.6,11.2,12.3,12.5,12.3,11.8,10.7,9.8,8.6
Farafangana,Madagascar,-22.81,47.83,,,26.4,26.5,26.0,24.6,22.7,20.8,20.1,20.4,21.5,23.0,24.6,25.8,311,288,346,250,220,141,169,101,92,112,103,187,6.0,6.3,6.3,6.9,7.6,8.4,8.1,8.0,7.6,6.7,6.5,6.5
Fianarantsoa,Madagascar,-21.45,47.1,,,22.3,22.1,21.7,20.1,18.3,16.0,15.1,15.7,17.5,19.4,21.4,22.1,255,207,141,48,24,14,28,12,12,51,103,185,8.8,8.8,9.0,8.9,9.0,9.4,9.3,10.0,11.2,10.8,10.5,9.8
Mahajanga,Madagascar,-15.72,46.3,,,27.6,27.6,28.2,28.1,26.8,25.2,24.7,25.3,26.3,27.6,28.4,28.0,475,384,182,54,6,1,1,2,2,14,98,250,7.5,7.3,8.4,10.0,11.4,12.7,13.0,13.0,12.4,11.0,9.1,7.8
Mahanoro,Madagascar,-19.89,48.8,,,26.7,26.8,26.3,25.1,23.5,21.1,20.6,20.9,21.6,23.1,24.6,26.0,245,301,287,171,175,131,135,114,85,94,74,180,7.6,7.4,7.2,7.5,7.8,7.1,8.1,8.3,8.7,8.1,8.1,7.8
Maintirano,Madagascar,-18.05,44.03,,,27.8,27.8,27.5,27.6,26.2,25.0,24.2,24.5,25.6,26.9,28.2,28.3,381,323,146,42,16,2,2,4,6,16,47,168,7.7,7.6,7.4,8.8,9.3,9.3,10.0,10.0,9.7,9.5,9.0,8.4
Mananjary,Madagascar,-21.22,48.34,,,26.5,26.6,26.0,24.9,23.2,21.4,20.6,20.8,21.7,23.0,24.8,25.9,286,361,335,219,202,149,158,105,78,101,121,198,6.7,6.6,6.7,7.2,7.4,7.9,7.9,8.2,8.0,7.3,7.1,6.9
Morondava,Madagascar,-20.29,44.28,,,28.0,28.0,27.9,26.8,24.6,22.6,22.2,22.6,24.2,25.9,27.3,28.0,292,205,85,12,3,1,1,1,2,7,21,99,8.0,8.3,9.0,10.8,12.5,13.9,13.9,13.1,11.6,10.2,9.4,8.8
Nosy Be,Madagascar,-13.31,48.32,,,27.4,27.4,27.6,27.5,26.5,25.2,24.2,24.3,25.0,26.3,27.1,27.5,424,361,282,130,38,35,24,28,35,58,128,326,8.1,7.9,8.2,8.6,8.7,9.0,9.7,9.8,9.7,9.4,8.6,8.3
Ranohira,Madagascar,-22.5,45.41,,,26.4,26.5,26.0,24.6,22.7,20.8,20.1,20.4,21.5,23.0,24.6,25.8,311,288,346,250,220,141,169,101,92,112,103,187,6.0,6.3,6.3,6.9,7.6,8.4,8.1,8.0,7.6,6.7,6.5,6.5
Sainte Marie,Madagascar,-17.077,49.824,,,27.1,27.2,26.9,25.9,24.6,23.2,22.2,22.3,23.0,24.2,25.5,26.6,379,476,496,418,344,275,266,159,88,102,117,256,6.3,6.2,5.8,5.4,5.3,5.0,5.0,5.4,5.8,5.5,6.0,6.2
Sambava,Madagascar,-14.25,50.14,,,27.2,27.4,27.1,26.4,25.1,23.1,22.1,22.1,22.7,23.7,25.2,26.7,216,183,219,216,137,107,131,124,85,99,88,154,7.5,7.7,7.3,7.5,7.5,8.3,8.1,8.2,8.4,8.0,7.8,7.8
Taolagnaro,Madagascar,-25.03,46.99,,,27.1,26.9,26.4,24.9,22.8,21.1,20.5,21.1,22.1,23.4,24.9,26.2,190,184,177,150,130,98,129,74,63,78,98,144,7.2,6.9,6.9,7.1,7.6,7.9,7.8,8.1,8.2,7.5,7.5,7.4
Toamasina,Madagascar,-18.15,49.4,,,26.7,26.9,26.4,25.4,23.9,22.1,21.0,21.1,21.9,23.0,24.5,25.9,384,465,469,370,296,268,268,199,126,130,126,299,7.6,7.7,7.6,7.6,7.9,8.1,8.0,8.1,8.5,8.2,8.3,7.8
Toliara,Madagascar,-23.38,43.73,,,28.2,28.3,27.6,25.9,23.8,21.6,21.2,21.8,23.1,24.6,26.4,27.4,124,76,54,14,14,8,5,4,6,6,15,57,9.3,9.6,10.2,11.1,11.9,12.7,12.9,13.0,12.5,11.1,10.3,9.6
Mzuzu,Malawi,-11.45,34.02,,,19.9,20.0,19.5,18.7,16.4,13.9,13.1,14.0,16.7,19.4,20.5,20.1,203,180,224,213,59,30,30,12,10,35,96,197,9.4,9.1,8.8,8.6,10.5,12.5,13.8,15.3,16.4,15.5,13.0,10.2
Alor Setar,Malaysia,6.1,100.35,,,27.4,28.4,28.8,28.9,28.4,28.0,27.6,27.6,27.4,27.5,27.4,27.1,19,61,113,192,226,137,184,203,282,283,206,84,10.9,11.8,11.4,9.7,8.1,7.8,8.0,8.0,7.8,7.8,8.0,8.6
Cameron Highlands,Malaysia,4.47,101.43,,,18.0,18.4,19.1,19.6,19.6,19.2,18.8,18.6,18.6,18.6,18.5,18.0,95,144,221,258,274,174,173,230,278,373,317,210,6.8,7.7,7.8,7.5,7.1,7.2,7.1,6.7,6.6,6.5,6.4,6.2
Ipoh,Malaysia,4.58,101.07,,,27.8,28.4,28.6,28.8,28.8,28.5,28.1,28.1,27.9,27.8,27.6,27.5,132,150,170,259,211,152,157,158,216,297,275,251,10.3,10.7,10.5,9.8,9.5,9.6,9.8,9.7,9.3,9.3,9.0,9.3
Johor Bahru,Malaysia,1.47,103.75,,,26.4,27.0,27.4,27.8,27.8,27.5,26.9,26.9,26.9,27.2,27.0,26.5,163,140,203,233,215,148,177,186,191,218,238,244,9.1,10.0,10.1,9.9,9.4,9.2,9.1,9.1,9.1,9.2,8.6,8.2
Kota Bharu,Malaysia,6.17,102.28,,,26.1,26.5,27.3,28.3,28.6,28.3,28.0,27.8,27.5,27.4,26.5,26.1,80,54,118,90,104,114,158,171,190,256,690,580,6.5,7.3,8.0,8.6,8.5,8.6,8.5,8.4,8.3,7.7,6.2,5.6
Kota Kinabalu,Malaysia,5.93,116.05,,,26.6,26.9,27.4,28.2,28.2,27.9,27.6,27.6,27.5,27.4,27.2,27.1,105,73,50,114,216,279,263,270,285,346,302,242,7.5,7.7,8.1,8.1,7.8,7.8,7.8,7.9,7.7,7.6,7.5,7.6
Kuala Lumpur,Malaysia,3.117,101.55,,,27.3,27.9,28.2,28.4,28.4,28.2,27.8,27.7,27.6,27.6,27.4,27.2,170,165,241,259,204,125,127,156,193,253,288,246,9.6,10.1,10.0,9.4,9.0,9.1,9.1,9.2,8.9,8.9,8.4,8.6
Kuantan,Malaysia,3.78,103.22,,,25.7,26.4,27.2,28.0,28.4,28.1,27.8,27.8,27.7,27.5,26.7,25.8,280,140,169,150,172,164,156,178,208,265,413,598,7.6,8.6,9.0,9.5,9.6,9.5,9.5,9.6,9.4,9.0,7.6,6.6
Kuching,Malaysia,1.48,110.33,,,26.4,26.6,27.2,27.8,28.2,28.0,27.7,27.7,27.4,27.4,27.2,26.8,684,473,339,273,242,220,186,230,262,339,372,498,6.9,7.2,8.1,8.9,9.1,9.4,9.4,9.4,9.1,9.0,8.7,7.7
Labuan,Malaysia,5.3,115.25,,,27.3,27.4,28.2,28.6,28.6,28.3,27.9,28.1,27.9,27.6,27.7,27.5,174,115,73,228,307,287,308,290,301,391,334,308,5.4,5.8,6.7,6.9,6.6,6.6,6.5,6.5,6.5,6.3,6.2,5.8
Langkawi,Malaysia,6.37,99.78,,,28.6,28.8,28.9,28.6,28.4,28.2,27.9,27.7,27.5,27.5,27.9,27.9,19,34,99,191,210,250,267,326,335,363,193,56,8.7,8.9,8.3,7.3,6.5,6.6,6.5,6.2,6.2,6.4,6.8,7.2
Melaka,Malaysia,2.2,102.25,,,27.2,28.0,28.2,28.2,28.0,27.6,27.1,27.1,27.1,27.4,27.2,27.0,76,90,142,185,177,165,178,189,206,195,239,132,9.1,9.7,9.7,9.1,8.5,8.5,8.3,8.4,8.3,8.5,8.3,8.2
Miri,Malaysia,4.33,113.98,,,26.5,26.7,27.2,27.6,27.8,27.6,27.2,27.4,27.2,27.0,26.9,26.8,240,160,134,178,194,205,179,211,250,317,296,349,6.8,7.0,7.4,7.5,7.7,7.9,7.9,7.9,7.6,7.3,7.2,7.0
Petaling Jaya,Malaysia,3.07,101.63,,,27.8,28.4,28.6,28.9,28.9,28.6,28.1,28.2,28.1,28.1,27.9,27.6,190,210,274,299,243,129,141,169,198,280,330,261,9.4,9.8,9.7,9.3,9.0,8.9,8.9,9.0,8.8,8.8,8.5,8.5
Pulau Pinang,Malaysia,5.45,100.25,,,27.7,27.9,28.1,28.2,28.0,27.9,27.5,27.4,27.1,27.1,27.2,27.5,61,97,129,222,227,172,184,255,358,374,216,103,8.2,8.2,8.2,7.6,7.3,7.4,7.4,7.3,7.0,7.0,7.2,7.3
Sandakan,Malaysia,5.9,118.07,,,26.5,26.6,27.2,27.9,28.4,28.1,27.9,28.0,27.8,27.6,27.2,26.8,398,304,153,114,125,195,202,224,225,284,335,459,5.6,6.0,6.8,7.7,8.5,8.5,8.8,9.0,8.7,8.1,7.2,6.2
Sibu,Malaysia,2.33,111.83,,,26.6,26.9,27.4,27.9,28.1,27.8,27.6,27.6,27.5,27.4,27.3,27.1,368,276,301,287,228,193,168,218,278,276,295,360,8.0,8.5,9.2,9.8,9.9,9.9,10.2,10.0,9.5,9.4,9.2,8.5
Gan - Addu Atoll,Maldives,-0.62,73.15,,,27.6,28.1,28.1,28.3,28.1,28.0,27.6,27.4,27.2,27.2,27.3,27.1,234,110,168,159,232,151,184,193,194,274,173,236,6.2,6.0,6.8,6.6,6.4,6.3,6.4,6.6,6.5,6.3,6.2,6.4
Hanimaadhoo,Maldives,6.746,73.169,,,27.8,27.9,28.9,29.6,29.2,28.5,28.1,28.0,28.0,28.1,27.9,27.6,45,34,38,59,252,216,234,220,184,206,146,117,6.3,6.8,6.4,5.9,5.6,5.3,5.3,5.3,5.3,5.5,6.1,6.2
Male',Maldives,4.2,73.53,,,28.0,28.3,28.9,29.2,28.8,28.3,28.1,27.9,27.8,27.8,27.6,27.8,114,38,74,122,219,167,150,176,199,194,231,217,4.6,4.8,5.0,4.8,4.9,4.6,4.7,4.9,4.9,4.8,4.9,4.7
Bamako,Mali,12.533,-7.95,,,25.2,28.1,30.7,32.4,31.9,29.4,27.1,26.5,26.9,28.0,26.8,25.1,1,1,2,20,54,132,224,290,196,66,5,0,16.4,16.5,15.6,14.4,13.1,11.7,9.9,9.3,10.6,13.3,16.9,16.6
Gao,Mali,16.27,-0.05,,,22.8,25.4,29.0,32.7,35.4,35.1,32.5,31.0,32.2,32.1,27.8,23.6,0,0,0,2,8,23,64,84,34,5,0,0,16.0,16.8,16.4,16.0,14.3,12.7,11.9,11.2,12.4,14.4,15.9,15.6
Kayes,Mali,14.43,-11.43,,,25.2,28.0,30.8,33.6,35.1,32.4,28.9,27.6,28.1,29.6,28.4,25.4,0,0,0,1,12,83,155,216,141,41,3,1,16.7,17.3,17.2,16.2,13.5,11.6,9.4,8.7,9.9,13.1,16.7,16.3
Kidal,Mali,18.43,1.35,,,20.2,23.0,26.8,30.9,34.2,35.2,33.5,32.3,32.5,30.6,25.7,21.3,1,0,0,1,5,12,37,46,23,3,0,0,15.5,16.3,16.1,15.8,14.5,13.3,12.7,12.2,13.1,14.8,15.4,15.2
Mopti,Mali,14.52,-4.1,,,23.4,26.2,29.5,32.5,33.5,32.0,29.2,28.0,28.5,29.4,27.2,23.8,1,0,1,4,23,56,140,166,89,20,0,0,16.6,17.3,16.5,15.5,14.0,12.6,10.7,9.3,9.6,12.1,15.5,15.6
Segou,Mali,13.4,-6.15,,,24.5,27.3,30.1,32.5,33.0,30.6,27.9,26.9,27.3,28.9,27.6,24.8,1,0,3,8,35,81,177,220,122,26,2,1,16.0,16.6,15.9,14.5,13.1,11.6,9.9,8.7,9.8,13.3,16.2,15.7
Sikasso,Mali,11.35,-5.68,,,24.4,27.1,29.8,30.9,29.9,27.6,26.1,25.6,26.1,27.4,26.4,24.1,1,4,13,46,109,152,244,309,210,84,12,2,18.2,17.7,15.3,12.7,11.5,10.5,9.2,8.5,9.7,11.8,15.9,17.9
Tombouctou,Mali,16.72,-3.0,,,21.5,24.2,27.6,31.2,34.1,34.5,32.1,30.6,31.5,30.9,26.5,21.9,1,0,0,1,4,16,54,74,29,4,0,0,17.0,18.0,18.1,17.5,16.2,14.3,12.7,11.7,13.5,16.4,17.5,16.9
"Luqa, Malta",Malta,35.85,14.48,,,12.2,12.4,13.4,15.5,19.1,22.9,25.9,26.2,24.1,20.6,17.0,13.8,89,61,41,22,7,3,0,7,40,90,80,112,6.0,6.2,6.6,7.2,8.4,9.1,9.7,8.9,7.9,7.1,6.2,5.7
Plaisance,Mauritius,-20.43,57.67,,,26.4,26.3,25.9,25.0,23.5,21.9,21.1,21.0,21.6,22.8,24.2,25.5,237,267,203,211,153,95,100,88,60,60,77,172,6.8,6.4,6.4,6.4,6.6,6.5,6.1,6.4,7.1,7.2,7.6,7.3
Port Louis,Mauritius,-20.15,57.48,,,27.8,27.7,27.6,26.9,25.4,23.8,23.0,23.0,23.5,24.6,26.0,27.1,131,160,83,87,48,24,18,19,17,15,24,85,7.4,7.4,7.7,7.7,7.8,7.7,7.4,7.7,8.3,8.4,8.4,7.9
Vacoas,Mauritius,-20.28,57.47,,,24.0,24.1,23.9,23.0,21.2,19.4,18.6,18.4,19.1,20.3,21.8,23.2,292,400,247,210,120,96,114,119,73,63,65,197,7.2,6.8,7.0,6.7,7.1,6.9,6.5,6.7,7.4,7.6,8.0,7.7
Acapulco,Mexico,16.83,-99.9,,,26.8,26.9,27.0,27.4,28.4,28.5,28.6,28.6,28.2,28.4,28.2,27.6,13,3,1,4,23,261,243,280,299,128,17,12,7.0,6.9,6.7,6.7,6.3,6.8,7.3,7.2,6.8,6.6,6.6,6.9
Aguascalientes,Mexico,21.88,-102.28,,,13.4,15.0,17.6,20.1,22.5,22.5,20.9,20.7,20.2,18.5,16.1,14.1,15,5,1,6,20,70,116,116,77,32,8,11,17.9,18.3,18.1,17.5,16.4,14.0,12.5,12.6,12.4,14.6,17.1,17.4
Cancun,Mexico,21.15,-86.83,,,24.2,24.7,25.7,27.4,28.6,29.1,29.3,29.2,28.7,27.4,26.1,24.7,136,46,53,38,88,138,57,110,225,221,132,96,7.3,8.0,8.4,8.1,8.3,7.8,8.2,8.8,8.0,7.2,6.9,7.0
Chihuahua,Mexico,28.65,-106.08,,,9.1,11.7,15.2,18.6,22.2,25.7,24.9,23.5,21.6,17.9,13.0,9.8,15,4,4,14,24,34,108,107,105,32,13,17,14.8,15.9,15.7,15.4,15.2,14.0,12.0,11.8,11.8,14.1,15.3,14.9
Ciudad Juarez,Mexico,31.73,-106.52,,,7.8,10.4,14.2,17.8,22.5,28.0,28.6,27.2,24.1,18.6,12.0,8.2,17,12,4,7,10,13,45,47,64,26,8,13,14.3,16.0,16.4,16.6,16.2,16.5,13.9,13.7,14.0,15.1,15.3,15.1
Ciudad de Mexico,Mexico,19.4,-99.13,,,13.5,15.0,17.4,18.7,19.1,18.4,17.2,17.4,16.9,16.0,14.9,13.7,11,4,10,26,56,135,175,169,145,67,12,6,15.4,15.8,16.5,15.8,14.8,12.4,11.5,11.7,10.8,12.4,13.9,14.2
Cozumel,Mexico,20.52,-86.95,,,24.0,24.2,25.8,26.9,27.8,28.1,28.1,28.2,27.8,26.9,25.7,24.5,81,60,32,45,111,192,116,142,240,242,122,107,9.2,9.7,10.2,10.2,9.8,8.6,9.1,9.5,8.3,7.6,8.0,8.3
Cuernavaca,Mexico,18.92,-99.23,,,18.6,19.8,21.8,23.1,23.6,21.8,20.9,20.8,20.2,20.2,19.8,19.1,13,4,6,16,59,250,261,267,256,110,17,7,12.7,13.1,13.7,13.2,12.1,9.7,9.9,9.7,9.0,10.6,12.0,12.5
Culiacan,Mexico,24.82,-107.38,,,19.1,19.9,21.3,23.5,26.2,29.6,29.7,29.2,28.9,27.5,23.3,20.2,20,8,2,2,2,23,145,192,129,40,28,24,16.9,17.9,18.6,18.6,16.8,12.5,11.4,11.0,10.9,13.5,15.8,16.2
Guadalajara,Mexico,20.68,-103.33,,,17.4,18.8,21.1,23.1,24.8,24.2,22.1,22.0,22.0,21.4,19.7,18.1,20,4,4,7,19,185,274,220,166,51,15,8,14.5,15.5,16.2,15.9,15.2,12.8,10.6,10.6,10.4,11.9,13.8,13.8
Hermosillo,Mexico,29.08,-110.95,,,16.6,18.1,20.2,23.4,26.9,31.5,32.3,31.6,30.7,26.5,20.5,16.8,18,19,8,4,4,7,88,98,54,18,16,29,14.3,15.1,15.6,16.8,16.8,16.0,13.4,12.4,13.1,14.3,15.0,14.1
Huatulco,Mexico,17.093,-96.692,,,25.9,26.4,26.8,27.7,28.2,27.3,26.8,27.0,26.8,26.8,26.1,26.6,3,9,16,31,104,313,191,290,320,138,21,6,14.8,15.7,15.0,14.0,12.8,10.9,11.4,11.2,11.2,12.9,13.7,15.1
Ixtapa Zihuatanejo,Mexico,17.63,-101.57,,,25.1,24.9,25.2,26.1,27.0,27.7,27.5,27.4,27.0,27.1,26.4,25.7,26,3,0,0,20,186,196,216,374,108,26,11,12.5,12.9,11.6,11.1,10.8,8.4,9.3,8.9,8.3,9.1,9.8,11.4
Jalapa,Mexico,19.53,-96.92,,,16.6,17.0,20.4,21.2,22.8,21.0,20.6,20.9,21.0,20.1,18.9,17.4,42,38,46,61,121,328,203,171,270,105,66,50,10.5,11.6,12.4,11.4,11.0,9.7,9.3,9.5,9.3,9.8,9.7,10.4
Leon,Mexico,17.82,-97.78,,,15.4,16.8,19.4,21.6,23.4,22.8,21.1,21.0,20.8,19.3,17.6,15.9,12,5,4,8,24,104,185,151,104,41,8,8,16.2,16.9,16.9,16.3,15.7,13.1,12.2,12.2,12.3,14.2,15.5,15.4
Los Cabos,Mexico,22.88,-109.92,,,18.8,19.4,19.9,21.8,23.4,25.4,28.0,28.9,28.1,26.8,22.9,20.2,12,2,0,1,0,0,13,59,84,37,18,19,12.6,13.7,13.6,13.8,13.3,12.5,10.4,9.4,9.4,10.9,11.9,12.3
Manzanillo,Mexico,19.05,-104.32,,,24.9,24.5,24.2,24.9,26.5,28.1,28.6,28.6,28.1,28.1,27.0,25.8,29,7,4,4,9,120,141,216,271,126,26,16,9.1,9.4,9.5,8.9,8.0,7.0,7.5,7.7,7.2,7.6,8.2,8.5
Mazatlan,Mexico,23.22,-106.42,,,19.9,19.5,20.0,21.7,24.3,27.3,28.1,28.2,27.9,27.0,23.7,21.1,17,4,2,4,0,31,189,192,227,82,13,18,8.2,8.7,8.4,8.2,7.4,5.8,5.9,6.2,6.1,6.6,7.6,7.8
Merida,Mexico,20.98,-89.62,,,24.1,24.5,26.1,27.4,28.7,28.0,27.8,27.8,27.6,26.7,25.6,24.1,38,32,25,25,72,143,171,139,174,123,61,48,14.3,14.7,15.9,15.7,14.8,14.0,14.0,13.9,13.0,12.4,12.6,13.6
Mexicali,Mexico,32.67,-115.47,,,13.2,15.6,18.1,21.4,25.8,30.6,33.9,33.5,30.3,24.1,17.2,13.1,11,8,8,2,1,0,5,12,10,9,4,13,14.3,15.1,15.5,16.6,17.9,18.9,16.6,15.8,15.8,15.7,15.3,14.5
Monterrey,Mexico,25.7,-100.32,,,14.4,16.8,20.9,23.8,26.2,27.8,28.1,28.1,25.9,22.1,18.7,15.2,16,11,16,28,70,86,58,87,148,82,20,15,12.8,13.6,13.5,12.9,11.9,11.5,12.2,12.0,10.5,10.1,11.4,12.5
Morelia,Mexico,19.68,-101.18,,,15.1,16.3,18.6,20.6,21.8,21.2,19.7,19.8,19.4,18.4,17.1,15.8,16,6,9,11,43,138,184,162,132,54,11,6,19.2,20.1,20.7,20.2,19.4,16.8,14.6,14.1,14.1,16.1,18.2,19.1
Puebla,Mexico,19.03,-98.22,,,13.8,14.9,17.0,18.6,19.8,19.4,18.4,18.3,18.1,17.1,15.8,14.4,9,8,12,23,88,197,165,156,192,74,12,5,18.4,17.9,17.8,16.9,16.2,14.0,13.9,13.8,13.5,15.0,17.1,18.2
Puerto Vallarta,Mexico,20.63,-105.23,,,22.8,22.6,23.0,23.5,25.6,27.5,28.1,28.4,28.2,27.9,26.0,23.9,34,5,2,2,15,188,328,312,370,94,20,22,12.1,12.7,12.3,12.7,10.8,9.5,10.4,10.7,10.7,11.4,12.6,11.9
Queretaro,Mexico,20.58,-100.28,,,15.1,16.1,18.6,20.6,22.5,21.9,20.3,20.1,19.5,18.4,17.1,15.6,15,8,4,13,45,98,129,80,71,38,9,11,15.5,16.7,17.6,17.3,16.3,14.6,12.8,12.9,12.3,14.5,16.1,15.9
Reynosa,Mexico,26.07,-98.28,,,16.2,18.4,22.0,23.9,27.6,28.5,29.9,29.8,27.2,24.6,20.0,17.3,15,13,7,25,73,100,24,67,73,27,12,17,11.3,12.2,14.3,13.8,13.3,14.0,14.1,13.6,13.3,12.7,11.8,11.4
Saltillo,Mexico,25.43,-100.98,,,12.1,13.4,16.9,19.4,22.3,23.0,22.8,22.3,20.2,17.9,15.2,12.9,17,10,7,17,35,39,59,66,60,29,12,18,15.2,15.6,15.7,15.4,14.6,13.7,12.8,12.8,12.5,13.6,14.6,14.5
San Luis Potosi,Mexico,22.17,-100.98,,,13.1,14.8,17.4,19.4,21.2,20.9,19.7,19.5,18.6,16.9,15.5,13.4,18,6,4,20,39,51,52,42,50,33,7,19,17.2,18.1,19.3,18.9,17.9,15.6,14.4,14.2,13.5,15.5,16.8,17.0
Tampico,Mexico,22.22,-97.85,,,18.9,20.1,22.9,25.1,27.6,28.5,28.2,28.5,27.7,25.7,22.6,19.6,28,18,16,24,52,195,151,171,265,136,40,54,8.0,8.5,7.9,7.5,6.8,6.7,7.0,7.3,7.4,7.6,7.8,8.1
Tijuana,Mexico,32.53,-117.02,,,14.0,14.7,15.1,16.1,18.5,20.5,22.8,22.9,22.3,19.2,16.5,13.8,43,43,62,20,3,1,0,0,5,9,32,36,13.2,12.6,10.9,10.9,10.2,10.4,11.4,10.1,10.6,12.3,13.4,13.8
Toluca,Mexico,19.28,-99.65,,,10.0,11.2,13.4,14.9,15.8,15.5,14.5,14.6,14.5,13.7,11.9,10.6,15,11,13,26,65,132,145,128,99,54,12,7,17.2,17.3,17.9,16.6,15.3,12.4,11.7,12.3,12.2,14.3,16.1,16.5
Torreon,Mexico,25.55,-103.34,,,14.6,16.9,18.9,24.1,27.1,28.1,27.4,27.0,25.2,22.4,18.2,15.1,11,4,2,6,21,34,35,37,44,18,7,11,15.5,16.7,13.8,16.9,16.3,14.6,13.7,13.4,13.2,14.3,15.8,15.3
Veracruz,Mexico,19.18,-96.13,,,21.5,21.8,23.6,25.8,27.4,27.6,27.2,27.6,27.2,26.2,24.2,22.2,24,16,14,17,48,298,420,323,359,153,60,24,6.2,6.3,5.9,5.6,5.6,6.1,6.9,7.1,6.9,6.7,6.4,6.3
Villahermosa,Mexico,17.98,-92.93,,,23.8,24.6,26.8,28.4,29.9,29.3,28.9,28.9,28.5,27.2,26.0,24.4,116,90,48,44,102,225,173,242,303,324,177,166,8.8,9.5,10.9,10.9,11.0,10.4,10.2,10.3,9.5,8.4,8.6,8.5
Arvaikheer,Mongolia,46.38,102.79,,,-13.9,-11.2,-5.3,3.1,10.2,15.1,17.3,15.4,10.1,2.4,-6.2,-11.9,1,2,2,4,18,35,76,60,18,5,3,1,10.5,11.3,12.0,13.0,13.0,12.8,11.6,11.6,12.2,11.6,11.0,10.4
Baganuur district,Mongolia,47.81,108.34,,,-24.8,-19.3,-9.7,1.2,9.1,15.2,17.8,15.4,8.7,-0.6,-13.1,-21.9,2,2,4,6,18,36,57,51,21,9,4,4,14.4,17.0,16.6,16.4,17.0,15.6,13.7,14.2,16.2,15.4,14.8,13.9
Baruun-Urt,Mongolia,46.69,113.29,,,-20.9,-16.1,-6.5,4.0,12.4,18.4,21.1,19.1,12.3,3.0,-8.9,-17.7,2,2,2,5,14,38,58,53,17,5,2,2,9.8,11.9,13.0,14.1,15.0,13.5,12.2,12.5,13.6,13.2,11.3,9.6
Bayankhongor,Mongolia,46.17,100.71,,,-17.4,-14.0,-6.8,2.7,10.2,15.6,17.9,15.9,9.8,1.1,-9.0,-15.4,3,3,4,7,17,31,53,41,18,7,3,3,12.2,13.7,13.9,14.3,14.7,14.1,12.8,13.0,13.7,13.4,12.6,11.7
Bulgan,Mongolia,48.82,103.52,,,-19.8,-15.9,-7.3,1.5,9.7,14.8,17.1,14.9,8.8,0.9,-9.9,-17.1,2,2,5,9,20,62,108,79,30,10,4,2,13.9,16.4,16.8,19.0,17.9,15.8,13.4,13.8,16.1,15.9,14.2,13.3
Choibalsan,Mongolia,48.08,114.54,,,-21.6,-17.9,-9.7,0.4,7.8,14.1,17.0,14.8,8.1,-0.6,-11.3,-18.5,2,2,4,6,16,37,66,56,29,9,3,3,6.6,7.5,6.9,6.3,6.1,4.8,3.6,3.7,4.9,5.5,6.0,6.0
Choir,Mongolia,46.35,108.37,,,-19.9,-15.2,-6.3,3.8,11.8,17.6,20.3,18.1,11.7,2.6,-9.2,-17.4,1,2,2,3,9,26,54,40,18,5,4,2,10.1,12.3,13.6,14.6,15.0,14.0,12.6,12.3,13.3,13.0,11.3,9.5
Dalanzadgad,Mongolia,43.47,104.43,,,-13.2,-9.1,-1.8,7.2,14.7,20.1,22.6,20.5,14.5,5.9,-3.8,-11.1,2,2,4,4,10,16,31,29,13,6,3,3,12.7,13.4,13.5,13.7,13.6,13.2,12.4,12.3,12.6,12.9,12.7,12.5
Darkhan,Mongolia,49.46,105.97,,,-23.6,-18.0,-6.2,4.6,12.4,18.3,20.6,18.4,11.2,2.9,-9.9,-19.6,4,3,4,10,20,52,67,67,34,12,7,5,13.4,15.8,15.3,17.0,18.6,17.8,15.6,16.1,16.7,15.6,13.5,12.4
Erdenet,Mongolia,49.033,104.05,,,-16.9,-14.8,-8.8,0.2,7.5,12.8,15.1,13.0,7.2,-0.7,-9.6,-14.9,1,2,5,10,15,30,47,38,16,9,3,2,14.6,14.5,14.0,13.1,13.1,13.2,12.0,12.0,12.5,12.4,13.4,13.9
Govi-Altai,Mongolia,46.38,96.24,,,-16.9,-14.8,-8.8,0.2,7.5,12.8,15.1,13.0,7.2,-0.7,-9.6,-14.9,1,2,5,10,15,30,47,38,16,9,3,2,14.6,14.5,14.0,13.1,13.1,13.2,12.0,12.0,12.5,12.4,13.4,13.9
Khanbogd,Mongolia,43.2,107.19,,,-10.9,-6.9,0.1,9.4,16.9,22.4,25.1,22.8,17.0,8.4,-1.6,-8.8,1,2,4,4,9,13,24,28,9,4,2,1,10.5,12.1,13.3,13.4,13.5,13.2,12.5,11.9,12.3,12.0,10.8,9.9
Kharkhorin,Mongolia,47.19,102.83,,,-16.4,-11.9,-4.7,4.4,11.2,16.4,18.5,16.6,11.1,2.7,-6.6,-13.9,4,3,8,14,28,62,80,51,22,13,7,4,11.0,12.4,12.5,13.4,13.9,13.3,12.0,12.4,13.2,12.3,11.2,10.5
Khatgal,Mongolia,50.44,100.15,,,-22.4,-19.3,-11.5,-1.8,5.4,10.2,12.8,11.1,5.5,-2.3,-12.6,-19.6,2,2,2,8,20,58,93,78,35,9,6,2,14.6,17.4,17.8,16.1,16.9,15.1,12.8,13.2,15.0,15.2,14.4,13.4
Khovd,Mongolia,47.983,91.683,,,-22.4,-17.4,-6.1,5.1,12.6,17.7,19.6,17.5,11.5,2.8,-8.3,-17.8,1,2,4,6,11,29,37,27,12,7,2,2,12.1,13.9,14.4,14.2,14.1,13.2,12.3,12.8,13.6,13.4,12.7,11.8
Mandalgovi,Mongolia,45.74,106.26,,,-16.7,-12.7,-5.1,4.4,12.2,17.9,20.5,18.4,12.1,3.1,-7.7,-14.8,1,2,2,4,10,20,42,41,11,4,2,2,12.0,13.2,14.0,14.9,14.9,14.1,12.7,12.5,13.5,13.5,12.2,11.3
Murun,Mongolia,49.64,100.17,,,-21.2,-16.0,-6.4,3.1,10.8,16.1,18.1,15.8,9.5,1.1,-9.6,-18.0,2,1,1,7,18,48,73,58,20,6,2,3,13.2,15.7,15.9,16.1,16.3,14.7,13.2,13.7,15.2,14.7,12.8,12.3
Sainshand,Mongolia,44.88,110.12,,,-17.2,-11.8,-2.9,7.4,15.2,21.1,24.0,21.8,15.1,5.8,-6.1,-14.7,1,1,2,4,9,17,29,29,12,4,2,2,10.7,13.0,14.0,14.9,14.8,13.9,12.6,12.5,13.4,13.3,11.6,10.2
Sukhbaatar,Mongolia,50.24,106.17,,,-22.3,-17.1,-5.9,4.5,12.1,17.9,20.5,18.1,11.2,2.6,-9.1,-18.7,3,2,3,8,25,52,68,70,34,9,6,4,10.4,13.5,14.5,15.2,16.1,14.8,12.8,12.8,13.7,12.9,10.6,9.4
Tosontsengel,Mongolia,48.76,98.27,,,-31.8,-28.8,-18.9,-4.2,3.2,8.3,10.7,8.2,2.1,-6.4,-19.1,-28.0,3,2,5,8,18,43,64,50,22,10,7,6,8.3,8.8,9.1,6.8,6.9,6.0,4.6,5.1,6.7,6.9,7.1,7.7
Tsetserleg,Mongolia,47.47,101.46,,,-14.1,-11.6,-5.8,2.9,9.6,14.0,16.0,14.2,9.2,1.9,-6.5,-11.9,3,3,8,13,32,61,89,73,24,13,6,3,12.2,13.1,12.9,13.4,14.2,13.7,12.3,12.6,13.7,12.8,12.1,11.9
Ulaanbaatar,Mongolia,47.92,106.87,,,-20.8,-15.9,-7.1,2.6,10.5,16.1,18.6,16.4,10.2,1.5,-10.2,-18.3,3,3,4,8,20,49,68,72,28,8,5,4,10.6,12.7,13.0,14.1,14.7,13.2,11.9,11.9,13.3,12.5,10.9,9.6
Ulaangom,Mongolia,49.97,92.08,,,-30.8,-28.0,-17.1,1.9,11.8,17.4,19.6,17.1,10.5,1.9,-9.3,-24.2,2,2,3,4,7,30,43,29,11,8,10,7,10.8,12.7,13.3,12.3,15.6,14.7,13.3,13.4,13.7,12.5,8.6,9.6
Ulgii,Mongolia,48.98,89.94,,,-16.0,-12.6,-5.9,2.8,10.2,15.5,17.6,15.4,9.5,1.6,-7.4,-13.7,1,1,2,5,14,30,31,28,8,3,2,1,11.4,13.4,14.2,13.7,13.1,12.6,12.1,12.5,13.3,12.6,10.9,10.3
Uliastai,Mongolia,47.73,96.85,,,-21.5,-17.9,-9.5,1.8,9.0,14.3,16.7,14.1,8.2,-0.2,-11.6,-19.1,3,3,4,8,17,35,59,49,24,9,5,4,13.2,15.5,15.7,14.3,15.4,15.1,13.8,14.1,15.0,14.5,13.5,12.3
Undurkhaan,Mongolia,47.31,110.62,,,-22.7,-18.1,-8.2,3.2,11.2,17.1,19.9,17.6,10.8,1.5,-10.9,-19.6,2,3,4,6,16,40,66,62,23,7,4,3,14.2,16.9,16.9,17.0,17.5,15.5,13.7,14.1,15.9,16.1,14.8,13.3
ZamiinUud,Mongolia,43.71,111.9,,,-18.0,-13.9,-2.9,7.2,15.0,20.9,23.8,21.6,15.0,5.8,-5.6,-14.8,2,1,2,6,9,21,31,35,12,6,2,2,12.7,11.8,15.4,15.9,15.4,14.6,13.2,13.1,14.3,14.4,13.2,12.1
Zuunmod,Mongolia,47.73,106.94,,,-19.5,-16.1,-8.4,1.2,9.2,14.6,17.1,14.9,8.8,0.1,-10.6,-17.1,2,2,4,7,19,49,73,74,26,9,6,3,10.7,11.5,11.9,13.3,13.9,12.8,11.6,11.5,12.7,11.8,10.7,10.5
Podgorica,Montenegro,42.44,19.27,,,5.5,7.2,10.4,14.1,18.9,22.8,26.1,25.9,21.9,16.6,11.1,7.0,192,167,159,144,89,63,38,66,121,166,239,217,8.1,8.2,9.3,10.0,10.8,10.9,11.5,11.5,10.8,10.1,8.6,8.2
Agadir Inezganne,Morocco,30.379,-9.559,,,14.8,16.1,17.9,18.6,20.1,21.9,22.9,23.2,22.4,21.4,18.5,16.1,32,29,31,14,5,1,0,3,4,21,42,47,12.7,11.8,11.1,9.1,8.3,7.5,7.5,7.5,7.5,9.4,11.2,12.0
Casablanca,Morocco,33.57,-7.67,,,13.2,13.9,15.6,17.0,19.4,21.6,23.3,23.9,22.6,20.6,16.9,14.7,64,50,42,34,14,2,0,0,12,45,82,64,8.7,8.4,8.1,7.3,6.7,5.9,5.6,5.7,6.3,7.5,8.2,8.4
Errachidia,Morocco,31.941,-4.39,,,8.9,11.4,15.5,19.6,23.8,28.7,32.6,31.6,26.4,20.5,14.2,10.1,10,13,14,9,9,6,3,6,18,24,16,8,13.9,13.6,13.3,13.1,13.0,13.4,13.7,13.3,13.0,12.6,12.9,13.2
Fes,Morocco,33.931,-4.973,,,9.8,10.9,13.2,15.2,18.9,23.1,26.5,26.7,22.9,19.4,14.1,11.2,60,54,59,55,38,11,1,5,23,54,66,62,12.3,12.9,13.3,13.7,14.9,16.3,17.2,16.8,14.7,13.5,12.1,12.0
Marrakech,Morocco,31.62,-8.03,,,12.5,14.1,17.0,19.1,22.3,25.8,29.2,29.2,25.6,22.1,16.9,13.8,25,26,35,26,10,3,2,5,15,19,30,24,13.2,13.1,13.3,13.3,14.2,15.7,17.1,16.3,13.9,12.8,12.4,12.9
Ouarzazate,Morocco,30.932,-6.899,,,9.6,11.9,15.4,19.3,23.2,27.6,30.8,29.8,25.6,20.4,14.4,10.4,6,14,16,7,4,7,4,12,13,15,8,10,15.5,14.8,14.5,14.8,15.0,15.9,16.1,15.4,15.0,14.2,14.5,14.5
Oujda,Morocco,34.79,-1.938,,,10.5,11.2,13.5,15.5,18.9,22.9,26.6,27.1,23.2,19.6,14.6,11.6,32,30,34,32,24,5,2,6,18,28,33,25,12.3,12.5,13.2,13.7,14.4,15.1,15.8,15.4,13.9,13.4,11.9,11.8
Rabat-Sale,Morocco,34.046,-6.758,,,12.3,13.0,14.8,16.1,18.5,20.8,22.5,23.1,21.7,19.6,16.0,13.7,81,60,63,42,18,4,0,1,14,55,94,90,10.2,10.4,10.7,10.3,10.3,9.7,9.3,9.5,9.8,10.4,10.3,9.8
Tanger,Morocco,35.726,-5.906,,,12.5,13.1,14.7,16.2,18.9,22.1,24.2,24.9,23.0,20.4,16.2,13.9,90,66,72,58,34,7,1,1,24,87,117,114,8.6,8.5,8.6,8.8,9.6,9.6,9.9,9.6,8.8,8.3,7.9,7.8
Beira,Mozambique,-19.82,34.83,,,27.6,27.4,26.8,25.4,23.0,21.0,20.4,21.4,23.0,24.6,25.9,26.9,251,302,274,140,85,48,47,42,25,38,110,232,7.6,7.3,7.2,8.1,9.2,9.6,9.5,9.5,9.2,8.6,8.2,7.8
Chimoio,Mozambique,-19.12,33.47,,,23.9,23.5,23.1,21.5,19.4,17.5,17.2,18.6,21.0,22.6,23.3,23.6,202,228,163,54,26,16,18,21,15,43,97,206,8.9,8.3,8.9,9.3,10.7,11.0,11.2,11.7,12.4,11.9,10.6,9.3
Inhambane,Mozambique,-23.87,35.38,,,26.9,26.9,26.2,24.7,22.5,20.8,20.2,20.9,22.2,23.4,24.6,25.9,152,136,110,78,59,56,35,31,36,38,76,144,8.1,8.1,8.5,8.6,9.0,9.5,9.3,9.1,8.5,8.1,7.9,8.1
Lichinga,Mozambique,-13.3,35.23,,,20.3,20.4,20.1,19.2,17.4,15.4,14.9,16.2,18.8,21.0,21.2,20.5,222,224,201,92,25,3,4,1,3,19,103,235,8.4,8.5,8.7,9.2,10.5,11.2,11.0,11.9,12.7,12.3,10.7,8.8
Maputo,Mozambique,-25.95,32.57,,,26.1,26.0,25.4,23.6,21.6,19.5,19.3,20.4,21.6,22.4,23.5,25.2,171,130,106,56,32,18,20,15,44,55,82,85,7.6,7.3,7.8,8.4,9.6,10.2,10.2,9.9,8.9,8.2,7.7,7.7
Nampula,Mozambique,-15.1,39.25,,,26.0,25.9,25.5,24.4,22.8,21.0,20.6,21.8,23.7,25.5,26.4,26.2,228,216,181,81,23,16,22,8,6,24,83,184,9.0,8.9,8.4,8.4,9.3,9.4,9.6,11.2,12.6,12.8,11.8,9.7
Pemba,Mozambique,-12.95,40.48,,,27.0,27.0,26.8,26.2,24.9,23.5,22.9,23.7,24.2,25.6,26.7,27.1,146,156,202,122,32,15,11,8,2,11,42,124,7.6,7.8,8.0,8.4,9.2,9.7,9.5,8.2,8.9,7.9,7.4,7.3
Quelimane,Mozambique,-17.87,36.87,,,27.9,27.8,27.3,25.9,23.6,21.4,20.9,21.9,23.8,25.7,26.9,27.5,241,239,238,153,82,56,62,29,18,34,88,220,9.0,8.7,8.2,8.7,10.1,10.8,10.6,11.5,11.4,11.0,10.4,9.5
Tete,Mozambique,-16.15,33.58,,,28.4,28.2,28.0,27.1,24.6,22.3,22.3,23.9,26.9,29.2,30.0,29.1,167,142,96,15,6,4,3,2,1,11,46,139,10.1,10.0,10.5,11.3,12.7,12.6,13.4,13.2,13.4,13.2,12.4,10.9
Vilanculos,Mozambique,-21.98,35.32,,,27.1,27.0,26.5,24.6,22.1,20.1,19.7,20.6,22.6,24.1,25.6,26.6,152,160,80,41,36,24,18,23,9,40,58,138,7.3,7.8,8.4,9.3,10.5,11.1,11.0,10.3,8.8,7.7,7.1,7.0
Xai-Xai,Mozambique,-25.03,33.63,,,26.4,26.4,25.5,23.6,21.1,18.8,18.5,19.9,21.7,23.4,24.7,25.9,135,132,104,99,89,64,50,33,34,66,72,123,9.5,9.0,9.3,10.5,11.7,12.4,12.8,12.7,12.0,11.5,10.6,10.1
Coco-Island,Myanmar,14.142,93.368,,,25.8,25.6,26.5,28.5,29.0,28.0,27.6,27.5,27.4,27.6,27.7,26.6,2,5,13,37,240,456,418,439,380,184,138,23,7.6,8.8,9.0,8.3,6.5,5.3,5.3,5.0,5.6,6.4,6.6,6.8
Dawei,Myanmar,14.1,98.217,,,25.8,26.9,28.0,29.1,27.9,26.3,25.7,25.6,26.2,27.1,26.8,25.4,6,17,40,115,536,1099,1201,1310,707,356,44,8,14.9,14.5,13.5,11.7,8.3,6.2,6.0,5.6,7.0,9.2,12.0,14.4
Hkamti,Myanmar,25.988,95.674,,,17.6,20.1,23.3,26.1,27.7,27.5,26.9,27.6,27.6,26.2,22.4,18.5,8,16,20,46,275,865,1217,850,490,209,31,7,14.5,14.3,13.8,12.2,10.1,6.7,5.5,6.5,7.5,9.3,11.9,13.6
Homalin,Myanmar,24.867,94.917,,,18.0,20.3,23.4,26.4,27.9,27.8,27.2,27.4,27.1,26.2,22.6,18.9,7,15,24,46,187,436,522,421,349,181,32,12,15.3,15.8,15.7,14.0,11.4,7.6,6.5,7.2,8.3,10.3,12.8,14.3
Hpa-an,Myanmar,16.75,97.667,,,25.8,27.5,29.6,31.2,29.1,29.8,30.3,30.6,27.4,28.8,27.9,25.8,0,2,1,7,75,172,176,156,77,14,1,2,15.9,16.4,15.1,13.1,9.3,11.9,13.6,14.2,7.1,9.7,11.9,14.4
Kalewa,Myanmar,23.2,94.3,,,19.5,21.9,25.9,29.3,30.0,28.9,28.8,28.4,27.8,26.9,23.5,19.9,3,4,17,38,182,272,246,303,346,188,39,4,12.3,14.7,16.1,14.4,11.5,7.9,7.5,7.1,7.4,8.0,8.8,10.1
Katha,Myanmar,24.167,96.333,,,18.9,21.3,24.5,27.4,28.3,28.5,27.9,27.9,27.5,26.4,23.0,19.6,6,16,15,52,212,268,260,246,256,149,40,8,16.5,16.4,16.2,14.3,10.9,8.3,7.1,7.4,8.2,9.8,13.2,15.5
Kengtung,Myanmar,21.3,99.617,,,18.6,20.2,23.1,25.8,26.1,26.2,25.5,25.5,25.0,23.6,20.9,18.3,12,9,19,54,152,158,226,220,166,114,84,18,17.2,18.5,17.8,15.8,11.5,9.0,8.0,8.3,9.3,10.3,12.7,14.6
Lashio,Myanmar,22.933,97.75,,,15.4,17.1,20.4,23.9,25.4,26.2,25.6,25.7,25.4,24.0,20.2,16.6,3,8,12,56,144,189,220,235,194,133,56,9,20.5,22.0,21.6,17.7,12.4,8.9,7.4,7.8,9.0,10.6,13.8,17.1
Mandalay,Myanmar,21.98,96.1,,,21.0,23.5,27.8,31.4,31.3,30.0,30.0,28.8,29.0,27.9,24.8,21.5,4,3,1,40,138,116,83,136,150,125,38,6,15.3,17.2,16.1,14.0,11.0,8.4,8.5,7.1,8.2,8.7,10.8,13.4
Meiktila,Myanmar,20.833,95.833,,,22.2,24.9,28.8,31.7,30.6,28.8,28.6,28.3,28.5,27.9,24.8,22.4,2,2,10,26,126,104,75,121,151,147,42,7,15.3,16.3,15.4,13.4,10.8,8.4,8.3,8.0,8.5,9.1,9.6,12.8
Mindat,Myanmar,21.383,93.95,,,15.3,18.2,21.9,24.0,23.0,21.9,21.9,21.1,20.6,19.8,17.1,14.8,3,6,13,34,170,189,181,287,319,203,57,10,11.2,12.2,12.4,12.7,10.3,7.7,7.7,7.0,7.4,8.4,9.1,10.4
Monywa,Myanmar,22.109,95.136,,,21.2,24.0,27.8,31.2,31.6,30.4,30.9,30.1,29.2,28.1,25.0,21.8,1,1,8,26,87,88,51,104,162,114,37,4,15.5,17.0,17.5,15.8,12.5,9.1,10.1,9.3,9.1,9.5,11.4,13.6
Myitkyina,Myanmar,25.367,97.4,,,17.9,20.2,23.4,26.1,27.8,28.0,27.5,28.3,27.8,26.2,22.3,18.9,10,21,24,54,218,549,543,398,295,171,25,12,14.9,14.6,14.1,12.9,11.0,7.3,6.0,7.4,7.8,9.4,12.2,13.9
Naypyitaw,Myanmar,19.771,96.183,,,22.4,24.8,28.0,30.6,30.0,28.2,27.5,27.6,27.9,28.0,25.7,22.8,2,6,4,30,148,185,213,256,175,124,40,7,16.7,16.9,15.8,13.9,11.0,8.2,7.3,7.1,8.4,9.4,11.4,14.3
Pathein,Myanmar,16.767,94.767,,,24.7,26.5,28.6,30.5,29.7,27.7,27.2,27.1,27.6,28.1,27.2,25.1,2,9,7,27,276,606,647,636,385,206,80,7,14.4,14.6,13.8,12.2,9.0,6.4,6.1,5.9,6.9,8.0,10.0,12.5
Putao,Myanmar,27.333,97.417,,,24.3,25.9,28.1,29.8,28.1,26.1,25.6,25.6,26.5,27.8,26.8,24.6,19,47,105,154,214,719,1082,944,681,179,24,14,15.6,16.5,14.9,12.7,9.4,6.3,5.9,5.9,7.3,9.7,11.7,13.5
Pyay,Myanmar,18.825,95.262,,,24.2,26.5,29.4,31.7,30.8,28.4,27.9,27.9,28.4,28.9,27.2,24.8,2,1,5,27,145,235,198,228,206,124,56,4,16.0,17.3,16.4,14.0,10.4,7.1,6.2,6.3,7.7,9.3,11.0,13.4
Sagaing,Myanmar,21.913,95.957,,,21.6,24.1,28.3,31.5,30.7,30.0,29.6,29.2,29.1,28.5,25.4,22.1,1,5,5,39,143,99,70,126,153,120,32,6,14.5,15.5,15.4,13.4,10.0,7.5,6.8,6.5,6.9,7.6,10.0,12.4
Sittwe,Myanmar,20.133,92.883,,,21.6,23.2,25.9,28.5,28.8,27.2,26.7,26.9,27.4,27.6,25.9,23.0,1,13,8,36,308,1168,1280,965,549,289,116,15,13.4,13.3,11.5,9.0,7.4,4.9,4.4,4.8,5.9,7.3,9.5,11.8
Taunggyi,Myanmar,20.783,97.05,,,15.6,17.5,20.6,22.8,22.1,21.4,20.9,20.8,20.9,20.2,18.2,15.9,3,6,10,57,172,178,213,291,281,176,76,10,15.1,15.0,14.6,13.0,9.5,7.2,6.3,6.4,7.4,8.9,11.0,13.4
Taungoo,Myanmar,18.941,96.433,,,22.9,25.2,28.5,31.1,29.9,27.5,26.9,27.0,27.7,28.0,25.9,23.4,3,4,7,33,204,356,418,452,282,150,48,8,15.9,17.4,16.2,13.6,10.5,7.2,6.5,6.3,7.8,9.4,11.1,13.7
Thandwe,Myanmar,18.466,94.303,,,21.6,22.9,25.8,28.7,29.0,27.0,26.5,26.5,27.3,28.1,26.2,23.3,3,7,4,17,342,1278,1390,1375,676,205,74,11,18.9,19.0,15.7,12.4,9.4,6.6,6.3,6.2,8.0,10.3,12.7,16.2
Yangon,Myanmar,16.77,96.17,,,25.1,26.9,28.8,30.6,29.2,27.4,26.9,26.9,27.3,27.9,27.2,25.2,5,2,7,15,303,547,559,602,368,206,60,7,14.3,15.2,14.4,12.7,8.4,5.7,5.6,5.5,6.2,7.3,9.6,12.5
Yay,Myanmar,15.25,97.867,,,24.8,25.5,26.9,28.3,27.4,25.9,25.6,25.3,26.0,26.8,26.4,24.9,3,17,24,85,529,1111,1172,1320,688,285,57,24,16.3,16.6,15.8,13.6,10.5,8.1,7.5,7.0,8.8,10.7,13.1,14.9
Windhoek,Namibia,-22.35,17.06,,,24.0,22.9,21.6,19.4,16.6,13.8,14.1,16.4,19.9,22.0,23.2,24.3,86,91,70,35,6,2,0,1,4,13,29,31,12.6,11.7,11.5,12.9,13.6,13.8,14.3,14.9,15.1,14.6,14.0,14.2
Bhairahwa,Nepal,27.5,83.4,,,14.9,18.0,22.9,28.0,30.0,30.6,29.4,29.6,28.9,26.2,21.7,17.1,18,19,17,26,82,269,546,396,254,78,8,13,12.2,14.7,16.7,16.2,12.8,9.8,7.1,7.5,8.3,11.9,14.4,13.9
Biratnagar,Nepal,26.5,87.3,,,15.8,18.6,23.2,27.1,28.3,29.0,28.9,29.1,28.4,26.4,22.3,17.9,12,13,13,53,186,302,531,378,299,92,6,7,13.7,15.0,15.3,13.5,10.0,7.7,6.5,6.7,7.4,10.5,14.0,14.9
Birendranagar,Nepal,28.6,81.6,,,12.6,15.2,19.7,24.7,27.1,28.0,27.1,27.0,25.8,22.1,17.6,13.8,34,42,26,29,91,252,472,423,191,42,10,18,14.5,14.6,15.8,16.2,13.5,10.2,7.2,7.3,8.3,12.6,14.5,14.8
Dadeldhura,Nepal,29.3,80.583,,,9.2,10.7,14.5,18.2,20.4,21.5,21.1,20.9,20.0,17.2,13.7,10.9,50,65,48,46,81,183,324,310,183,32,8,14,10.9,11.0,11.8,12.0,11.7,9.7,7.1,7.1,8.6,11.0,11.6,11.5
Dhangadhi,Nepal,28.8,80.6,,,13.9,17.1,21.7,26.8,29.9,30.8,29.4,29.1,28.3,25.1,20.1,15.8,28,33,16,24,79,252,566,521,296,52,4,17,13.7,15.5,17.4,18.3,14.7,11.1,7.4,7.3,8.2,12.8,15.4,15.1
Dhankuta,Nepal,26.98,87.35,,,12.4,14.1,17.7,20.9,22.2,23.4,23.5,23.6,22.8,20.4,17.1,14.0,8,9,14,19,31,44,60,54,43,24,8,6,10.7,10.1,10.2,10.1,8.8,7.1,6.6,6.9,7.6,9.4,10.7,11.0
Dipayal,Nepal,29.25,80.95,,,13.6,15.9,20.2,24.8,27.9,29.6,29.2,28.7,27.4,23.8,18.9,14.8,38,52,36,39,87,161,239,226,167,46,6,20,17.3,17.6,18.9,19.0,16.5,13.4,10.1,10.0,11.1,15.0,17.1,17.3
Ghorahi,Nepal,28.1,82.5,,,13.0,15.1,20.1,25.0,27.6,27.7,26.5,26.2,25.3,22.2,18.0,14.2,21,22,22,27,94,256,413,422,231,57,10,8,14.2,14.2,15.3,15.6,12.3,9.1,6.7,6.8,7.8,12.3,14.4,14.6
Janakpur,Nepal,26.71,85.92,,,15.6,18.6,23.4,27.7,29.3,30.0,29.3,29.6,28.8,26.9,22.5,18.0,12,11,12,52,128,239,488,339,198,64,2,8,13.1,14.7,15.7,14.2,10.6,8.2,6.4,6.3,7.0,9.7,13.6,14.2
Jomsom,Nepal,28.768,83.748,,,4.2,5.6,8.6,11.5,14.2,17.4,18.4,18.2,16.4,11.8,8.2,5.6,14,21,30,21,19,32,47,44,36,18,5,5,12.3,12.4,13.2,14.2,12.8,10.5,8.7,8.8,9.8,12.6,13.3,13.5
Jumla,Nepal,29.3,82.2,,,4.5,6.0,9.4,12.7,15.9,19.4,20.3,20.0,18.3,13.0,8.6,5.8,28,39,53,43,57,74,180,174,103,35,10,14,18.9,18.1,18.2,18.1,16.4,13.1,9.4,9.3,11.8,17.7,20.1,20.6
Kathmandu,Nepal,27.7,85.3,,,10.1,12.0,15.9,19.4,21.9,23.6,23.9,23.9,22.7,19.4,15.1,11.2,14,17,31,54,114,256,360,314,183,59,8,14,15.9,16.4,16.8,16.1,12.7,9.3,7.7,8.3,9.0,12.8,15.3,16.4
Okhaldhunga,Nepal,27.3,86.5,,,10.3,11.9,16.2,18.9,20.1,22.2,21.0,21.0,20.5,19.1,15.2,11.9,12,14,28,60,154,298,472,403,246,63,11,13,9.3,9.7,10.1,9.9,9.1,6.3,6.3,6.7,7.6,7.2,9.7,9.5
Pokhara,Nepal,28.21,84.0,,,13.4,15.7,19.8,22.8,24.2,25.8,26.0,26.1,25.1,22.1,18.0,14.3,23,35,60,128,359,669,940,866,641,140,18,22,12.6,13.0,13.9,14.1,11.7,9.7,8.0,8.2,8.5,10.8,12.2,12.7
Taplejung,Nepal,27.35,87.67,,,9.3,11.4,14.9,17.6,19.4,21.4,21.8,21.8,20.7,17.8,14.2,10.9,18,27,49,142,233,297,388,415,256,73,12,8,10.5,10.4,10.9,10.8,9.4,7.9,7.1,7.7,7.8,9.8,10.7,10.5
Amsterdam (Schiphol),Netherlands (Kingdom of the),52.35,4.9,,,3.0,3.1,5.8,8.2,12.5,14.8,16.9,17.1,14.3,10.6,6.5,4.2,62,43,59,41,48,68,66,61,82,85,89,75,4.9,5.8,6.8,8.4,9.3,8.8,8.9,9.5,8.2,7.1,5.3,4.6
De Bilt,Netherlands (Kingdom of the),52.1,5.17,,,2.6,3.0,5.8,8.2,12.6,15.0,17.3,17.1,14.1,10.3,6.2,3.9,67,48,65,44,62,72,70,58,72,77,81,77,5.2,6.2,7.6,9.4,10.1,9.6,9.6,10.3,9.1,7.7,5.9,5.1
Den Helder,Netherlands (Kingdom of the),52.95,4.75,,,3.0,2.9,5.2,7.5,11.6,14.1,16.5,16.9,14.4,10.8,6.9,4.4,64,40,54,35,42,53,56,60,87,90,92,71,4.4,4.6,5.4,6.3,6.7,6.5,6.4,6.7,6.4,5.7,4.8,4.3
Groningen,Netherlands (Kingdom of the),53.22,6.57,,,1.8,2.1,4.9,7.4,11.8,14.2,16.4,16.5,13.5,9.6,5.5,3.0,69,45,61,44,58,73,73,57,72,70,78,75,5.2,5.8,7.4,9.5,10.5,10.3,10.1,10.8,9.4,7.9,5.9,5.0
Maastricht,Netherlands (Kingdom of the),50.92,5.77,,,2.5,2.9,5.9,8.5,12.9,15.6,17.8,17.8,14.4,10.4,5.8,3.6,60,51,60,46,64,74,67,58,60,63,66,70,5.1,6.1,7.5,9.0,9.8,9.4,9.5,9.9,8.7,7.6,5.7,4.9
Twenthe,Netherlands (Kingdom of the),52.27,6.87,,,1.9,2.3,5.2,7.8,12.1,14.7,16.8,16.6,13.7,9.8,5.5,3.1,71,43,66,46,56,74,69,60,66,64,67,77,5.0,6.0,7.5,9.8,10.5,10.3,10.2,10.9,9.3,7.7,5.7,4.7
Vlissingen,Netherlands (Kingdom of the),51.45,3.6,,,3.8,3.8,6.2,8.7,12.7,15.2,17.7,18.1,15.5,11.8,7.6,5.1,59,41,53,41,51,66,62,57,70,80,76,67,3.7,4.2,5.0,5.9,6.5,6.3,6.4,6.4,5.4,4.8,4.0,3.6
Noumea,New Caledonia,-22.28,166.45,,,25.9,26.1,25.6,24.1,22.5,21.1,19.9,20.0,20.8,22.4,23.9,25.0,113,123,135,110,91,129,73,70,39,53,63,73,5.9,5.8,5.7,5.5,5.4,5.2,5.4,5.6,6.1,6.3,6.3,6.3
Ashburton,New Zealand,-43.903,171.804,,,17.3,16.8,14.9,11.9,8.9,6.4,5.7,7.4,9.8,11.7,13.6,15.6,53,53,57,49,63,57,64,62,48,59,59,57,12.2,11.7,11.8,11.7,10.8,10.5,10.6,10.6,11.4,11.6,11.6,11.5
Auckland,New Zealand,-36.85,174.77,,1981-2010,19.8,20.3,18.8,16.4,14.0,11.8,10.9,11.6,13.0,14.4,16.1,18.4,66,71,75,85,110,108,133,111,90,94,72,87,7.6,7.6,7.7,7.3,6.8,6.8,6.8,6.7,6.7,6.5,6.7,6.9
Blenheim,New Zealand,-41.521,173.864,,,18.1,17.7,15.9,12.8,10.2,7.8,7.0,8.2,10.3,12.3,14.3,16.6,49,49,46,53,60,72,75,61,66,66,55,58,12.3,12.2,12.2,12.1,11.5,11.1,11.1,11.1,11.2,11.4,11.6,11.5
Christchurch,New Zealand,-43.47,172.52,,1981-2010,17.2,16.8,14.9,11.9,9.0,6.4,5.8,7.2,9.3,11.4,13.4,15.8,36,43,46,44,58,58,65,62,41,49,46,47,10.7,10.3,10.7,10.9,10.6,10.6,10.3,10.4,10.9,10.9,10.9,10.6
Dargaville,New Zealand,-35.95,173.833,,,19.1,19.5,18.1,15.9,13.9,12.2,11.1,11.5,12.9,14.3,15.6,17.7,71,90,80,71,129,111,142,118,96,86,54,88,8.1,8.3,7.3,7.7,6.7,6.5,6.5,6.4,6.7,6.4,6.9,7.4
Dunedin,New Zealand,-45.86,170.52,,1981-2010,15.2,15.0,13.8,11.8,9.3,7.3,6.5,7.7,9.6,10.9,12.4,13.9,73,68,64,51,65,58,57,56,48,62,56,80,7.3,7.0,7.1,7.1,6.8,6.6,6.9,7.0,7.3,7.6,7.5,6.9
Gisborne,New Zealand,-38.659,177.985,,,19.3,19.1,17.6,14.8,12.6,10.3,9.7,10.3,12.1,13.9,15.8,18.1,59,68,93,97,96,105,130,78,72,70,63,57,10.8,10.2,10.1,10.1,9.9,9.5,9.0,9.6,9.9,10.1,10.3,10.3
Gore,New Zealand,-46.112,168.888,,,14.4,14.1,12.5,10.1,7.6,5.3,4.5,6.2,8.3,9.9,11.4,13.2,98,85,81,74,88,77,58,60,63,77,84,100,9.6,9.8,9.4,8.8,7.7,7.0,7.4,8.0,8.7,9.0,9.2,9.3
Hamilton,New Zealand,-37.87,175.34,,1981-2010,18.4,18.8,16.9,14.1,11.6,9.3,8.7,9.6,11.2,13.0,14.7,16.9,82,74,84,88,107,126,129,120,101,98,89,105,11.9,11.8,11.9,11.5,10.4,9.7,10.2,10.2,10.1,10.0,10.4,10.6
Hokitika,New Zealand,-42.72,170.98,,1981-2010,15.7,16.0,14.5,12.3,10.2,8.2,7.4,8.3,9.9,11.2,12.5,14.3,211,204,184,202,246,267,183,243,221,273,197,301,7.8,8.0,8.4,8.3,8.2,8.3,9.0,8.5,8.0,7.7,7.7,7.3
Kaikoura,New Zealand,-42.42,173.696,,,16.7,16.5,15.2,13.1,11.1,9.1,8.1,8.8,10.3,11.8,13.3,15.4,39,52,59,56,57,75,92,67,57,63,59,47,7.4,7.0,6.9,6.3,6.1,5.8,5.6,5.8,6.7,7.1,7.3,7.4
Kaitaia,New Zealand,-35.11,173.26,,1981-2010,19.4,19.9,18.7,16.9,14.7,12.8,12.0,12.1,13.2,14.3,15.8,17.8,89,109,78,125,167,165,156,113,105,91,82,114,8.8,9.0,8.6,8.0,7.3,7.1,7.0,7.1,7.3,7.3,7.7,8.0
Levin,New Zealand,-40.62,175.26,,,17.6,17.9,16.2,13.7,11.3,9.2,8.5,9.4,11.1,12.5,14.1,16.1,68,85,63,80,80,106,99,92,102,106,99,102,8.9,9.1,9.2,9.3,8.5,8.1,8.4,8.2,7.7,7.4,7.9,7.7
Motueka,New Zealand,-41.122,172.99,,,17.6,17.6,15.8,12.8,10.1,7.6,6.9,8.3,10.2,12.2,14.2,16.3,82,86,95,106,116,141,131,144,122,117,99,104,11.3,11.4,11.7,11.7,11.8,11.5,11.6,11.2,10.9,11.1,11.2,10.8
Mount Cook,New Zealand,-43.765,170.131,,,14.6,14.6,12.3,9.4,6.2,3.2,2.2,4.0,6.8,8.7,10.9,12.7,422,260,380,344,365,322,265,301,344,416,367,497,11.5,11.8,11.2,10.6,9.3,8.7,8.8,9.4,10.1,10.5,11.1,10.9
Napier,New Zealand,-39.5,176.91,,1981-2010,18.8,18.7,17.1,14.4,11.9,9.7,9.1,9.7,11.6,13.6,15.3,17.8,67,61,50,79,76,90,112,54,49,71,56,59,10.2,9.6,9.9,9.9,9.7,9.7,9.0,9.6,10.1,10.1,10.2,9.9
Nelson,New Zealand,-41.29,173.23,,1981-2010,17.8,17.9,16.1,13.2,10.6,7.9,7.2,8.4,10.3,12.3,14.3,16.4,77,64,71,81,82,92,78,82,85,87,78,84,9.2,9.4,9.7,9.8,10.1,10.4,10.6,10.0,9.3,9.1,9.1,8.7
New Plymouth,New Zealand,-39.01,174.18,,1981-2010,17.8,17.9,16.1,13.2,10.6,7.9,7.2,8.4,10.3,12.3,14.3,16.4,77,64,71,81,82,92,78,82,85,87,78,84,9.2,9.4,9.7,9.8,10.1,10.4,10.6,10.0,9.3,9.1,9.1,8.7
Palmerston North,New Zealand,-40.33,175.61,,1981-2010,17.8,18.1,16.4,13.7,11.2,9.1,8.4,9.2,10.9,12.4,14.1,16.4,55,71,55,60,74,92,85,69,85,84,75,96,10.3,10.3,10.2,9.9,8.9,8.2,8.3,8.5,8.5,8.6,9.1,9.4
Paraparaumu,New Zealand,-40.904,174.985,,,17.2,17.4,15.9,13.4,11.7,9.6,8.6,9.4,10.9,12.4,13.9,16.1,58,64,54,60,80,115,91,85,88,116,80,85,7.8,8.0,8.1,8.4,7.5,7.1,7.8,7.3,6.9,6.6,7.0,6.9
Queenstown,New Zealand,-45.04,168.66,,1981-2010,15.7,15.4,13.0,9.7,6.8,3.9,3.0,5.0,7.6,9.8,11.9,14.1,64,48,53,56,70,72,49,69,67,66,68,76,12.0,12.2,11.4,10.9,9.5,8.9,9.3,9.8,10.6,11.0,11.4,11.4
Reefton,New Zealand,-42.117,171.867,,,16.9,17.1,14.9,11.8,8.5,5.9,5.2,7.1,9.4,11.2,13.3,15.4,146,106,117,143,167,200,169,172,177,196,162,188,12.0,12.1,11.6,10.7,9.3,8.4,9.4,10.2,10.3,10.5,11.1,10.8
Rotorua,New Zealand,-38.11,176.32,,1981-2010,17.7,17.9,16.0,13.2,10.7,8.4,7.8,8.4,10.2,12.0,13.9,16.1,92,95,99,112,123,133,135,136,108,110,94,118,10.2,9.8,9.8,9.5,8.8,8.3,8.5,8.7,8.8,8.8,9.4,9.3
Taumarunui,New Zealand,-38.887,175.333,,,18.1,18.2,16.1,13.0,10.3,8.1,7.5,8.5,10.6,12.4,14.4,16.6,105,96,89,106,129,143,148,145,147,149,126,138,12.1,12.2,12.3,11.6,10.6,9.4,10.1,10.6,10.4,10.2,10.9,10.7
Taupo,New Zealand,-38.743,176.081,,,17.1,17.1,15.0,12.0,9.4,7.4,6.5,7.2,9.2,11.1,13.1,15.6,78,69,65,68,75,93,96,87,82,86,68,94,11.3,11.1,10.8,10.4,9.3,8.6,8.9,9.2,9.5,9.4,10.4,10.3
Tauranga,New Zealand,-37.671,176.197,,,19.5,19.8,18.1,15.7,13.3,11.0,10.3,10.8,12.5,14.1,15.9,18.1,78,86,97,120,110,114,129,110,84,89,74,95,8.8,8.5,8.7,8.7,8.0,8.2,8.4,8.3,8.3,8.0,8.4,8.3
Te Kuiti,New Zealand,-38.333,175.167,,,18.4,18.7,16.9,14.1,11.6,9.3,8.7,9.6,11.4,13.0,14.8,16.9,100,93,87,104,134,149,164,140,130,138,116,140,11.7,11.6,11.9,11.2,10.1,9.1,9.7,9.7,9.8,9.6,10.5,10.4
Thames,New Zealand,-37.15,175.55,,,19.4,19.8,18.2,15.9,13.4,11.2,10.4,11.2,12.7,14.2,16.0,18.1,65,70,78,104,90,120,148,124,96,93,74,81,10.1,9.6,9.7,9.4,8.6,8.3,8.3,8.2,8.4,8.4,8.8,8.9
Timaru,New Zealand,-44.305,171.221,,,16.0,15.5,13.8,10.9,8.2,5.6,5.0,6.5,8.7,10.4,12.3,14.4,48,52,48,38,47,39,46,44,36,50,50,52,11.3,10.7,11.3,11.7,11.3,11.5,11.2,11.3,11.7,11.5,11.4,10.6
Wanaka,New Zealand,-44.722,169.244,,,17.2,17.0,14.2,10.6,7.2,4.0,3.3,5.5,8.2,10.5,13.1,15.2,55,35,44,47,58,60,38,52,57,48,35,66,13.2,13.4,12.6,11.5,9.7,8.3,8.5,9.9,10.7,11.6,12.3,12.5
Wellington,New Zealand,-41.32,174.82,,1981-2010,17.9,18.1,16.6,14.4,12.4,10.5,9.6,10.2,11.7,12.9,14.4,16.6,58,61,67,68,86,100,113,93,75,95,75,65,6.5,6.5,6.3,5.9,5.5,5.2,5.4,5.5,5.7,5.8,6.1,6.1
Westport,New Zealand,-41.741,171.58,,,16.2,16.6,15.3,13.2,11.2,9.3,8.7,9.3,10.7,11.8,13.2,14.9,158,128,136,142,171,230,138,192,184,209,168,190,7.3,7.7,7.6,7.6,7.5,7.5,7.8,7.6,7.0,7.0,7.0,6.7
Whakatane,New Zealand,-37.925,176.919,,,18.9,19.1,17.4,14.4,11.8,9.4,8.9,9.7,11.6,13.4,15.4,17.5,75,83,86,103,105,129,132,113,92,99,76,96,10.2,10.1,10.7,11.1,10.8,10.7,10.6,10.6,10.1,9.8,9.9,9.6
Whanganui,New Zealand,-39.967,175.017,,,18.0,18.1,16.7,14.4,12.4,10.4,9.4,10.2,11.6,12.9,14.5,16.5,62,54,49,72,74,91,88,75,79,93,74,92,8.3,8.4,8.4,8.2,7.5,7.0,7.3,7.5,7.4,7.1,7.8,7.7
Whangarei,New Zealand,-35.767,174.366,,,19.9,20.2,18.8,16.6,14.5,12.4,11.6,11.9,13.4,14.7,16.5,18.6,78,98,116,103,110,132,169,126,110,84,76,97,8.7,8.3,8.2,7.8,7.3,7.4,7.5,7.5,8.0,8.0,8.3,8.5
Whitianga,New Zealand,-36.832,175.675,,,18.9,19.2,17.7,15.2,13.1,11.2,10.4,10.9,12.2,13.9,15.8,17.7,82,112,139,152,170,205,242,196,169,139,104,129,10.1,9.5,9.8,9.9,9.1,8.9,8.9,8.9,9.1,8.7,8.9,9.2
Chinandega,Nicaragua,12.63,-87.13,,,26.4,27.2,28.0,28.7,27.9,26.6,26.9,26.8,26.0,26.0,26.1,26.1,1,0,7,14,309,313,193,271,404,330,63,84,,,,,,,,,,,,
Niamey,Niger,13.48,2.17,,1961-1990,24.3,27.3,30.9,33.8,34.0,31.5,29.0,27.9,29.0,30.8,27.9,25.0,0,0,4,6,35,69,154,171,92,10,1,0,16.4,16.7,16.2,14.4,12.5,11.5,9.9,9.8,10.8,13.6,16.7,16.6
Abuja,Nigeria,9.067,7.483,,,27.6,31.1,30.6,30.1,26.1,24.5,25.5,23.3,23.8,26.7,25.0,25.1,2,5,11,63,134,164,218,263,253,103,4,1,14.3,11.3,12.6,10.9,13.2,12.3,7.2,11.2,12.5,10.6,18.7,19.1
Benin,Nigeria,6.317,5.1,,,28.3,29.8,29.6,28.8,28.2,27.0,26.0,25.7,26.3,27.1,28.2,28.1,19,56,127,192,239,302,338,295,347,257,95,23,10.6,10.3,9.6,8.9,8.4,7.3,6.0,5.8,6.8,8.0,9.4,10.6
Enugu,Nigeria,6.467,7.55,,,27.4,29.5,30.0,28.9,27.8,26.9,26.2,26.0,26.4,26.9,27.6,26.9,8,16,55,157,254,278,289,252,291,220,24,6,12.9,12.0,10.4,9.6,8.7,8.1,7.1,6.8,7.9,8.7,10.8,13.1
Ilorin,Nigeria,8.483,4.583,,,26.4,28.6,29.5,28.8,27.6,26.2,25.4,25.0,25.4,26.4,27.2,26.3,6,8,42,112,194,202,176,164,298,184,14,4,14.7,13.9,12.4,10.8,9.4,8.5,7.5,7.3,8.4,9.7,13.1,14.9
Kano,Nigeria,12.5,8.3,,,21.4,24.3,28.4,31.8,31.1,29.5,27.1,26.0,27.1,27.9,25.1,22.0,0,0,1,14,57,132,281,324,156,14,0,0,15.3,16.2,16.0,14.6,12.1,11.7,9.9,9.7,10.4,13.3,16.0,15.7
Lagos,Nigeria,6.58,3.33,,,27.2,28.3,28.2,27.9,27.0,25.9,25.1,24.9,25.4,26.4,26.8,27.1,14,42,77,142,205,312,257,112,167,136,54,19,9.9,9.6,8.9,8.5,7.8,6.6,6.0,6.4,7.0,8.1,8.4,9.5
Maiduguri,Nigeria,11.85,13.133,,,22.9,25.2,29.6,32.7,33.1,31.2,28.3,27.0,28.2,28.8,26.3,23.4,0,1,0,13,38,89,197,235,132,29,2,0,19.8,19.0,18.2,16.4,13.9,11.9,9.4,8.4,10.3,14.6,19.2,18.7
Port-Harcourt,Nigeria,4.85,7.02,,,26.8,27.9,28.0,27.6,27.2,26.4,25.6,25.5,25.9,26.3,26.9,26.6,22,56,116,184,223,273,356,327,367,263,97,26,11.2,10.9,9.3,8.9,8.0,7.3,6.4,6.3,6.9,7.8,8.9,10.4
Sokoto,Nigeria,12.92,5.2,,,24.5,27.1,31.2,33.8,33.1,30.9,28.2,27.2,28.0,29.7,28.3,25.3,0,0,2,5,46,80,187,200,110,17,0,0,15.2,15.4,14.8,13.7,11.7,10.6,9.2,8.2,9.6,12.6,15.6,15.2
Yola,Nigeria,9.23,12.47,,,26.0,29.0,32.2,33.4,31.0,28.9,27.6,27.1,27.1,28.1,27.0,25.7,0,0,4,43,94,128,184,196,168,54,0,0,16.8,16.3,15.1,12.8,10.7,9.6,8.6,8.3,8.4,10.6,16.6,17.6
Ohrid,North Macedonia,41.14,20.8,,,2.4,3.3,6.1,9.8,14.5,18.4,20.8,20.9,17.4,12.4,7.3,3.6,54,60,56,56,57,34,30,31,48,76,90,71,7.7,8.5,9.8,10.5,11.7,12.8,13.6,13.5,12.4,10.5,8.5,7.2
Skopje,North Macedonia,42.0,21.47,,,0.2,3.6,7.8,12.0,16.9,20.2,22.3,22.3,18.8,12.9,6.3,1.5,36,36,40,40,60,46,34,27,36,42,56,51,7.6,9.7,11.7,13.2,13.9,14.4,15.0,15.4,14.7,13.2,9.8,7.5
Bergen,Norway,60.38,5.33,,,1.6,1.8,3.4,6.0,10.6,13.5,14.6,14.5,11.6,8.9,4.8,2.6,190,152,170,114,106,132,148,190,283,271,259,235,4.0,4.5,5.0,6.1,6.8,6.6,6.1,5.8,5.1,4.6,4.1,4.1
Kristiansand,Norway,58.13,8.0,,,-1.8,-1.6,1.1,4.8,9.9,14.0,15.6,14.9,11.7,8.1,3.2,-0.2,121,80,87,59,86,75,88,118,141,164,164,116,6.1,7.0,6.6,8.2,8.7,9.2,9.0,8.9,7.8,6.7,6.0,6.4
Oslo,Norway,59.95,10.72,,,-4.3,-3.9,0.1,5.0,11.2,15.5,16.9,15.7,11.3,6.6,0.9,-3.0,49,36,47,41,53,65,81,89,90,84,73,55,5.0,5.9,6.8,8.3,9.3,9.8,9.3,8.8,7.6,5.5,4.7,5.1
Tromsoe,Norway,69.68,18.92,,,-4.3,-4.3,-2.8,0.2,4.8,9.3,12.0,10.8,6.9,2.7,-1.1,-3.4,95,87,72,64,48,59,77,82,102,131,108,106,4.3,4.4,4.7,4.9,5.5,6.4,6.6,6.1,4.9,4.0,3.7,4.1
Trondheim,Norway,63.42,10.42,,,-3.2,-2.4,0.5,4.0,9.6,13.1,14.3,13.8,10.1,6.2,0.9,-1.6,63,52,54,49,53,68,94,87,113,104,71,84,6.6,6.7,7.1,7.5,9.1,8.5,8.1,8.0,7.0,5.8,5.7,6.3
Bahla,Oman,22.97,57.3,,,17.1,19.6,23.0,27.5,31.5,33.9,33.8,32.5,30.6,27.2,22.8,19.0,7,4,11,12,8,9,9,13,7,3,2,4,9.5,10.0,8.7,9.6,9.6,10.5,10.0,10.1,10.3,10.2,9.3,9.6
Buraimi,Oman,24.234,55.915,,,17.5,19.9,23.4,28.4,33.0,35.5,36.9,36.9,34.0,29.6,24.1,19.7,20,15,16,6,4,2,12,3,2,0,0,14,12.2,12.6,13.8,15.6,16.9,16.4,14.1,13.6,14.0,14.5,13.8,12.6
Fahud,Oman,22.32,56.55,,,18.6,19.4,22.7,28.4,33.1,36.0,36.1,35.1,32.6,28.4,25.0,21.1,1,0,2,7,0,2,0,2,0,0,1,0,13.1,11.1,10.2,11.7,14.0,15.6,14.5,14.0,13.8,13.1,13.7,12.5
Haima,Oman,19.954,56.287,,,19.8,21.9,25.1,30.4,34.0,35.6,35.0,33.8,31.6,28.8,25.6,21.8,0,0,0,2,6,1,0,1,1,0,1,0,14.9,15.5,15.3,17.7,17.7,17.0,14.1,16.7,15.9,15.6,15.0,14.3
Halaniyat,Oman,17.5,56.0,,,23.4,23.9,25.4,27.4,29.0,28.5,25.4,24.8,25.6,26.2,26.3,24.9,1,0,6,2,13,5,24,22,17,6,2,2,7.0,6.9,7.1,5.2,4.3,3.3,2.9,3.4,3.7,6.6,7.4,6.9
Ibra,Oman,22.68,58.55,,,18.1,20.3,23.9,27.6,31.5,33.7,33.9,32.1,30.4,27.0,23.6,20.6,1,16,20,14,3,16,12,11,12,1,3,9,9.5,11.0,11.4,10.7,10.7,11.6,12.2,11.2,11.6,11.5,11.4,11.0
Ibri,Oman,23.23,56.5,,,18.7,21.9,25.4,30.0,34.3,36.1,36.5,36.0,33.8,30.2,25.5,20.7,5,17,16,11,0,3,6,2,3,0,0,4,11.2,12.5,13.3,13.2,13.6,13.6,12.4,12.1,12.6,12.2,11.4,11.2
Jabal_Qamar,Oman,16.9,53.29,,,16.5,18.4,20.9,24.1,25.5,24.9,21.3,20.1,22.1,23.1,21.6,18.4,1,0,5,2,32,12,40,30,15,3,1,1,8.0,8.2,7.6,9.1,9.2,7.2,3.0,2.1,7.1,8.7,8.5,7.9
Jabal_Samhan,Oman,17.48,54.77,,,16.5,18.4,20.9,24.1,25.5,24.9,21.3,20.1,22.1,23.1,21.6,18.4,1,0,5,2,32,12,40,30,15,3,1,1,8.0,8.2,7.6,9.1,9.2,7.2,3.0,2.1,7.1,8.7,8.5,7.9
Masirah,Oman,20.42,58.83,,,22.5,23.5,25.7,29.0,31.1,30.5,27.9,26.9,27.3,27.8,26.5,24.2,4,2,10,5,0,1,9,0,0,2,4,2,8.0,8.7,9.2,9.5,9.6,8.8,7.9,7.8,7.6,8.9,7.7,7.1
Mudhebi,Oman,22.78,57.44,,,18.1,20.3,23.9,27.6,31.5,33.7,33.9,32.1,30.4,27.0,23.6,20.6,1,16,20,14,3,16,12,11,12,1,3,9,9.5,11.0,11.4,10.7,10.7,11.6,12.2,11.2,11.6,11.5,11.4,11.0
Muscat (Seeb),Oman,23.6,58.53,,,20.9,22.1,24.9,29.5,34.1,35.1,34.0,31.9,31.2,29.4,25.6,22.6,13,14,16,11,0,11,3,2,0,1,2,16,8.4,8.6,9.2,10.5,10.9,9.7,7.9,7.4,8.8,10.4,9.5,8.5
Nizwa,Oman,22.93,57.53,,,19.2,21.8,24.8,29.8,34.0,36.0,35.4,34.2,32.4,28.8,24.7,20.9,1,6,9,15,2,11,7,8,4,6,2,4,13.9,15.6,15.4,15.9,16.0,15.1,14.7,14.7,14.7,15.7,13.8,13.7
Qairoon,Oman,17.25,54.08,,,16.5,18.4,20.9,24.1,25.5,24.9,21.3,20.1,22.1,23.1,21.6,18.4,1,0,5,2,32,12,40,30,15,3,1,1,8.0,8.2,7.6,9.1,9.2,7.2,3.0,2.1,7.1,8.7,8.5,7.9
Raysut,Oman,16.93,53.98,,,23.4,23.9,25.4,27.4,29.0,28.5,25.4,24.8,25.6,26.2,26.3,24.9,1,0,6,2,13,5,24,22,17,6,2,2,7.0,6.9,7.1,5.2,4.3,3.3,2.9,3.4,3.7,6.6,7.4,6.9
Rustaq,Oman,23.38,57.43,,,19.5,21.1,25.5,30.3,34.9,36.6,36.5,35.5,33.3,29.9,25.4,21.6,14,13,14,11,6,8,5,2,3,12,5,11,10.7,11.8,13.5,14.9,15.0,13.8,12.0,12.5,12.8,13.6,12.1,10.6
Saiq,Oman,23.1,57.7,,,10.0,12.4,15.1,18.9,23.1,25.4,25.8,24.9,22.5,18.4,14.1,11.5,22,30,36,28,22,14,47,48,29,13,8,12,10.4,10.2,10.2,10.8,11.2,10.9,9.9,9.9,10.3,10.9,10.9,10.8
Salalah,Oman,17.03,54.08,,,23.1,24.2,26.0,28.1,29.7,29.6,26.6,25.4,26.8,26.8,26.5,24.7,1,0,6,6,8,8,22,25,10,5,0,5,8.8,8.4,8.3,7.4,6.2,4.7,3.7,3.4,5.0,8.4,9.7,8.8
Salalah Port,Oman,16.9,53.92,,,23.4,23.9,25.4,27.4,29.0,28.5,25.4,24.8,25.6,26.2,26.3,24.9,1,0,6,2,13,5,24,22,17,6,2,2,7.0,6.9,7.1,5.2,4.3,3.3,2.9,3.4,3.7,6.6,7.4,6.9
Samail,Oman,23.3,57.98,,,19.9,22.4,26.2,30.9,35.5,37.2,37.1,36.1,33.8,30.1,25.4,21.6,5,8,19,6,1,12,4,4,2,2,10,9,10.4,11.7,12.5,13.0,12.8,12.5,11.5,11.9,12.0,12.7,11.1,10.5
Sohar,Oman,24.38,56.73,,,19.1,20.1,22.4,26.4,30.6,32.4,32.9,31.7,30.0,27.4,24.0,21.0,17,27,24,6,1,1,2,0,0,6,5,21,10.2,10.3,10.2,11.1,11.4,9.0,6.6,6.1,8.2,11.2,11.0,10.2
Sur,Oman,22.56,59.48,,,22.0,23.6,26.7,31.1,35.5,36.2,35.0,33.4,32.6,30.4,26.2,23.2,11,10,17,8,2,13,3,2,0,2,3,11,8.6,9.5,10.0,10.8,11.5,11.0,11.0,11.1,11.5,10.7,9.8,8.9
Suwiq,Oman,23.9,57.27,,,19.1,20.1,22.4,26.4,30.6,32.4,32.9,31.7,30.0,27.4,24.0,21.0,17,27,24,6,1,1,2,0,0,6,5,21,10.2,10.3,10.2,11.1,11.4,9.0,6.6,6.1,8.2,11.2,11.0,10.2
Thumrait,Oman,17.67,54.03,,,18.9,21.6,25.0,28.7,31.6,32.9,31.4,30.5,30.4,27.3,23.5,20.2,0,1,9,8,0,6,1,1,0,2,0,0,13.9,14.5,14.6,15.0,15.4,14.7,13.1,13.4,15.3,15.2,14.3,13.5
Faisalabad,Pakistan,31.4,73.07,,,11.8,14.8,20.0,26.2,31.5,33.5,32.3,31.5,29.8,25.2,19.1,13.7,11,19,24,24,15,44,101,87,43,5,2,7,14.3,14.6,14.2,15.8,15.5,13.6,10.0,9.7,11.6,15.4,16.5,15.9
Gilgit,Pakistan,35.9,74.28,,,3.8,6.8,12.1,16.8,20.6,24.1,26.8,26.2,22.0,15.9,9.7,4.9,4,7,12,26,25,12,15,16,9,7,3,6,12.7,12.4,13.2,15.5,17.7,19.5,18.6,18.2,19.8,19.8,18.7,14.3
Hyderabad,Pakistan,25.37,68.35,,,18.1,21.0,26.2,30.8,33.7,34.0,32.4,31.1,30.8,29.6,24.6,19.6,2,7,4,7,3,4,48,72,13,6,2,2,13.3,14.2,14.9,15.9,15.2,12.1,9.6,9.1,10.9,14.2,14.5,13.2
Islamabad,Pakistan,33.717,73.1,,,10.5,12.9,17.6,23.1,28.4,31.1,29.8,28.8,27.4,22.7,17.1,12.2,56,84,92,64,35,75,311,338,109,32,14,36,14.7,13.8,13.8,14.7,15.3,14.6,10.9,9.9,12.6,16.4,17.6,15.9
Karachi,Pakistan,24.83,67.0,,,18.9,21.2,25.4,28.9,31.1,31.9,30.4,29.2,29.5,28.7,24.6,20.4,8,8,5,3,0,11,60,61,11,3,0,5,14.8,14.4,13.6,11.8,8.9,7.1,5.7,5.8,7.5,13.6,15.7,15.5
Lahore,Pakistan,31.55,74.35,,,13.3,16.4,21.3,27.4,31.9,33.4,31.4,30.9,29.9,25.9,20.4,15.2,23,35,36,22,22,55,191,179,60,15,7,10,11.8,11.9,12.0,13.6,13.8,12.0,8.7,8.0,9.7,13.0,14.2,13.3
Multan,Pakistan,30.18,71.45,,,12.9,15.9,21.4,27.9,33.1,35.4,34.0,32.8,30.9,26.4,20.2,14.8,8,16,18,14,12,13,50,42,25,6,1,6,15.1,15.1,14.7,16.0,15.7,13.4,10.2,9.5,11.6,15.5,16.8,16.2
Murree,Pakistan,33.9,73.38,,,3.7,4.3,8.5,13.6,18.0,20.3,19.3,18.9,17.9,15.1,11.0,6.5,132,166,181,132,83,142,340,302,131,63,33,72,9.4,9.4,9.3,9.8,10.2,10.0,7.4,6.8,8.1,9.3,10.0,10.4
Muzaffarabad,Pakistan,34.367,73.483,,,9.8,11.8,16.2,21.4,26.2,29.4,28.8,28.3,26.4,21.6,16.1,11.2,99,145,166,107,80,116,349,213,110,40,39,77,13.2,12.6,13.0,14.4,15.3,15.5,12.3,11.2,13.9,16.7,16.5,13.9
Nawabshah,Pakistan,26.23,68.4,,,15.4,18.3,24.0,29.8,34.4,35.6,34.0,32.3,31.4,28.1,22.3,16.9,3,3,4,3,2,5,58,49,16,3,0,3,18.2,19.2,19.6,20.9,19.6,16.5,13.5,12.9,15.2,19.3,19.9,18.3
Peshawar,Pakistan,34.0,71.53,,,11.5,13.6,18.1,23.7,29.4,32.8,32.2,30.9,29.1,23.8,17.9,12.9,41,60,81,62,23,20,58,77,29,22,14,20,14.2,13.1,12.6,13.8,14.7,14.6,11.1,10.0,12.1,14.9,15.9,15.2
Quetta,Pakistan,30.2,67.02,,,4.8,6.8,11.8,17.6,22.5,26.5,28.7,27.2,22.4,15.6,10.6,6.5,55,53,53,23,7,3,11,13,2,6,7,38,13.3,14.0,14.7,16.5,17.7,17.7,15.6,16.1,19.3,19.8,19.0,15.8
Anton,Panama,8.38,-80.27,,,27.2,27.9,28.2,28.9,28.3,27.8,27.3,27.4,27.3,27.1,27.1,27.2,31,6,7,39,171,188,172,193,214,255,213,89,11.8,12.6,13.3,12.7,12.8,11.7,11.9,12.1,12.0,11.7,11.8,11.4
Bocas del Toro,Panama,9.33,-82.25,,,25.6,25.4,25.8,26.4,27.0,27.1,26.6,26.8,26.9,26.9,26.7,25.8,124,266,84,369,178,259,420,441,311,150,292,564,10.4,10.5,10.5,10.0,9.7,9.8,9.8,10.0,9.9,9.7,9.8,10.4
David,Panama,8.4,-82.42,,,26.6,27.5,28.1,28.7,27.7,27.0,27.0,26.6,26.6,26.4,26.3,26.2,33,19,36,102,297,323,290,340,407,400,295,77,15.7,16.3,16.4,15.2,12.2,11.0,11.5,11.5,10.9,10.6,11.2,13.8
Los Santos,Panama,7.591,-80.366,,,26.2,26.6,27.3,28.2,28.7,28.0,27.6,27.8,27.5,27.5,27.0,26.5,12,1,4,21,111,137,97,123,162,225,127,47,14.8,14.9,14.9,14.4,13.4,12.7,12.9,13.1,13.0,12.6,13.0,13.6
Panama City,Panama,9.05,-79.367,,,25.9,26.3,26.6,27.4,27.8,27.5,27.4,27.4,26.9,26.7,26.6,26.2,29,10,13,65,225,235,168,220,254,331,252,105,14.9,15.8,16.4,15.9,13.4,12.5,12.9,13.0,11.9,11.8,12.6,14.1
Santiago,Panama,8.08,-80.97,,,26.0,26.9,27.5,28.0,28.1,27.5,27.1,27.1,26.9,26.8,26.5,25.9,22,17,21,97,314,301,243,317,342,396,259,83,16.7,18.0,18.2,17.2,14.2,12.8,13.3,13.2,13.1,12.3,12.8,14.9
Daru,Papua New Guinea,-9.08,143.2,,,27.9,27.8,27.6,27.2,27.0,26.3,25.7,25.7,26.2,27.1,27.9,28.1,224,258,294,411,187,63,46,32,20,22,48,202,6.8,7.2,6.5,5.6,4.8,4.6,4.6,4.6,5.3,5.6,6.4,7.1
Goroka,Papua New Guinea,-6.08,145.39,,,21.1,21.4,21.4,21.3,20.9,20.6,20.2,20.4,20.9,21.2,21.4,21.8,153,214,272,176,152,44,70,49,150,132,145,164,11.2,10.3,10.3,11.2,10.9,11.0,10.7,11.1,10.6,11.6,11.3,11.4
Kavieng,Papua New Guinea,-2.58,150.79,,,27.4,27.2,27.5,27.3,27.2,27.0,26.6,26.8,27.1,27.2,27.3,27.2,313,295,326,280,253,209,247,202,172,214,210,265,6.7,6.7,6.7,7.0,7.1,7.2,7.5,7.4,7.9,7.7,7.6,6.9
Lae City,Papua New Guinea,-6.72,146.99,,,27.9,27.9,27.6,27.2,26.7,25.9,25.2,25.1,25.6,26.4,27.1,27.5,242,240,281,347,349,503,478,517,361,442,335,338,7.2,7.3,6.8,6.6,6.2,5.8,5.7,5.7,6.1,6.4,6.8,7.2
Madang,Papua New Guinea,-5.21,145.79,,,27.4,27.2,27.2,27.2,27.3,27.0,26.8,26.9,27.1,27.4,27.5,27.4,344,292,330,389,343,186,144,94,83,239,280,382,6.9,6.8,6.7,6.8,6.8,6.7,6.8,6.5,6.9,7.1,7.3,7.0
Port Moresby,Papua New Guinea,-9.48,147.19,,,27.9,27.6,27.4,27.4,27.2,26.7,26.1,26.5,27.1,27.8,28.1,28.0,192,141,190,105,56,22,14,12,14,15,40,98,8.4,8.1,8.0,7.8,7.5,7.2,7.5,7.7,7.8,8.5,8.9,8.7
Rabaul,Papua New Guinea,-4.2,152.17,,,27.1,27.0,27.0,27.2,27.4,27.3,27.0,27.1,27.4,27.5,27.6,27.2,239,196,227,202,162,104,85,118,75,125,154,268,6.9,6.7,6.7,6.9,7.1,7.0,6.7,6.6,7.1,7.3,7.4,6.8
Vanimo,Papua New Guinea,-2.67,141.28,,,27.5,27.2,27.5,27.7,27.9,27.6,27.4,27.3,27.5,27.9,27.8,27.7,321,207,265,278,239,216,215,183,128,133,201,215,6.3,5.9,6.3,6.4,6.6,6.7,6.6,6.6,6.7,7.0,6.9,6.4
Wewak,Papua New Guinea,-3.57,143.62,,,27.4,27.1,27.3,27.4,27.6,27.4,27.0,27.0,27.2,27.4,27.5,27.4,131,124,169,186,220,192,178,141,167,224,189,161,6.8,6.7,6.8,6.7,6.9,6.9,7.0,7.0,7.1,7.0,7.0,6.9
Asuncion,Paraguay,-25.3,-57.67,,,28.1,27.5,26.5,23.5,20.4,18.5,18.1,19.6,21.1,23.9,25.4,27.0,147,129,118,166,113,82,39,73,88,131,164,150,10.7,10.3,10.3,9.8,9.3,9.3,10.1,10.5,10.5,10.6,10.6,10.5
Ciudad Del Este,Paraguay,-25.5,-54.62,,,26.9,26.6,25.6,22.6,19.2,17.1,17.2,18.8,20.4,22.9,24.5,26.1,193,166,139,146,159,152,98,114,149,194,177,165,10.3,10.1,10.5,10.5,10.5,10.4,11.4,11.7,11.5,11.2,11.4,10.6
Encarnacion,Paraguay,-27.32,-55.87,,,26.6,25.9,24.6,21.1,18.0,15.9,16.1,17.4,18.9,21.6,23.4,25.6,157,166,136,173,150,151,107,106,152,214,161,180,11.9,11.4,11.9,11.8,12.0,11.5,12.0,12.7,12.4,12.3,12.6,12.5
Mariscal Jose Felix Estigarribia,Paraguay,-22.02,-60.6,,,29.1,28.3,27.4,24.4,21.5,19.5,19.5,21.4,23.9,26.9,27.7,28.8,129,96,140,76,38,26,9,17,20,56,96,120,12.5,12.4,11.9,11.7,11.2,11.6,13.8,14.5,14.6,14.1,13.4,12.7
Pedro Juan Caballero,Paraguay,-22.6,-56.0,,,25.1,24.7,24.1,22.5,19.6,18.1,18.1,19.5,20.6,22.8,23.9,24.6,160,156,168,141,155,84,44,73,109,172,198,191,9.5,9.4,9.5,10.3,9.9,10.1,11.5,11.8,11.2,10.7,10.2,9.8
Arequipa,Peru,-16.15,-71.55,,,15.1,14.9,14.9,14.3,14.1,13.4,13.4,13.7,14.4,14.6,14.6,14.9,28,36,21,1,0,0,0,2,1,0,1,4,12.9,12.2,12.9,14.8,15.5,15.8,15.9,16.4,15.9,16.0,15.9,14.4
Cajamarca,Peru,-7.15,-78.52,,,14.2,13.9,13.9,13.8,13.1,12.4,12.2,12.7,13.3,13.9,13.8,13.9,84,96,110,80,35,7,6,11,33,82,73,73,14.6,14.4,14.0,15.1,17.1,18.0,18.3,18.2,16.7,15.4,16.2,16.1
Cuzco,Peru,-13.55,-71.98,,,12.8,12.7,12.7,12.3,11.2,9.9,9.6,10.7,11.8,13.2,13.4,12.9,145,134,107,43,9,2,4,9,22,39,72,123,12.3,12.3,12.9,14.8,17.3,19.2,19.0,18.2,15.9,15.4,14.6,13.0
Iquitos,Peru,-3.75,-73.25,,,26.5,26.8,26.5,26.3,26.0,25.8,25.4,26.1,26.5,26.8,26.9,26.7,266,210,317,292,292,190,187,174,210,254,287,301,9.3,9.5,8.8,8.6,8.2,8.4,9.1,10.2,10.3,9.9,9.5,9.2
Lima,Peru,-12.0,-77.12,,,22.5,22.9,22.6,21.0,18.9,17.5,16.9,16.5,16.6,17.5,19.1,20.8,1,0,5,0,0,0,0,0,5,0,0,0,6.7,7.1,6.8,6.7,5.6,4.4,3.7,3.8,4.1,4.7,5.5,6.2
Piura,Peru,-5.18,-80.6,,,26.8,27.7,27.8,26.5,24.1,22.6,21.8,22.0,22.4,22.8,23.5,25.0,5,8,18,4,0,0,1,0,0,2,1,1,13.3,13.2,13.5,13.8,14.1,12.5,12.6,13.2,13.8,14.0,13.8,14.0
Tacna,Peru,-18.03,-70.33,,,21.8,22.4,21.6,19.4,16.9,15.6,14.6,14.6,15.4,17.1,18.7,20.4,0,1,0,0,2,2,7,7,11,4,1,1,10.8,11.3,10.9,11.1,10.7,9.5,9.3,9.3,9.5,10.5,10.6,10.9
Trujillo,Peru,-8.08,-79.1,,,21.2,22.2,22.3,21.0,19.9,18.8,18.1,17.5,17.1,17.5,18.6,19.8,2,1,2,0,0,0,0,0,0,0,0,0,7.8,8.0,7.6,7.3,6.9,6.4,6.2,5.4,5.8,6.2,6.9,7.1
Metro Manila,Philippines,14.58,120.97,,,26.5,27.1,28.5,29.9,30.0,29.2,28.5,28.1,28.2,28.2,27.8,26.8,19,8,11,21,165,265,420,486,330,271,129,75,6.0,6.7,7.2,7.3,6.5,6.0,5.3,5.1,5.4,5.4,5.8,5.8
Bialystok,Poland,53.117,23.15,,,-3.2,-2.5,1.4,7.5,13.0,15.6,17.9,17.2,12.4,7.6,2.0,-1.9,33,26,33,34,64,69,75,66,56,41,41,38,5.2,6.0,8.2,11.2,12.2,11.5,11.6,11.8,10.0,8.0,5.1,4.7
Gdansk,Poland,54.35,18.63,,,-1.2,-0.4,2.7,7.2,12.3,15.4,17.9,17.7,13.8,9.1,3.6,0.1,29,22,28,31,55,68,68,69,64,49,46,39,5.2,5.4,6.8,8.3,8.8,8.5,8.6,9.0,7.8,7.0,4.9,4.7
Klodzko,Poland,50.45,16.65,,,-2.1,-1.1,2.9,7.6,12.5,15.2,17.4,17.1,13.0,8.7,3.2,-0.9,23,24,33,37,64,85,93,79,52,33,31,29,5.8,6.6,7.6,10.8,11.4,10.9,11.7,12.1,10.0,7.9,5.6,5.2
Koszalin,Poland,54.183,16.183,,,-0.1,0.4,3.4,7.7,12.4,15.1,17.6,17.5,13.7,9.4,4.3,0.9,51,38,48,36,58,85,82,85,76,62,61,56,4.7,5.1,6.6,8.8,9.5,8.6,8.7,8.6,7.6,6.6,4.5,4.2
Krakow,Poland,50.08,19.8,,,-2.0,-0.6,3.4,8.9,14.2,16.9,19.0,18.5,13.9,9.2,3.5,-0.8,38,30,40,46,81,86,88,76,62,43,42,39,6.5,7.2,8.7,11.0,11.3,10.8,11.2,11.3,9.9,9.4,6.9,5.9
Lodz,Poland,51.783,19.467,,,-1.8,-0.7,3.1,8.6,13.3,16.4,18.8,18.4,13.8,8.9,3.3,-0.7,34,32,38,34,57,63,83,59,48,34,45,44,5.2,6.0,7.6,10.2,10.7,10.7,11.1,11.1,9.5,8.0,5.5,4.8
Lublin,Poland,51.233,22.567,,,-2.9,-2.0,2.2,8.2,13.7,16.2,18.4,17.9,13.3,8.4,2.7,-1.5,30,29,36,40,60,66,81,59,61,38,39,35,5.1,5.9,7.4,9.7,10.7,10.5,10.8,10.9,9.2,7.9,5.4,4.7
Olsztyn,Poland,53.783,20.5,,,-2.3,-1.5,2.0,7.5,12.9,15.5,18.0,17.4,12.9,8.2,2.8,-1.1,43,30,40,35,58,77,75,65,56,49,51,47,4.8,5.5,7.4,10.4,11.5,10.6,10.6,10.6,8.9,7.1,4.5,4.3
Poznan,Poland,52.42,16.85,,,-0.8,0.0,3.8,8.8,13.9,16.6,19.1,18.5,14.0,9.1,3.8,0.2,33,27,38,31,50,57,76,61,42,34,35,40,5.3,6.2,7.8,10.7,11.5,11.0,11.3,11.4,9.6,8.1,5.4,4.6
Rzeszow,Poland,50.117,22.017,,,-2.4,-1.2,3.2,8.7,14.0,16.9,18.9,18.3,13.8,9.0,3.6,-1.1,30,29,37,47,81,83,91,68,69,43,37,38,5.8,6.8,8.5,11.5,12.2,11.7,12.0,12.0,10.4,9.0,6.3,5.3
Suwalki,Poland,54.13,22.95,,,-3.6,-3.3,0.5,7.0,12.5,15.1,17.6,17.0,12.2,7.2,1.5,-2.5,38,27,36,32,57,70,81,69,52,48,46,41,4.9,5.8,7.4,10.3,11.6,10.8,10.9,11.3,9.4,7.2,4.5,4.5
Szczecin,Poland,53.4,14.62,,,0.1,1.0,4.2,8.8,13.6,16.3,18.9,18.4,14.2,9.6,4.5,1.0,39,34,41,35,52,62,67,60,44,39,43,43,5.1,5.8,7.7,10.3,11.0,10.2,10.5,10.3,9.0,7.6,5.0,4.5
Torun,Poland,53.033,18.617,,,-1.6,-0.5,3.1,8.3,13.7,16.5,18.9,18.4,13.8,8.9,3.4,-0.3,30,26,31,30,51,58,84,67,52,33,37,38,5.3,6.2,8.0,11.2,12.0,11.3,11.6,11.4,9.7,8.1,5.2,4.8
Warsaw,Poland,52.281,20.963,,,-1.9,-0.9,3.0,8.8,14.2,16.9,19.1,18.4,13.7,8.8,3.2,-0.8,26,26,30,34,55,70,73,63,47,33,40,35,5.1,6.0,7.8,10.3,11.2,10.5,10.9,10.9,9.4,8.1,5.4,4.7
Wroclaw,Poland,51.1,16.88,,,-0.8,0.2,4.1,8.9,13.9,16.9,19.0,18.6,14.2,9.4,4.0,0.2,27,25,34,33,58,69,81,67,45,32,35,32,6.6,7.3,8.8,11.4,11.9,11.1,11.6,11.9,10.3,9.3,7.0,6.0
Zielona Gora,Poland,51.933,15.5,,,-0.7,0.4,4.0,9.1,14.2,16.9,19.2,18.7,14.2,9.4,3.8,0.1,41,35,44,36,53,56,82,69,43,36,44,46,5.0,5.7,7.1,9.1,9.8,9.3,9.6,9.4,8.1,7.0,4.9,4.5
Angra do Heroismo,Portugal,38.67,-27.22,,,13.8,13.4,13.9,14.6,16.0,18.2,20.6,21.8,21.0,18.6,16.4,14.8,112,109,100,85,60,48,33,57,96,120,130,136,4.5,4.7,4.7,5.0,5.2,5.4,5.9,6.1,5.7,5.1,4.7,4.4
Aveiro,Portugal,40.641,-8.653,,,10.2,11.3,13.2,14.1,16.1,18.8,20.1,20.2,19.3,16.7,13.7,11.6,111,86,46,90,89,28,12,18,56,110,129,132,8.5,8.1,8.7,7.9,7.6,7.9,8.2,8.3,8.6,8.4,7.6,7.3
Beja,Portugal,38.02,-7.87,,,9.6,10.7,12.7,14.0,16.9,21.1,24.2,24.2,22.2,17.8,13.4,10.8,74,62,42,62,47,18,3,4,25,63,72,101,8.6,9.3,11.3,11.6,13.0,15.3,17.2,16.7,14.2,10.9,9.1,7.9
Braga,Portugal,41.547,-8.423,,,8.8,9.8,11.5,12.6,15.0,18.6,20.9,20.6,18.9,15.3,11.8,10.0,193,161,102,122,118,62,24,30,79,167,175,231,9.3,9.4,10.8,10.6,10.7,12.1,13.2,13.8,12.9,10.8,9.6,8.6
Braganca,Portugal,41.808,-6.761,,,4.4,6.2,8.6,10.2,13.5,17.9,21.2,21.1,18.1,12.8,8.2,5.5,96,75,44,62,70,39,20,18,45,85,86,119,8.2,9.8,11.4,10.9,11.3,12.9,14.5,14.8,13.3,10.6,9.2,7.7
Castelo Branco,Portugal,39.822,-7.496,,,7.9,9.6,12.8,13.3,16.8,20.9,25.0,24.4,21.2,16.3,11.7,9.1,108,59,37,58,65,25,9,8,36,106,119,128,7.9,8.8,10.5,10.6,11.1,12.7,14.2,14.4,12.1,9.4,8.0,6.9
Coimbra,Portugal,40.208,-8.419,,,9.6,10.9,12.6,13.9,16.2,19.4,21.6,21.4,20.1,16.6,12.8,10.8,112,106,66,85,80,40,13,14,52,103,109,127,10.0,10.0,11.4,10.9,10.8,11.8,13.1,14.1,13.5,11.5,10.3,9.1
Faro,Portugal,37.02,-7.97,,,11.9,12.6,13.6,15.1,17.4,20.5,23.3,23.4,21.8,18.7,15.1,12.6,78,72,39,38,21,8,1,4,14,67,86,94,8.4,8.3,9.5,9.4,9.9,9.7,10.8,10.8,9.8,8.8,8.5,8.1
Funchal,Portugal,32.64,-16.91,,,16.1,16.0,16.2,16.5,17.8,19.4,21.1,22.2,22.3,20.9,18.8,16.9,103,87,64,39,19,12,2,3,37,75,101,100,6.0,6.3,6.5,6.2,6.3,5.8,6.3,6.7,6.8,6.6,6.4,6.1
Guarda,Portugal,40.538,-7.265,,,4.0,5.1,7.1,8.1,11.6,15.8,19.1,19.1,16.6,11.4,7.6,5.0,100,87,53,83,85,43,20,11,48,103,107,142,5.6,6.2,7.5,7.8,8.3,9.5,10.8,10.9,9.3,6.7,5.5,4.9
Lisboa,Portugal,38.72,-9.15,,,11.3,12.3,13.8,15.1,17.4,20.2,22.4,22.8,21.7,18.5,14.5,11.9,110,111,69,64,39,21,5,6,26,80,114,108,6.3,6.6,7.7,8.0,8.7,9.2,10.0,10.2,9.4,7.8,6.6,5.9
Ponta Delgada,Portugal,37.75,-25.67,,,14.3,13.9,14.4,15.1,16.5,18.6,20.8,22.0,21.2,19.0,16.8,15.2,133,107,100,72,53,37,30,38,86,113,130,127,5.4,5.8,5.7,6.0,6.4,6.4,7.1,7.2,6.9,6.2,5.7,5.3
Portalegre,Portugal,39.29,-7.42,,,8.6,9.4,11.5,12.3,15.3,19.9,23.6,23.4,21.1,16.2,12.1,9.5,110,96,63,78,68,32,8,8,42,98,115,136,5.7,6.4,7.8,8.3,9.4,11.0,12.5,12.5,10.1,7.4,5.9,5.4
Porto,Portugal,41.13,-8.6,,,9.3,10.1,11.5,12.9,15.1,18.1,19.9,19.8,18.9,16.1,12.3,9.9,171,169,112,112,89,53,16,22,64,131,152,176,8.4,8.4,9.4,9.2,9.0,9.2,9.7,10.4,10.1,9.5,8.8,8.0
Santa Cruz das Flores,Portugal,39.45,-31.13,,,13.9,13.6,14.2,14.8,16.6,18.9,21.2,22.2,21.0,18.8,16.8,15.1,198,191,139,109,96,86,63,84,128,147,192,211,5.2,5.4,5.4,5.3,5.5,5.7,6.0,6.2,6.0,5.5,5.1,5.1
Santarem,Portugal,39.2,-8.74,,,9.6,11.0,12.8,14.1,16.4,20.0,22.6,22.8,21.1,17.1,13.2,10.8,92,79,50,66,56,22,7,6,36,84,92,104,9.4,9.6,11.1,11.0,11.7,13.4,14.8,14.9,13.9,11.1,9.6,8.5
Setubal,Portugal,38.525,-8.886,,,9.9,11.3,13.0,14.4,16.8,20.0,22.6,22.8,20.9,17.4,13.7,11.3,106,82,47,63,51,17,5,4,25,81,106,129,10.4,10.0,11.4,10.8,11.2,12.4,13.5,13.5,12.8,11.0,10.0,9.4
Viana do Castelo,Portugal,41.695,-8.836,,,9.5,10.5,12.1,13.4,15.4,18.6,20.6,20.3,18.9,15.8,12.5,10.7,190,168,105,118,106,56,28,31,96,164,181,228,9.6,9.4,10.3,9.5,9.2,10.5,10.9,11.4,11.0,9.9,9.6,8.8
Vila Real,Portugal,41.305,-7.744,,,5.8,7.7,9.6,11.3,14.1,18.6,21.6,21.3,19.4,13.9,9.5,7.0,144,159,83,82,66,54,17,17,49,117,111,175,7.4,8.3,9.9,10.2,11.2,12.8,14.3,14.8,13.3,9.9,8.2,6.9
Viseu,Portugal,40.658,-7.912,,,6.9,8.3,10.2,11.6,14.3,18.4,21.4,21.1,18.8,14.2,10.2,8.1,156,134,75,105,96,46,19,18,57,133,136,195,9.4,9.7,11.3,11.1,11.7,13.9,15.7,16.2,14.2,11.3,9.7,8.6
Al-Ruwais,Qatar,26.146,51.208,,1984-2006,17.8,18.9,21.1,25.3,29.7,31.9,33.3,33.9,31.8,28.9,24.6,20.9,20,19,17,3,0,0,0,0,0,0,12,19,4.9,5.1,5.9,6.8,6.6,6.1,6.6,6.3,7.3,7.1,5.8,4.0
Doha,Qatar,25.25,51.57,,1962-1992,17.2,18.4,21.8,26.2,31.6,34.5,35.3,34.8,32.5,29.3,24.5,19.6,13,17,16,9,4,0,0,0,0,1,3,12,8.9,9.3,10.1,11.3,13.2,13.5,12.4,11.8,12.1,11.8,10.0,9.1
Dukhan,Qatar,25.418,50.783,,1984-2006,17.1,18.9,22.1,27.6,32.5,34.9,35.9,35.3,32.9,29.3,23.9,19.1,9,16,26,4,1,0,0,0,0,0,4,19,6.5,7.7,8.9,10.9,12.0,11.6,11.5,10.9,10.5,9.9,7.5,6.0
Ummsaid,Qatar,24.944,51.574,,1984-2006,17.1,18.1,21.3,26.4,31.5,33.8,35.1,34.7,31.7,28.9,24.0,19.0,8,16,14,3,0,0,0,0,0,1,2,14,10.1,10.3,11.2,12.8,15.7,16.6,14.6,12.6,12.4,12.7,11.3,9.4
Busan,Republic of Korea,35.1,129.03,,,4.0,5.8,9.6,14.1,18.3,21.5,24.8,26.6,23.1,18.5,12.5,6.2,34,50,90,141,156,188,327,266,161,80,50,34,8.3,8.7,8.5,8.1,7.4,6.3,5.4,5.8,6.6,8.0,8.3,8.4
Daejeon,Republic of Korea,36.33,127.43,,,-0.7,1.7,6.9,13.1,18.6,23.0,25.9,26.4,21.6,15.1,8.2,1.4,26,37,52,82,92,167,307,300,152,59,48,30,9.6,10.6,11.6,12.5,11.7,9.8,7.4,7.8,9.3,11.4,10.7,9.6
Gangneung,Republic of Korea,37.75,128.88,,,1.3,2.9,7.1,13.0,18.0,21.4,24.9,25.2,20.8,15.9,9.8,3.6,48,48,65,82,79,118,250,293,229,114,81,37,8.0,8.4,9.1,9.7,9.4,7.9,6.5,6.7,7.6,8.8,8.4,8.2
Gwangju,Republic of Korea,35.15,126.9,,,1.5,3.4,8.0,13.8,19.1,23.3,26.4,27.0,22.6,16.5,10.0,3.6,33,44,62,87,91,153,294,326,145,59,50,37,8.4,9.8,11.2,12.1,11.4,9.2,7.2,7.7,8.9,10.7,10.0,8.8
Jeju,Republic of Korea,33.5,126.52,,,6.2,7.0,9.9,14.4,18.6,22.0,26.5,27.5,23.5,18.6,13.4,8.3,68,57,91,90,96,171,210,272,228,95,70,56,4.9,5.9,6.7,7.2,7.1,5.8,5.6,5.3,5.2,5.9,6.0,5.4
Seoul,Republic of Korea,37.57,126.97,,,-1.7,0.9,6.5,12.9,18.6,23.1,25.6,26.4,21.9,15.4,7.7,0.4,17,28,37,73,104,130,414,348,142,52,51,23,7.6,8.3,9.1,9.9,10.1,8.9,6.7,7.1,8.5,9.6,8.4,7.6
Balti,Republic of Moldova,47.77,27.92,,,-4.0,-2.1,2.7,10.2,15.9,19.0,20.4,19.8,15.7,9.8,3.9,-0.9,31,28,28,44,55,86,79,49,43,22,34,30,7.0,6.7,8.6,11.4,12.1,11.8,11.7,12.5,12.3,10.9,7.3,6.1
Cahul,Republic of Moldova,45.9,28.2,,,-2.8,-1.0,3.9,10.8,16.4,19.8,21.4,21.1,17.2,11.2,5.2,-0.1,36,39,33,41,56,76,66,56,48,28,38,40,5.9,5.5,8.1,10.3,10.5,10.5,10.8,10.8,10.7,9.3,6.6,5.3
Chisinau,Republic of Moldova,47.02,28.83,,,-3.0,-1.3,3.2,10.7,16.4,19.6,21.1,20.9,16.6,10.7,4.8,-0.1,40,38,35,42,51,76,69,45,46,27,40,38,6.0,5.9,7.6,10.0,10.6,10.5,10.3,10.9,10.8,9.3,6.3,5.4
Tiraspol,Republic of Moldova,46.85,29.63,,,-2.7,-1.0,3.5,10.8,16.4,19.8,21.4,21.0,16.6,10.7,5.0,0.2,33,35,28,35,52,72,63,49,38,26,36,38,6.8,6.6,8.5,11.4,12.2,12.0,11.9,12.6,12.7,10.8,7.3,6.1
Arad,Romania,46.134,21.354,,,-0.6,1.1,6.1,11.6,16.7,19.6,21.9,21.7,17.2,11.9,5.9,1.0,33,30,37,49,61,85,62,56,50,41,43,48,6.7,8.6,10.8,12.4,13.2,12.9,13.9,14.0,12.8,11.8,8.8,6.4
Botosani,Romania,47.736,26.646,,,-1.9,-0.5,4.2,10.3,16.1,19.2,21.2,20.6,15.9,10.4,4.0,-0.8,21,22,28,51,65,80,99,62,50,37,30,26,7.0,7.6,9.2,11.2,12.2,11.7,12.0,12.3,11.5,10.4,7.6,6.6
Bucharest,Romania,44.5,26.13,,,-1.0,0.8,5.8,11.4,16.8,20.6,22.6,22.4,17.6,11.6,5.2,0.2,33,33,39,49,56,79,64,51,53,47,43,44,7.6,9.5,11.3,13.1,14.4,14.1,14.4,14.9,14.1,12.5,9.2,7.2
Cluj-Napoca,Romania,46.778,23.571,,,-2.6,-0.9,4.5,10.1,15.1,17.9,19.8,19.5,15.0,9.8,3.6,-1.3,26,24,31,51,67,90,86,66,48,37,32,36,6.2,7.8,10.1,11.5,12.3,11.8,12.2,12.6,11.7,10.8,7.7,5.8
Constanta,Romania,44.214,28.646,,,1.6,2.5,6.0,10.7,16.2,20.8,23.1,23.1,18.8,13.8,8.1,3.2,28,24,34,32,38,40,38,35,42,37,46,37,5.9,6.4,6.6,6.8,7.5,7.8,8.1,8.1,7.8,7.1,6.4,5.9
Craiova,Romania,44.31,23.867,,,-0.6,1.4,6.3,12.0,17.4,20.9,23.1,22.9,18.2,12.2,5.5,0.3,37,34,39,51,62,70,66,52,43,42,49,52,6.9,8.3,9.8,11.4,12.2,12.6,13.2,13.1,12.2,10.4,7.6,6.1
Iasi,Romania,47.163,27.627,,,-2.0,-0.5,4.6,11.1,16.9,20.1,22.0,21.5,16.6,11.0,4.5,-0.7,28,26,31,46,55,88,75,55,55,37,34,32,6.3,7.5,9.4,11.3,12.5,11.9,12.2,12.6,11.6,10.2,7.2,6.0
Rm. Valcea,Romania,45.089,24.363,,,-0.1,1.7,6.2,11.8,16.9,20.2,22.2,22.0,17.4,12.0,5.8,1.0,35,32,34,56,74,83,77,81,56,48,46,53,8.0,9.1,10.5,11.5,12.1,12.2,12.8,12.8,11.9,10.6,8.7,7.1
Sibiu,Romania,45.789,24.091,,,-2.6,-0.7,4.5,9.9,14.9,17.9,19.8,19.4,15.0,9.8,3.9,-1.1,25,25,34,53,69,93,92,77,60,40,31,31,8.7,10.4,11.3,12.1,12.7,12.6,13.0,13.5,12.7,12.7,10.3,8.4
Sulina,Romania,45.162,29.727,,,1.0,1.4,4.8,10.3,16.4,20.8,23.1,23.0,18.6,13.6,7.7,2.9,14,13,17,14,16,27,17,28,23,19,22,20,4.7,4.7,4.3,4.3,4.6,5.2,5.7,5.6,5.2,4.7,4.7,4.7
Aginskoe,Russian Federation,51.1,114.52,,,-22.0,-19.4,-9.6,0.8,8.8,15.3,18.1,15.8,9.0,-0.2,-11.8,-19.8,2,3,4,11,26,57,110,78,41,11,5,5,13.8,16.4,16.1,15.1,16.7,16.0,13.2,13.3,14.3,13.9,13.4,12.7
Anadyr',Russian Federation,64.78,177.57,,,-19.4,-22.4,-20.4,-13.8,-2.5,6.0,11.1,9.9,4.1,-6.2,-15.2,-20.0,44,29,22,17,12,23,39,42,27,21,27,41,8.0,7.5,7.5,7.5,6.0,7.4,6.6,6.1,5.4,5.4,6.9,7.7
Arhangel'sk,Russian Federation,64.53,40.55,,,-14.6,-12.2,-6.0,-0.4,6.5,12.5,15.7,13.2,7.8,1.5,-4.6,-10.5,33,27,26,31,42,54,61,68,60,61,53,44,8.0,7.4,8.4,9.1,10.2,11.2,10.5,8.9,7.2,4.8,5.1,7.1
Astrahan',Russian Federation,46.28,48.05,,,-5.2,-4.5,1.9,11.6,18.5,22.9,25.3,23.6,17.9,9.9,3.8,-1.5,15,10,16,25,22,21,15,17,23,17,17,15,7.0,8.1,9.1,11.9,12.3,12.0,12.4,12.8,12.2,10.2,7.1,5.8
Azov,Russian Federation,47.12,39.42,,,-4.0,-3.1,2.5,11.4,17.6,21.4,23.4,22.4,17.2,10.2,4.5,-0.2,47,37,31,43,53,67,51,37,36,30,46,61,6.3,6.7,7.5,9.9,10.5,10.2,10.6,11.1,10.6,8.8,6.1,5.4
Barnaul,Russian Federation,53.43,83.52,,,-15.7,-14.7,-7.1,3.6,12.3,18.1,20.1,17.3,11.7,3.2,-6.7,-13.9,28,18,17,25,40,44,64,43,28,44,28,24,9.2,10.4,10.5,10.6,13.1,12.8,12.1,12.0,12.0,9.0,8.0,8.8
Belgorod,Russian Federation,50.63,36.58,,,-7.9,-6.4,-1.5,7.9,15.1,18.1,19.7,18.8,13.5,7.0,0.1,-4.4,52,40,36,46,48,67,72,53,49,40,52,50,6.3,6.3,6.8,9.4,11.3,11.0,10.8,11.0,10.2,7.9,5.2,5.1
Birobidzan,Russian Federation,48.78,132.9,,,-23.0,-18.6,-8.8,3.0,10.6,16.5,20.1,18.2,11.5,2.1,-11.0,-20.9,6,5,13,35,61,108,147,154,88,35,19,11,12.8,15.5,15.3,12.9,15.2,14.0,12.0,11.6,13.2,12.8,11.8,11.4
Blagovescensk,Russian Federation,50.43,127.41,,,-22.5,-17.8,-7.4,4.0,12.3,18.9,21.6,19.4,12.7,3.1,-10.2,-20.4,5,5,12,33,47,90,134,132,71,22,14,10,10.7,12.5,12.0,12.4,13.2,12.1,10.3,10.1,11.2,10.9,9.7,9.7
Brjansk,Russian Federation,53.25,34.32,,,-8.8,-7.5,-2.1,6.6,13.6,16.6,17.9,16.9,12.1,5.8,-0.7,-5.5,40,27,36,45,53,79,89,69,55,46,49,51,6.2,6.9,6.7,8.7,10.5,10.1,9.7,9.9,9.1,6.9,4.7,5.2
Cheboksary,Russian Federation,56.08,47.33,,,-12.9,-10.8,-5.0,4.5,13.0,17.1,19.3,17.2,11.3,3.7,-3.5,-9.2,30,24,24,35,40,66,71,64,54,53,43,34,7.0,6.7,7.0,8.1,10.7,10.3,9.8,9.6,8.3,5.8,4.6,6.0
Cheljabinsk,Russian Federation,55.15,61.43,,,-15.7,-13.7,-6.4,4.7,12.3,17.1,19.4,16.4,11.2,2.7,-5.6,-12.5,21,15,15,24,43,61,86,54,39,35,27,23,9.7,11.2,11.6,11.0,12.2,11.3,10.3,10.1,9.5,7.4,7.4,8.7
Chita,Russian Federation,52.08,113.48,,,-25.2,-21.0,-10.2,0.3,8.6,15.4,18.1,15.8,8.7,-1.0,-13.3,-22.4,2,3,3,10,24,59,104,84,37,10,5,4,14.6,17.8,17.3,15.5,16.8,16.6,13.8,13.5,14.8,14.0,13.3,12.5
Dudinka,Russian Federation,69.4,86.17,,,-28.9,-27.6,-22.1,-15.4,-6.2,5.5,14.1,11.2,4.2,-8.9,-21.6,-25.0,40,34,35,33,28,40,45,53,57,56,49,49,8.9,8.5,10.3,10.9,8.0,7.1,9.5,8.4,6.0,6.5,8.3,8.7
Ekaterinburg,Russian Federation,56.87,60.43,,,-14.5,-12.2,-4.6,4.0,10.9,15.9,18.5,15.1,9.5,1.4,-5.6,-11.3,23,19,16,28,44,74,81,66,53,40,31,23,7.1,8.4,9.0,10.1,11.4,11.1,10.2,9.7,8.4,6.3,5.9,6.2
Elista,Russian Federation,46.37,44.33,,,-5.9,-5.2,1.0,10.8,17.4,21.9,24.6,23.1,17.6,9.4,3.2,-2.0,25,18,17,22,37,50,40,31,29,23,28,29,5.9,6.4,7.5,11.3,12.4,12.4,12.6,12.9,11.8,9.7,6.1,4.9
Groznyj,Russian Federation,43.35,45.68,,,-2.8,-1.2,4.1,11.6,17.4,21.6,24.4,23.4,18.7,11.4,5.6,0.1,19,21,23,33,57,72,57,44,33,30,26,24,6.8,7.4,9.2,12.5,12.7,12.5,12.3,12.5,12.0,10.5,7.5,6.2
Habarovsk,Russian Federation,48.52,135.17,,,-20.8,-17.0,-7.1,4.2,11.8,17.8,21.2,19.5,13.3,4.4,-7.7,-17.9,15,11,17,43,58,82,144,154,89,51,23,18,7.4,8.8,9.4,9.9,11.2,10.6,9.5,8.5,9.4,8.9,7.6,7.0
Hakasskaja,Russian Federation,53.77,91.32,,,-18.6,-16.8,-5.9,3.7,11.4,17.8,19.8,16.9,10.5,2.0,-8.1,-16.0,8,5,3,9,26,55,66,54,35,18,8,9,11.1,12.6,12.4,14.2,15.0,13.9,13.1,13.2,13.0,10.5,9.9,10.2
Hanty-Mansijsk,Russian Federation,61.02,69.03,,,-20.7,-18.6,-9.2,-1.2,6.6,14.3,18.4,14.1,8.2,-1.2,-10.6,-16.8,28,20,21,30,42,70,79,67,62,52,42,31,8.6,8.7,9.9,9.5,10.2,9.6,9.3,8.8,7.9,6.1,7.2,8.5
Irkutsk,Russian Federation,52.27,104.32,,,-18.8,-16.7,-7.4,1.4,9.3,15.0,17.5,15.1,8.7,0.9,-8.4,-16.0,12,9,13,19,33,62,120,86,50,30,18,19,9.6,12.3,12.8,12.2,14.5,14.2,12.1,11.6,11.9,10.4,9.7,9.2
Ivanovo,Russian Federation,56.95,40.97,,,-12.1,-10.1,-4.1,4.8,12.1,15.9,18.1,16.3,10.5,4.0,-3.0,-8.6,35,31,29,36,49,69,92,65,55,55,52,44,7.7,8.8,8.9,9.6,12.3,12.0,11.2,11.4,9.2,6.5,5.1,6.5
Izhevsk,Russian Federation,56.83,53.45,,,-14.5,-12.4,-5.6,3.8,12.1,16.6,19.1,16.3,10.4,2.2,-4.9,-10.9,36,25,27,32,38,59,67,63,54,52,45,38,7.4,8.0,8.4,9.0,12.0,11.5,11.0,10.6,8.9,6.1,5.3,6.5
Jakutsk,Russian Federation,62.02,129.72,,,-40.9,-35.9,-21.6,-6.1,6.7,15.4,18.7,14.9,5.7,-8.5,-29.2,-38.8,9,7,6,10,18,37,39,37,29,20,16,12,7.1,10.5,16.0,13.9,12.6,13.4,13.4,12.9,11.2,9.4,8.9,7.2
Jaroslavl',Russian Federation,57.63,39.75,,,-12.0,-10.0,-4.2,4.5,12.0,15.8,17.9,16.1,10.4,4.0,-2.7,-8.4,37,27,26,40,52,65,84,64,55,52,46,43,7.6,8.4,8.7,9.0,11.6,11.3,10.8,10.8,9.0,6.3,5.0,6.4
Joskar-Ola,Russian Federation,56.7,47.92,,,-13.9,-12.1,-5.3,4.5,12.2,16.5,18.6,16.5,10.8,3.1,-3.8,-9.2,32,25,24,34,40,61,82,60,54,53,46,37,8.0,9.1,9.5,9.7,12.4,12.3,11.7,11.8,9.6,6.3,5.1,6.6
Juzhno-Sahalinsk,Russian Federation,46.95,142.71,,,-13.9,-13.1,-6.2,2.4,7.7,12.1,16.4,17.6,13.2,6.7,-1.8,-8.7,48,44,42,58,70,54,87,105,107,98,81,63,10.4,11.9,11.9,8.8,10.6,10.6,9.3,9.1,10.8,10.2,9.6,10.6
Kaliningrad,Russian Federation,54.72,20.55,,,-3.2,-2.5,1.3,6.6,12.1,15.8,17.3,17.0,13.2,8.7,3.5,-0.8,57,40,43,37,53,71,80,90,89,79,91,73,5.1,5.5,6.8,8.7,10.2,9.7,9.0,9.3,8.2,6.7,4.5,4.7
Kaluga,Russian Federation,54.57,36.4,,,-10.1,-8.9,-3.5,5.7,12.7,15.8,17.5,16.3,10.9,5.4,-1.9,-6.6,39,33,35,39,43,77,80,71,55,50,53,55,6.9,7.9,7.8,9.3,12.0,11.4,11.0,11.2,9.6,7.2,5.2,5.8
Kazan',Russian Federation,55.6,49.28,,,-12.8,-11.4,-5.0,4.9,13.4,17.5,19.8,17.7,11.7,3.8,-3.4,-9.3,33,28,27,36,37,73,70,69,52,47,44,38,7.1,7.1,7.2,8.2,10.9,10.4,10.0,10.0,8.4,5.8,4.7,6.1
Kemerovo,Russian Federation,55.23,86.12,,,-18.1,-16.3,-8.5,1.7,10.2,16.5,18.8,16.0,10.2,1.6,-8.4,-15.4,25,20,17,24,44,62,63,66,34,40,34,27,9.5,11.2,11.3,10.7,13.4,13.4,13.2,12.4,11.9,8.3,8.0,9.2
Kirov,Russian Federation,58.6,49.63,,,-14.2,-11.6,-4.8,3.7,11.4,16.1,18.6,15.8,9.8,1.9,-4.8,-10.4,38,23,24,32,45,79,107,68,87,57,45,44,6.7,6.6,7.3,8.4,10.0,10.0,9.3,9.1,7.3,5.1,4.6,5.7
Kostroma,Russian Federation,57.73,40.78,,,-12.0,-10.0,-4.0,4.0,11.6,15.8,17.9,15.7,9.9,3.5,-3.0,-8.4,38,30,28,36,43,64,82,72,62,59,53,51,6.8,7.2,7.6,8.7,10.5,10.2,9.7,9.5,8.0,5.8,4.6,5.8
Krasnodar,Russian Federation,45.03,39.15,,,-0.3,1.4,5.5,12.8,17.7,20.9,23.6,23.0,18.3,11.9,7.2,2.5,61,41,45,59,64,78,53,53,41,47,67,81,7.5,7.7,9.7,11.4,11.8,11.6,12.0,12.7,12.6,11.2,8.1,6.5
Krasnojarsk,Russian Federation,56.07,93.13,,,-16.0,-15.2,-6.7,1.3,9.2,15.7,18.4,15.2,8.9,0.9,-7.6,-14.0,17,13,15,30,48,59,81,68,41,41,38,26,8.5,9.3,9.9,10.5,12.0,12.4,11.4,10.8,10.1,8.1,7.8,8.1
Kudymkar,Russian Federation,58.98,54.65,,,-16.4,-13.8,-6.5,2.5,9.8,15.1,17.8,14.7,9.0,1.2,-6.2,-12.3,30,22,21,29,43,53,79,66,56,48,36,34,9.1,9.7,10.7,10.1,12.4,12.1,11.5,10.7,8.6,5.8,6.2,7.7
Kurgan,Russian Federation,55.47,65.4,,,-17.0,-15.2,-7.0,4.9,12.4,17.6,19.9,16.6,11.2,2.5,-6.4,-13.4,21,13,14,23,33,55,55,54,37,33,27,20,8.8,9.9,10.1,10.9,13.0,12.4,11.6,11.6,11.1,8.1,7.2,8.2
Kursk,Russian Federation,51.77,36.17,,,-8.8,-7.7,-2.3,7.2,14.2,17.4,18.8,18.0,12.8,6.1,-0.4,-5.2,42,33,37,42,52,72,76,55,51,43,52,55,6.1,6.4,6.2,8.8,10.3,10.1,9.8,10.2,9.1,7.1,4.8,5.1
Kyzyl,Russian Federation,51.72,94.5,,,-30.1,-25.6,-12.1,3.9,12.1,18.0,19.9,17.5,10.8,0.9,-14.8,-26.7,9,4,3,5,14,45,47,44,22,8,10,12,9.8,12.8,14.2,13.6,15.5,14.7,13.4,13.6,14.0,13.0,9.8,8.8
Lipeck,Russian Federation,52.7,39.52,,,-9.7,-9.1,-2.9,7.2,14.5,17.9,19.5,18.2,12.7,5.7,-0.9,-6.1,38,30,31,37,49,62,71,54,51,43,51,50,6.4,7.1,6.7,9.3,11.4,11.1,10.6,11.0,9.9,7.4,5.1,5.6
Magadan,Russian Federation,59.55,150.78,,,-17.1,-15.6,-11.9,-5.4,1.3,7.2,11.0,11.7,7.1,-1.8,-11.1,-15.1,14,14,11,28,46,53,69,72,81,74,45,27,4.7,5.5,6.7,6.1,5.6,6.4,5.5,5.7,5.5,5.2,4.8,4.5
Mahackala,Russian Federation,42.83,47.55,,,0.6,1.1,4.5,10.7,17.0,22.0,24.9,24.1,19.9,13.5,8.3,3.5,24,31,22,19,24,24,25,23,36,44,27,29,5.3,4.9,5.5,6.8,7.4,7.4,7.1,7.1,6.8,6.3,5.4,5.1
Maikop,Russian Federation,44.62,40.08,,,-0.5,1.2,5.7,12.6,16.8,20.3,22.8,22.2,18.1,12.0,7.6,2.8,60,41,51,58,73,89,70,58,62,66,75,69,8.8,9.1,10.6,11.3,11.6,11.8,12.2,12.5,12.4,11.3,9.5,8.2
Moscow,Russian Federation,55.833,37.617,,,-9.3,-7.7,-2.2,5.8,13.1,16.6,18.2,16.4,11.0,5.1,-1.2,-6.1,42,36,34,44,51,75,94,77,65,59,58,56,6.0,6.9,7.1,8.7,10.8,10.2,9.6,9.5,8.3,6.1,4.4,5.1
Murmansk,Russian Federation,68.97,33.05,,,-11.2,-10.9,-6.4,-1.4,4.0,9.8,13.1,11.2,6.9,0.9,-5.0,-9.1,32,22,19,20,30,54,61,66,53,44,42,37,6.7,6.4,6.5,6.3,6.6,8.3,8.2,6.9,5.2,4.1,5.2,6.2
Nal'cik,Russian Federation,43.53,43.63,,,-3.4,-2.5,2.6,10.7,15.8,19.4,21.9,21.1,16.8,9.9,4.7,-0.3,22,23,38,63,99,100,72,61,55,43,29,26,7.3,7.0,7.9,10.6,10.3,10.6,10.4,10.5,10.2,9.1,7.3,6.8
Nar'jan-Mar,Russian Federation,67.63,53.03,,,-19.1,-17.4,-12.0,-7.6,-0.1,8.1,13.8,10.8,5.9,-2.1,-9.9,-14.4,25,21,22,23,30,39,49,61,50,45,38,31,9.6,8.6,9.3,9.6,7.3,9.0,9.6,7.8,6.3,5.3,7.2,8.2
Nevinnomyssk,Russian Federation,44.63,41.97,,,-3.8,-2.3,3.0,10.9,16.0,19.7,22.4,21.5,16.9,10.2,4.9,-0.4,24,19,31,46,69,90,65,74,44,35,37,33,8.1,8.0,9.4,12.0,12.6,12.8,12.9,13.0,12.7,11.4,8.6,7.3
Niznij Novgorod,Russian Federation,56.27,44.0,,,-11.4,-9.3,-3.4,5.8,13.2,16.9,19.0,17.1,11.2,4.0,-2.7,-8.1,40,33,28,36,52,64,76,67,57,59,56,50,6.2,6.5,6.7,8.3,9.9,9.8,9.2,9.1,7.7,5.7,4.4,5.4
Novgorod,Russian Federation,58.52,31.25,,,-9.2,-8.2,-3.3,3.7,11.6,15.7,17.3,15.5,10.3,5.0,-0.8,-5.9,29,22,29,33,37,62,71,71,60,51,49,36,6.6,7.3,7.7,8.5,10.3,10.5,10.0,9.8,8.2,6.1,4.4,5.9
Novosibirsk,Russian Federation,55.08,82.9,,,-16.1,-14.7,-7.2,3.2,11.6,18.1,20.2,16.9,11.5,3.4,-6.0,-12.6,20,13,13,24,36,39,64,67,35,37,29,20,7.9,8.8,9.2,9.8,11.9,11.7,11.0,10.5,10.2,6.8,6.2,7.5
Omsk,Russian Federation,55.02,73.38,,,-17.3,-16.9,-8.2,3.4,11.8,17.7,19.7,16.1,10.5,1.7,-7.5,-14.4,22,14,14,21,34,54,59,54,33,34,29,22,8.7,9.5,9.6,10.1,12.8,12.5,11.6,11.0,10.8,8.1,7.4,8.4
Ordzhonikedzevskaja,Russian Federation,43.32,45.03,,,-3.2,-2.0,3.5,11.2,16.6,20.4,23.1,22.2,17.7,10.6,5.0,-0.2,20,22,27,39,75,83,68,56,42,29,26,23,8.2,8.2,9.1,11.9,11.8,11.8,11.8,11.9,11.6,10.6,8.3,7.6
Orel,Russian Federation,52.93,36.0,,,-8.9,-7.8,-2.9,6.2,13.2,16.7,18.1,16.9,11.9,5.7,-0.9,-5.8,36,29,34,42,51,73,81,63,52,42,48,51,6.2,6.5,6.7,8.9,10.7,10.4,10.3,10.4,9.6,7.2,4.8,5.5
Orenburg,Russian Federation,51.68,55.1,,,-13.8,-13.2,-5.7,7.1,15.6,19.9,22.2,20.0,14.1,4.9,-3.0,-9.6,26,21,22,25,29,40,37,33,34,38,37,32,8.1,9.0,8.3,11.2,14.1,13.5,13.2,13.6,12.6,8.8,6.1,7.2
Palana,Russian Federation,59.07,159.93,,,-17.7,-16.6,-13.0,-6.0,1.7,6.9,10.3,10.8,7.0,1.2,-7.5,-13.5,18,11,12,22,25,45,65,66,60,63,58,27,9.8,10.1,11.3,9.3,6.6,7.5,7.1,6.8,7.8,7.1,7.9,9.2
Penza,Russian Federation,53.12,45.02,,,-10.4,-9.7,-3.4,6.8,14.6,18.4,19.9,17.8,12.4,5.1,-2.0,-7.3,41,29,32,36,41,62,67,56,53,49,52,45,7.0,7.7,7.4,10.2,13.1,11.9,11.5,11.8,10.5,7.6,4.8,6.1
Perm',Russian Federation,57.95,56.2,,,-14.9,-12.3,-4.9,3.6,10.8,15.8,18.4,15.4,9.8,1.7,-5.6,-11.4,39,27,27,36,53,68,75,67,68,59,49,41,7.5,8.0,8.6,9.5,11.5,11.6,10.9,9.9,7.9,5.4,5.5,6.6
Petropavlovsk-Kamca,Russian Federation,53.08,158.58,,,-8.1,-7.6,-5.1,-0.1,3.1,7.7,11.1,12.3,9.4,4.4,-2.1,-5.9,81,70,62,54,66,63,80,97,102,139,95,86,4.7,5.1,5.3,4.5,5.0,5.8,5.3,5.4,5.8,5.2,4.5,4.5
Petrozavodsk,Russian Federation,61.82,34.27,,,-11.7,-9.9,-4.5,1.5,8.5,13.6,16.1,14.2,9.1,3.4,-2.7,-7.8,30,23,31,35,41,59,70,85,70,56,45,40,6.7,6.3,6.9,7.5,9.7,9.6,9.0,7.9,6.9,5.1,4.5,6.0
Pskov,Russian Federation,57.82,28.42,,,-7.9,-7.0,-2.2,5.0,11.9,15.8,17.2,15.9,11.1,5.8,0.0,-5.0,37,29,32,37,46,68,78,81,64,53,56,47,6.2,7.0,7.7,9.2,11.1,10.8,10.2,9.8,8.7,6.5,4.6,5.5
Rjazan',Russian Federation,54.63,39.7,,,-10.3,-9.0,-3.6,6.3,13.9,17.4,19.1,17.6,11.9,5.2,-1.6,-7.0,33,26,26,36,42,65,83,60,48,48,45,41,6.7,7.2,7.0,8.7,11.2,11.1,10.3,10.7,9.0,6.9,4.8,5.8
Rostov-Na-Donu,Russian Federation,47.27,39.82,,,-4.4,-3.4,2.0,11.2,17.6,21.3,23.4,22.4,17.1,9.7,4.2,-0.7,55,43,37,46,54,59,56,37,38,33,54,75,6.1,6.4,7.4,10.1,11.0,11.2,11.7,11.9,11.3,8.9,5.8,5.2
Salehard,Russian Federation,66.53,66.67,,,-24.9,-23.4,-16.1,-10.1,-1.8,8.0,14.4,10.9,5.3,-4.9,-15.9,-21.0,21,18,19,24,32,49,69,60,50,39,28,24,9.6,9.5,10.5,10.3,7.6,8.6,9.9,8.8,6.6,6.1,8.5,9.3
Samara,Russian Federation,53.22,50.17,,,-12.3,-11.1,-4.3,6.9,15.2,18.9,21.0,19.1,13.4,4.9,-2.3,-8.6,46,35,33,39,32,58,64,52,45,52,54,51,6.7,7.1,6.8,9.2,11.3,10.5,10.2,10.3,9.4,6.8,4.5,5.7
Saransk,Russian Federation,54.13,45.23,,,-11.8,-10.6,-4.4,5.9,13.8,17.4,19.2,17.8,11.8,4.2,-2.6,-8.5,32,24,25,32,39,59,74,50,49,47,44,35,7.0,7.5,7.2,9.2,12.7,11.7,11.3,11.7,9.8,6.9,5.1,6.0
Saratov,Russian Federation,51.53,46.0,,,-10.5,-9.9,-3.9,7.4,15.4,19.4,21.4,19.6,13.6,5.5,-1.2,-7.0,43,29,28,27,40,44,45,44,39,33,47,43,6.6,6.9,6.5,9.7,11.3,10.8,10.7,10.8,9.8,7.6,4.9,5.6
Smolensk,Russian Federation,54.75,32.07,,,-9.2,-7.8,-2.9,5.3,12.5,15.7,17.0,15.9,10.9,5.2,-0.9,-5.7,43,35,44,42,49,82,96,73,67,53,59,57,6.2,6.7,6.8,8.5,10.4,10.0,9.7,10.0,8.8,6.7,4.5,5.2
St. Petersburg,Russian Federation,59.934,30.335,,,-7.8,-6.9,-2.2,4.0,10.8,15.6,17.7,16.2,11.0,5.7,0.1,-4.6,38,31,35,33,38,58,80,81,69,67,56,51,5.6,5.6,6.3,7.5,9.1,8.7,8.0,7.2,6.4,4.8,3.9,4.8
Stavropol',Russian Federation,45.12,42.08,,,-3.5,-1.6,2.4,10.3,15.6,19.4,22.4,21.1,16.9,10.1,4.9,-0.1,29,27,31,45,74,78,60,56,44,41,45,41,6.6,6.9,8.0,10.3,10.6,10.4,10.8,11.1,10.5,9.0,7.1,6.3
Syktyvkar,Russian Federation,61.72,50.83,,,-16.8,-13.6,-6.0,1.4,8.5,14.3,17.5,14.1,8.2,0.7,-6.4,-12.3,32,24,25,32,41,59,73,59,58,58,46,38,8.1,8.0,9.1,9.7,11.0,11.2,10.8,9.8,7.6,4.9,5.5,6.8
Tambov,Russian Federation,52.8,41.33,,,-10.1,-9.0,-3.2,7.3,14.8,18.3,19.8,18.5,12.8,5.4,-1.2,-6.6,36,30,31,32,48,53,80,46,51,43,55,51,6.8,7.4,6.9,9.5,11.6,11.2,10.7,11.2,10.3,7.5,5.0,5.7
Tiksi,Russian Federation,71.7,128.9,,,-32.4,-30.5,-26.8,-19.1,-6.6,3.4,6.8,7.1,1.3,-12.3,-24.6,-28.6,26,29,12,10,14,28,43,45,27,17,24,48,7.4,7.4,9.0,10.2,7.4,7.0,7.7,6.4,5.4,6.6,7.1,7.5
Tjumen',Russian Federation,57.12,65.43,,,-17.1,-14.7,-6.0,3.9,10.5,16.2,18.7,15.6,10.0,1.6,-7.0,-13.5,24,17,15,27,39,62,85,58,49,39,32,24,9.3,10.6,10.9,10.5,12.2,11.9,10.8,10.3,9.8,7.6,7.4,8.2
Tomsk,Russian Federation,56.5,84.92,,,-17.6,-16.5,-7.8,1.2,9.7,16.2,19.1,15.9,10.0,1.0,-8.7,-15.4,32,21,22,27,46,60,73,71,43,51,52,41,8.7,10.3,11.0,10.5,12.3,12.2,11.6,10.9,10.2,7.1,7.6,8.5
Tula,Russian Federation,54.23,37.62,,,-9.3,-8.2,-2.9,6.2,13.4,16.8,18.4,17.0,11.7,5.6,-1.1,-6.0,36,30,31,41,46,73,86,65,55,46,46,46,6.6,7.5,7.1,8.7,11.6,11.0,10.4,10.8,9.6,7.2,4.9,5.7
Tura,Russian Federation,64.27,100.23,,,-35.8,-32.3,-18.3,-7.5,2.9,12.2,16.8,13.1,5.6,-7.0,-24.7,-31.8,17,12,11,17,29,52,61,57,40,30,26,21,9.5,11.0,15.8,14.7,11.1,13.1,14.1,12.2,9.5,7.9,9.2,9.7
Turocak,Russian Federation,52.27,87.17,,,-17.1,-13.8,-5.7,3.5,11.3,16.7,19.1,16.7,11.2,3.0,-7.1,-14.6,33,33,35,55,86,91,96,102,76,82,64,53,14.4,17.8,18.5,15.4,15.7,15.2,14.5,13.4,13.8,11.1,11.2,12.4
Tver',Russian Federation,56.9,35.88,,,-10.7,-9.1,-3.2,5.0,12.1,15.8,17.5,15.9,10.6,4.7,-1.8,-7.0,37,30,31,39,60,72,100,66,58,50,50,47,7.0,8.4,8.4,8.8,11.4,10.9,10.4,10.2,8.9,6.3,4.8,5.8
Ufa,Russian Federation,54.72,55.83,,,-14.8,-13.2,-6.0,4.7,13.2,17.2,19.3,16.5,11.0,3.2,-4.2,-10.8,40,32,27,37,38,61,63,58,53,60,54,46,9.1,10.6,10.6,10.9,13.4,12.6,12.0,12.2,11.0,7.4,6.3,8.0
Ulan-Ude,Russian Federation,51.83,107.6,,,-23.5,-19.5,-8.2,2.0,10.2,16.7,19.5,17.1,9.9,0.6,-10.7,-19.3,5,3,2,7,13,40,72,59,27,8,10,12,10.3,13.2,13.9,13.3,15.5,14.6,12.4,12.1,12.5,11.1,9.8,9.2
Ulyanovsk,Russian Federation,54.32,48.33,,,-11.6,-11.3,-4.8,6.2,14.1,18.2,19.6,17.5,12.2,3.9,-3.2,-8.4,29,21,19,29,36,66,87,47,53,41,29,27,7.7,8.4,8.8,10.5,13.5,12.0,11.5,11.7,10.1,7.3,5.5,6.6
Ust'ordynskiy,Russian Federation,52.82,104.77,,,-23.4,-20.9,-10.4,0.9,9.0,15.3,18.0,15.5,8.7,-0.2,-11.9,-20.1,5,4,4,8,19,48,81,70,31,12,9,10,11.1,13.4,14.8,14.1,16.8,15.7,13.2,13.3,14.0,12.9,11.9,10.8
Vladikavkaz,Russian Federation,43.03,44.67,,,-3.1,-2.4,2.6,9.9,14.6,18.0,20.4,19.5,15.6,9.3,4.5,-0.1,26,29,48,86,148,157,120,93,73,51,40,33,9.9,9.0,9.2,10.7,10.5,10.6,10.1,10.2,10.1,10.1,8.9,9.1
Vladimir,Russian Federation,56.12,40.35,,,-10.8,-8.7,-3.0,5.7,13.1,16.8,18.6,16.9,11.2,4.7,-2.3,-7.7,37,32,32,38,51,65,84,59,57,58,53,47,6.3,6.9,7.4,8.8,10.9,10.5,10.0,9.8,8.3,6.1,4.5,5.5
Vladivostok,Russian Federation,43.12,131.93,,,-13.1,-10.3,-2.5,4.4,9.6,12.9,17.3,19.5,15.3,8.2,-1.3,-9.5,15,19,25,54,61,100,124,153,126,66,38,18,7.5,7.8,7.3,7.8,8.3,6.4,5.6,5.6,6.6,7.2,7.0,7.0
Volgograd,Russian Federation,48.78,44.37,,,-7.6,-7.5,-0.9,10.2,17.4,21.5,23.9,22.5,16.6,8.1,1.4,-4.5,37,29,26,25,37,37,36,37,26,24,43,46,6.2,6.4,7.1,10.3,10.7,10.8,10.9,10.8,10.0,8.2,5.3,5.1
Vologda,Russian Federation,59.32,39.92,,,-13.0,-10.8,-4.5,3.3,10.8,14.9,17.1,15.1,9.5,3.2,-3.5,-9.1,32,25,26,35,46,65,77,74,55,50,42,42,7.8,8.1,8.7,9.2,11.7,11.5,11.1,10.4,8.6,5.8,4.9,6.4
Voronez,Russian Federation,51.65,39.25,,,-8.8,-8.0,-2.2,8.1,15.0,18.2,19.9,18.8,13.2,6.3,-0.2,-5.2,41,32,31,40,46,66,73,57,54,39,50,50,6.5,7.2,6.8,9.7,11.8,11.5,11.1,11.5,10.5,7.8,5.1,5.6
Gicumbi,Rwanda,-1.6,30.05,,,18.6,18.6,18.5,18.1,17.9,17.8,17.9,18.9,18.9,18.8,18.2,18.3,71,78,140,159,122,20,8,57,95,111,116,71,11.0,10.8,10.6,9.9,9.4,10.3,10.7,11.1,11.4,11.3,10.4,10.4
Huye,Rwanda,-2.6,29.73,,,19.5,19.7,19.8,19.5,19.4,19.3,19.5,20.4,20.2,19.8,19.1,19.2,114,106,131,215,127,32,8,36,84,123,149,118,10.2,10.4,10.1,9.3,9.0,10.4,11.2,11.5,11.5,10.8,10.0,9.8
Karongi,Rwanda,-2.06,29.42,,,20.2,20.2,19.6,20.2,19.7,19.6,19.3,20.4,20.8,20.2,20.0,19.9,49,114,173,110,144,49,10,26,86,117,61,89,8.2,8.2,8.3,8.0,7.4,8.9,11.2,9.7,10.3,9.9,8.7,8.1
Kigali,Rwanda,-1.95,30.05,,,21.2,21.6,21.3,21.1,21.0,20.9,21.1,22.0,22.1,21.6,20.8,21.0,77,91,114,154,88,19,11,31,70,106,113,77,11.3,11.6,11.2,10.1,9.7,11.1,12.1,12.0,12.2,11.3,10.6,10.8
Musanze,Rwanda,-1.49,29.63,,,17.6,18.0,17.9,18.1,18.1,17.3,17.2,18.0,17.9,17.7,17.4,17.4,71,93,142,174,152,39,17,49,124,162,147,83,13.9,13.7,13.0,11.1,10.1,11.6,12.9,12.8,13.1,13.0,12.8,13.5
Ngoma,Rwanda,-2.544,29.769,,,21.5,21.1,20.5,20.6,20.6,21.0,20.8,21.6,21.8,21.4,20.2,21.4,90,106,130,159,117,19,5,20,58,98,118,103,11.4,10.6,8.7,9.1,9.4,10.3,11.0,10.5,11.4,11.6,8.9,11.5
Nyagatare,Rwanda,-1.28,30.31,,,21.4,21.6,21.1,21.2,20.6,20.4,20.5,21.5,22.0,21.4,21.2,21.6,42,52,115,101,139,27,6,22,72,109,100,72,13.1,12.9,11.8,10.9,10.9,13.1,14.0,13.3,12.6,11.1,11.2,12.9
Nyamagabe,Rwanda,-2.47,29.57,,,18.9,19.1,18.9,18.8,18.2,18.4,18.4,19.3,19.3,19.2,18.6,18.6,147,152,142,176,138,26,11,37,83,129,110,124,9.6,10.1,9.9,8.5,8.3,9.5,9.7,10.0,10.6,9.8,9.3,9.3
Rubavu,Rwanda,-1.67,29.25,,,20.3,20.5,20.5,20.5,20.4,19.8,19.6,20.4,20.6,20.4,20.0,20.1,85,92,128,145,97,49,22,70,111,132,140,95,10.4,10.4,10.2,9.6,9.7,10.8,11.6,11.5,11.2,10.8,10.4,10.4
Rusizi,Rwanda,-2.47,28.92,,,20.4,20.6,20.4,20.4,20.4,20.1,20.0,20.9,20.9,20.4,20.1,20.1,136,133,171,149,92,28,10,45,104,159,164,126,10.0,10.3,9.9,9.2,9.3,10.4,11.8,11.7,10.9,9.8,9.4,9.7
Vieux-Fort,Saint Lucia,13.73,-60.95,,,26.1,26.0,26.4,27.1,27.9,28.0,27.9,28.0,27.9,27.9,27.2,26.6,71,51,58,59,71,99,150,158,197,198,177,109,5.5,5.6,5.8,5.5,5.4,5.2,5.2,5.6,5.9,5.9,5.7,5.5
Apia,Samoa,-13.83,-171.75,,,27.1,27.4,27.3,27.2,26.9,26.6,26.1,26.2,26.5,26.8,27.0,27.1,489,368,352,211,193,121,121,113,154,224,262,358,6.5,6.4,6.6,6.9,7.0,6.8,6.9,6.8,6.8,6.7,6.7,6.7
Abha,Saudi Arabia,18.23,42.65,,,13.6,15.1,16.9,18.9,21.6,23.7,23.8,23.5,22.1,18.6,15.8,13.9,17,22,46,48,25,8,16,26,6,4,5,5,11.8,11.6,11.7,12.4,13.6,14.2,13.4,13.7,14.5,14.5,14.0,13.5
Al-Baha,Saudi Arabia,20.3,41.63,,,16.1,18.1,20.2,22.9,26.3,28.9,29.0,29.2,27.4,23.1,19.7,17.0,10,1,16,35,24,6,12,11,3,7,8,4,12.8,12.9,12.7,12.5,12.8,12.8,12.5,12.6,12.4,12.9,13.2,13.2
Arar,Saudi Arabia,30.9,41.14,,,9.4,11.4,15.8,21.9,27.4,31.3,33.5,33.6,30.4,24.4,16.1,10.8,10,6,7,8,2,0,0,0,0,4,7,9,12.2,13.1,14.3,14.9,15.3,16.2,16.1,16.3,16.6,15.2,13.4,12.3
Buraydah,Saudi Arabia,26.3,43.76,,,12.8,15.2,19.2,24.9,30.6,33.5,34.5,34.8,32.1,26.9,19.8,14.7,21,11,27,29,14,0,0,0,0,4,24,16,12.9,14.2,14.6,15.0,15.8,17.2,17.5,17.3,17.6,16.8,13.9,13.3
Dammam,Saudi Arabia,26.4,50.1,,,15.3,17.6,21.9,27.1,32.8,35.6,37.1,36.8,33.4,29.3,22.4,17.1,22,7,5,13,3,0,0,0,0,0,18,21,11.4,12.4,14.5,14.5,15.7,15.9,15.7,15.9,16.2,16.2,12.9,11.7
Hail,Saudi Arabia,27.434,41.691,,,10.5,12.5,16.4,21.9,27.0,30.1,31.1,31.8,29.4,24.2,17.1,12.2,13,8,17,20,10,0,0,0,0,6,23,8,13.4,14.2,14.3,14.6,14.6,15.9,15.9,16.1,16.7,16.1,13.9,13.7
Jeddah,Saudi Arabia,21.68,39.15,,,23.5,23.6,25.5,28.4,30.6,31.5,32.9,33.0,32.0,30.3,27.7,25.2,11,3,2,2,0,0,0,0,0,1,23,11,10.7,11.5,12.3,12.8,13.1,13.4,13.0,11.4,11.3,12.6,11.2,10.7
Jizan,Saudi Arabia,16.88,42.53,,,26.1,26.9,28.4,30.7,32.6,34.0,34.2,33.9,33.4,31.5,29.4,27.1,13,3,6,14,8,1,9,24,9,18,12,16,9.0,8.5,8.8,9.4,9.6,8.7,8.1,8.3,9.3,10.3,9.8,9.3
Madinah,Saudi Arabia,24.55,39.7,,,23.5,23.6,25.5,28.4,30.6,31.5,32.9,33.0,32.0,30.3,27.7,25.2,11,3,2,2,0,0,0,0,0,1,23,11,10.7,11.5,12.3,12.8,13.1,13.4,13.0,11.4,11.3,12.6,11.2,10.7
Makkah,Saudi Arabia,21.42,39.8,,,24.6,25.5,28.0,31.6,34.8,36.2,36.1,36.1,35.8,33.0,29.1,26.2,21,3,7,10,1,0,1,5,5,14,22,20,11.7,12.7,13.8,14.2,14.4,15.2,13.8,13.3,13.9,14.1,12.3,11.8
Najran,Saudi Arabia,17.61,44.41,,,17.2,20.2,23.5,26.2,29.1,30.8,32.2,31.9,28.6,23.6,20.1,17.6,3,1,15,17,6,3,2,8,0,4,2,1,16.4,16.5,15.6,15.1,15.5,16.3,14.1,14.5,16.2,16.6,16.1,16.4
Riyadh,Saudi Arabia,24.72,46.73,,,13.5,16.3,20.4,25.8,31.4,34.0,35.0,35.0,31.8,26.9,20.7,15.2,17,9,22,26,6,0,0,0,0,1,13,17,13.2,14.0,14.5,14.9,16.0,17.3,17.3,17.4,17.7,17.3,14.8,13.7
Sakaka,Saudi Arabia,29.78,40.09,,,9.8,11.9,15.9,21.7,26.8,30.4,32.0,32.6,29.8,24.4,17.1,11.3,12,6,6,6,2,0,0,0,0,6,8,9,11.8,12.8,13.7,14.4,14.6,15.6,15.5,15.8,15.9,14.4,12.9,12.2
Sharurah,Saudi Arabia,17.46,47.1,,,18.6,22.1,25.8,29.2,32.4,33.6,34.8,34.8,32.0,27.2,22.9,19.6,1,3,18,19,4,5,5,7,2,2,0,2,16.5,17.1,16.7,16.1,16.8,17.8,16.6,15.9,16.7,16.5,16.4,16.5
Tabouk,Saudi Arabia,28.38,36.57,,,11.2,13.2,17.1,22.4,26.5,29.7,31.2,31.4,28.9,24.2,17.8,12.6,6,1,3,3,2,0,0,1,0,5,4,4,13.9,14.7,15.1,15.9,15.8,16.1,15.4,15.5,16.0,15.7,14.6,14.1
Taif,Saudi Arabia,21.48,40.55,,,15.4,17.1,19.8,22.8,26.2,29.0,29.2,29.6,27.8,23.1,19.4,16.6,10,2,17,35,35,4,2,16,10,15,22,6,14.1,14.7,14.6,14.4,14.2,13.4,12.0,12.1,13.9,14.9,14.3,14.4
Yanbu,Saudi Arabia,24.023,38.19,,,20.9,21.4,23.9,27.6,30.8,32.5,33.2,33.5,32.8,30.1,26.3,22.7,7,1,1,0,1,0,0,0,0,4,7,10,13.4,13.7,14.1,13.8,14.4,15.1,13.6,13.1,13.8,13.3,13.4,13.6
Cap Skirring,Senegal,12.4,-16.75,,,24.4,24.9,25.2,24.7,25.6,27.6,27.5,27.2,27.3,28.1,27.3,25.1,0,0,0,0,3,70,319,430,310,95,1,0,13.9,14.1,12.9,10.0,8.1,7.0,6.2,6.3,7.4,8.1,10.2,12.8
Dakar,Senegal,14.739,-17.5,,,21.4,21.3,21.7,21.9,23.2,26.0,27.4,27.7,27.8,28.0,26.4,23.9,2,0,0,0,0,10,55,156,131,24,0,0,7.0,7.0,6.8,5.6,5.3,5.0,4.9,5.0,5.6,5.7,6.5,6.7
Diourbel,Senegal,14.65,-16.239,,,24.5,26.4,28.1,29.0,30.2,30.1,29.4,28.6,28.5,29.8,28.0,25.6,15,1,0,0,0,28,84,192,143,26,1,2,17.8,18.9,20.2,21.0,20.0,15.8,12.3,10.9,11.5,14.7,18.8,18.1
Kaolack,Senegal,14.139,-16.072,,,26.3,28.3,30.0,31.1,31.5,30.8,29.9,29.1,29.1,30.2,29.2,26.9,1,1,0,0,1,41,121,231,160,50,1,0,16.4,17.6,18.6,18.8,17.2,12.9,10.0,8.9,9.3,11.9,16.4,16.6
Kedougou,Senegal,12.57,-12.22,,,25.9,29.0,31.4,33.4,32.5,29.2,26.9,26.6,26.6,27.8,27.3,25.4,0,0,2,4,54,153,260,318,280,96,6,0,16.6,16.5,15.5,14.1,12.8,11.1,9.9,9.5,10.8,12.4,16.0,17.0
Kolda,Senegal,12.889,-14.972,,,24.5,27.2,29.9,31.5,32.2,30.9,28.8,27.9,28.0,28.6,26.7,24.4,0,0,0,0,15,131,254,308,240,81,3,0,20.6,20.5,19.7,18.5,16.0,12.0,9.3,8.7,9.7,11.3,17.4,20.4
Linguere,Senegal,15.389,-15.122,,,24.8,27.5,29.0,31.0,32.7,32.1,30.4,29.4,29.5,30.8,28.8,25.5,1,2,0,0,1,27,87,152,115,30,0,1,15.5,16.5,16.2,17.8,16.8,15.0,11.2,9.9,10.5,14.5,16.8,15.7
Matam,Senegal,15.639,-13.25,,,24.6,27.6,30.7,33.5,35.5,34.4,31.6,30.1,30.2,31.7,29.2,25.8,1,1,0,0,2,23,88,152,101,15,1,0,16.5,17.2,17.4,17.5,15.6,13.3,11.4,10.3,10.9,14.2,17.1,16.8
Podor,Senegal,16.65,-14.939,,,23.5,26.0,28.4,30.8,32.9,32.9,31.4,31.0,31.3,31.8,28.6,25.1,4,2,0,0,1,7,45,79,75,15,1,1,15.0,15.8,16.7,17.4,17.0,16.0,12.9,11.6,11.8,14.4,15.3,14.9
Saint-Louis,Senegal,16.05,-16.45,,,23.3,24.7,25.5,24.8,25.2,26.8,27.9,28.6,29.1,29.1,27.2,24.6,3,2,0,0,0,6,42,88,95,21,0,1,14.8,15.1,14.8,13.0,10.8,8.1,6.5,6.9,7.6,10.6,14.1,14.6
Tambacounda,Senegal,14.772,-13.689,,,26.1,28.6,31.0,33.1,33.5,31.2,28.4,27.4,27.7,29.1,28.4,26.4,0,0,0,1,18,83,167,218,164,61,2,0,16.4,16.7,16.0,15.6,14.0,11.8,9.7,9.1,10.4,13.0,17.5,16.9
Ziguinchor,Senegal,12.55,-16.272,,,25.5,27.3,28.7,29.0,29.3,29.3,28.0,27.7,27.9,28.6,27.6,25.7,0,0,0,0,4,99,317,392,328,102,2,0,16.2,17.9,18.2,17.4,14.4,10.8,8.7,8.2,9.2,10.3,12.9,14.8
Belgrade,Serbia,44.8,20.47,,,0.4,2.7,7.1,12.4,17.2,20.0,21.7,21.3,17.7,12.4,7.0,2.3,49,44,50,59,71,90,66,51,51,40,54,58,5.8,6.6,8.6,9.7,10.4,10.3,11.0,11.2,10.7,9.8,7.0,5.5
Kragujevac,Serbia,44.01,20.93,,,0.0,2.5,6.6,11.4,16.1,19.0,19.6,20.4,17.3,12.2,7.0,2.0,41,39,44,49,74,85,68,53,45,38,48,48,7.6,8.4,10.4,11.8,11.9,12.0,10.8,13.5,13.2,11.9,9.1,7.2
Nis,Serbia,43.32,21.9,,,0.1,2.9,7.1,12.1,16.6,19.6,21.2,21.4,17.9,12.7,7.0,2.0,41,40,45,51,67,70,44,43,44,34,57,54,7.3,8.4,10.5,11.9,12.5,12.5,13.5,14.1,13.7,12.4,9.3,6.8
Novi Sad,Serbia,45.26,19.85,,,-1.0,1.7,6.3,11.5,16.4,19.4,20.9,20.7,17.4,12.2,6.2,1.3,38,35,41,47,57,82,62,55,36,35,46,44,6.9,8.0,10.3,11.4,11.6,11.6,12.5,13.0,12.5,11.7,8.1,6.4
Pristina,Serbia,42.67,21.16,,,-1.3,1.4,5.3,9.9,14.6,17.6,19.4,19.5,16.2,11.1,5.5,0.6,39,36,39,49,68,60,52,44,42,45,68,56,7.3,8.3,10.3,11.5,12.2,12.5,13.9,14.4,13.7,12.1,9.3,7.3
Zlatibor,Serbia,43.72,19.7,,,-3.1,-1.1,2.3,7.1,11.7,14.6,16.5,16.6,13.5,8.8,3.7,-1.3,68,61,64,77,100,110,96,78,83,67,85,75,6.7,6.9,7.9,8.7,8.8,8.9,9.3,9.3,9.0,8.2,7.5,6.4
Victoria,Seychelles,-4.62,55.43,,,27.2,27.9,28.2,28.5,28.1,27.0,26.4,26.4,26.9,27.4,27.4,27.4,404,249,202,185,161,116,89,122,163,178,192,306,5.5,5.4,5.9,6.2,5.1,4.4,4.3,4.4,4.6,5.3,5.9,5.9
Freetown,Sierra Leone,8.62,-13.2,,1961-1990,26.9,27.1,27.6,28.0,27.6,26.9,25.9,25.7,26.1,26.6,27.1,26.9,3,4,13,47,177,323,734,791,484,266,88,16,6.1,6.3,6.5,6.4,6.5,6.5,5.6,5.4,5.9,6.5,6.1,5.6
Singapore,Singapore,1.367,103.917,,1991-2020,27.5,28.1,28.6,28.9,29.0,28.8,28.4,28.4,28.4,28.4,27.9,27.4,222,105,152,164,164,135,147,147,125,168,252,332,6.3,6.9,7.3,7.1,6.6,6.2,6.0,6.1,6.4,6.8,6.6,6.2
Bratislava,Slovakia,48.15,17.12,,,0.2,2.0,6.4,11.7,16.2,20.0,22.0,21.8,16.7,11.1,5.8,1.1,37,33,37,36,59,59,62,60,59,44,46,43,5.9,7.5,9.4,11.3,11.2,11.2,11.6,11.7,10.4,9.0,6.3,5.2
Hurbanovo,Slovakia,47.87,18.2,,,0.1,2.2,6.7,12.1,16.6,20.2,22.1,21.8,16.9,11.6,6.2,1.1,34,30,36,33,62,61,69,55,56,47,48,41,6.3,8.4,10.5,12.4,12.2,12.3,12.9,13.2,11.8,10.1,7.0,5.7
Kosice,Slovakia,48.67,21.22,,,-1.9,0.1,5.0,10.8,15.4,19.0,20.7,20.7,15.6,10.1,4.6,-0.7,26,27,24,42,69,88,94,66,50,51,40,36,5.8,7.2,9.9,11.5,11.6,11.6,11.8,12.2,11.1,9.5,6.9,5.1
Lucenec,Slovakia,48.33,19.73,,,-1.8,0.5,5.2,10.8,15.5,19.1,20.9,20.7,15.8,10.2,4.8,-0.9,31,32,30,40,70,77,89,66,48,48,47,37,6.8,8.9,11.2,13.5,13.3,13.3,13.7,14.0,12.5,10.5,7.2,5.8
Poprad,Slovakia,49.07,20.25,,,-3.8,-2.0,2.0,7.3,12.0,15.5,17.1,17.1,12.4,7.6,2.5,-2.6,25,27,30,43,76,84,102,79,56,51,37,27,8.6,9.5,10.2,12.2,12.2,12.4,12.5,13.2,11.9,10.7,8.1,7.7
Sliac,Slovakia,48.64,19.13,,,-2.4,-0.2,4.3,10.1,14.8,18.4,20.1,19.9,14.9,9.7,4.3,-1.3,46,42,44,44,72,81,91,64,56,63,59,52,7.3,9.7,11.5,14.0,14.0,13.8,14.2,14.6,12.9,10.5,7.2,6.2
Tisinec,Slovakia,49.22,21.65,,,-2.2,-0.6,4.0,9.8,14.4,17.9,19.8,19.5,14.6,9.4,4.3,-0.9,34,37,33,44,80,88,107,73,62,57,41,38,5.6,7.3,10.0,12.8,13.0,12.5,12.7,13.4,11.8,9.5,6.5,4.8
Zilina,Slovakia,49.23,18.62,,,-1.9,-0.1,3.9,9.4,14.0,17.6,19.4,19.2,14.4,9.6,4.6,-0.6,47,40,46,46,74,84,94,78,69,63,51,48,6.7,8.7,10.4,12.9,12.7,12.6,12.8,13.3,11.5,10.0,7.2,5.8
Ljubljana,Slovenia,46.07,14.52,,,0.1,2.2,6.3,10.2,15.1,18.3,20.6,20.2,16.2,11.0,4.8,0.8,71,71,87,103,113,154,117,134,131,147,137,103,5.7,8.1,9.8,10.5,11.4,11.2,11.9,11.7,10.5,8.6,6.2,5.1
Maribor,Slovenia,46.53,15.65,,,0.0,2.2,6.2,10.3,15.2,18.3,20.3,20.0,16.1,10.8,4.8,1.1,42,47,64,73,91,119,115,122,103,100,91,66,7.2,8.5,9.9,10.2,10.8,10.6,10.8,10.7,10.3,9.3,7.5,6.7
Novo Mesto,Slovenia,45.8,15.18,,,0.1,2.0,6.0,9.9,14.7,17.9,19.9,19.6,15.8,10.6,4.8,1.0,49,55,74,84,93,130,111,123,122,116,110,81,6.7,8.8,10.6,11.2,11.8,11.5,12.1,11.8,10.9,9.1,7.1,6.4
Portoroz,Slovenia,45.483,13.617,,,4.6,5.0,8.1,11.9,16.4,20.0,22.4,22.2,18.4,14.3,8.9,5.5,56,47,61,65,69,86,58,78,124,121,91,75,8.0,9.3,10.0,9.9,10.8,11.0,11.9,11.9,10.9,9.3,8.5,8.3
Ratece,Slovenia,46.5,13.717,,,-3.3,-1.5,2.2,5.8,10.8,14.1,16.4,16.1,12.3,7.6,1.6,-2.5,69,65,87,123,131,155,149,132,149,167,150,96,9.4,11.1,11.3,11.5,12.3,12.4,12.9,12.8,12.0,10.8,9.0,8.1
Auki,Solomon Islands,-8.78,160.73,,,27.2,27.1,27.0,26.9,26.7,26.4,25.9,25.9,26.1,26.5,26.9,27.1,397,385,428,257,223,178,239,227,212,227,224,293,6.8,6.6,6.8,6.8,7.0,7.0,6.8,7.1,7.0,7.3,7.3,7.1
Bosaso,Somalia,11.28,49.18,,,29.7,25.1,26.1,28.6,31.0,35.0,35.3,34.5,33.3,27.6,24.9,24.4,0,0,0,4,1,0,0,0,1,2,3,0,19.0,9.9,9.9,10.8,12.0,11.9,10.4,10.9,11.4,10.2,10.3,9.5
Hargeisa,Somalia,9.5,44.08,,,17.9,19.6,21.9,22.9,24.1,24.4,23.1,23.1,23.8,21.6,19.6,17.9,2,11,25,85,65,33,39,55,65,29,8,1,12.6,14.0,13.7,12.6,12.8,13.3,12.1,12.1,13.4,13.2,12.9,11.6
Mogadishu,Somalia,2.033,45.35,,,26.6,26.6,27.7,28.8,27.9,26.6,25.8,25.8,26.2,27.1,27.3,27.1,0,2,4,60,75,86,77,39,17,34,72,8,7.1,6.9,6.0,6.5,6.4,5.9,5.5,5.5,6.0,5.9,6.4,7.1
Bloemfontein,South Africa,-29.1,26.3,,,23.0,22.1,19.7,15.8,11.6,8.1,7.8,10.6,14.8,17.9,19.9,21.9,89,101,76,44,18,11,6,16,21,52,70,66,15.6,14.9,15.4,16.6,18.5,19.1,20.1,20.0,19.4,17.2,16.6,16.7
Cape Town,South Africa,-33.97,18.6,,,20.9,21.1,19.8,17.4,14.9,13.0,12.2,12.7,13.9,15.9,18.4,19.9,15,17,20,41,69,93,82,77,40,30,14,17,10.4,10.9,11.2,11.1,10.9,10.3,10.5,10.3,10.5,10.7,10.3,10.0
Durban,South Africa,-29.97,30.95,,,24.5,24.6,23.9,21.8,19.1,16.8,16.6,17.6,19.3,20.4,21.8,23.4,134,113,120,73,59,28,39,62,73,98,108,102,6.7,6.9,7.5,8.7,10.7,12.4,12.1,10.3,8.0,7.2,6.9,6.9
Johannesburg,South Africa,-26.13,28.23,,,20.1,19.6,18.6,15.7,13.0,10.1,10.4,12.8,16.1,17.5,18.4,19.6,125,90,91,54,13,9,4,6,27,72,117,105,10.9,11.0,10.9,10.8,11.7,11.9,12.6,13.2,13.5,12.6,11.5,11.3
Ladysmith,South Africa,-28.567,29.767,,,23.1,22.4,21.4,18.0,14.6,11.1,11.6,14.3,17.6,19.2,20.9,22.6,145,106,90,39,14,6,5,26,38,77,91,112,12.7,12.1,12.7,14.2,16.3,18.1,18.1,16.7,15.3,13.8,13.0,13.2
Mafikeng,South Africa,-25.8,25.533,,,24.1,23.5,22.0,19.0,15.4,12.4,12.1,15.1,19.1,21.5,22.8,23.7,113,88,64,42,21,5,1,3,12,42,65,89,12.4,12.3,13.0,13.8,15.5,16.2,16.5,16.6,16.2,15.0,13.9,13.2
Mthatha,South Africa,-31.517,28.667,,,21.9,22.1,21.0,18.8,16.1,13.1,13.1,14.9,16.9,17.9,19.4,20.8,96,90,85,45,18,14,13,20,31,67,89,92,10.8,10.7,11.2,12.8,14.7,15.9,16.5,15.5,14.5,12.1,11.8,11.1
Nelspruit,South Africa,-25.5,30.917,,,23.0,22.9,22.1,19.8,17.3,15.0,14.8,16.4,18.9,19.9,21.1,22.4,132,124,99,45,13,8,10,10,23,61,103,115,9.7,9.9,10.0,11.2,13.8,14.6,14.8,14.4,13.4,11.1,10.3,9.9
Polokwane,South Africa,-23.85,29.45,,,22.9,22.6,21.4,18.8,15.7,12.9,12.6,14.9,18.2,20.1,21.2,22.2,82,70,58,28,13,4,3,4,7,42,96,83,11.1,11.2,11.5,12.9,14.9,15.5,15.9,16.0,15.3,13.1,11.6,11.1
Port Elizabeth,South Africa,-33.983,25.6,,,21.6,21.9,20.5,18.7,16.8,14.6,14.2,14.8,15.7,17.1,18.6,20.2,39,38,51,45,47,54,40,67,45,57,53,45,8.0,8.0,8.3,9.4,10.7,11.9,12.0,10.4,9.3,8.1,8.1,8.1
Pretoria,South Africa,-25.717,28.167,,,23.6,23.4,22.0,18.9,15.5,12.4,12.6,15.2,18.1,19.6,20.7,22.4,104,99,98,35,14,9,4,5,17,79,102,119,10.9,10.7,10.7,11.7,13.7,14.4,14.5,14.1,12.6,11.2,10.6,10.9
Rustenburg,South Africa,-25.65,27.217,,,23.9,23.8,22.0,19.0,15.5,12.4,12.2,14.9,19.1,21.5,22.6,23.4,108,85,69,32,13,6,2,4,14,56,69,94,12.8,12.7,13.2,14.8,17.0,17.6,18.0,18.2,17.5,15.2,14.1,13.3
Upington,South Africa,-28.4,21.25,,,28.1,27.9,25.6,21.4,16.9,13.1,12.8,14.8,18.6,22.2,24.8,27.0,31,31,35,17,8,5,3,2,5,16,17,21,15.8,15.1,14.9,15.0,16.1,16.5,16.8,17.7,17.6,16.6,16.3,16.3
Witbank,South Africa,-25.833,29.183,,,20.6,20.5,19.2,16.8,13.7,11.7,11.1,13.8,16.8,18.6,19.4,20.2,144,93,79,33,18,4,2,7,10,69,98,127,10.9,11.2,11.4,12.4,13.3,13.7,14.2,14.6,14.8,13.5,11.9,11.4
Juba,South Sudan,4.87,31.6,,,28.4,29.8,30.7,29.4,28.1,27.1,26.1,26.3,27.1,27.6,27.8,27.9,5,11,37,112,130,118,145,128,104,114,43,8,16.7,16.2,14.1,12.0,10.9,10.5,10.0,10.6,12.0,12.7,13.8,15.9
Malakal,South Sudan,9.55,31.65,,,26.8,28.5,30.9,31.7,29.8,27.8,26.5,26.3,27.1,27.9,27.8,27.0,0,0,7,27,97,108,164,170,118,76,4,0,16.2,16.5,16.0,14.8,12.5,10.9,9.7,9.4,10.4,12.1,15.6,16.5
A Coruna,Spain,43.35,-8.43,,,10.8,11.1,12.3,13.1,15.1,17.5,19.0,19.6,18.6,16.1,13.2,11.5,112,88,75,88,74,44,34,35,64,130,138,131,5.4,6.1,6.3,6.3,6.1,6.3,6.2,6.4,6.8,6.1,5.5,5.2
Albacete,Spain,39.01,-1.86,,,6.0,7.5,10.4,12.5,16.6,22.1,25.6,25.2,20.9,15.5,9.9,6.7,21,24,27,42,39,33,8,10,36,42,36,31,10.7,11.6,12.9,12.8,13.4,15.1,16.3,15.5,13.9,12.0,10.7,9.7
Alcala de Henares,Spain,40.48,-3.369,,,5.5,7.1,10.2,12.1,16.0,21.4,24.5,24.0,19.9,14.5,9.2,6.2,25,25,18,36,38,20,10,8,20,38,36,34,10.9,12.4,14.5,14.1,15.0,17.1,18.6,18.3,16.5,13.4,11.5,10.1
Alicante/Alacant,Spain,38.35,-0.48,,,11.7,12.4,14.2,16.1,19.1,22.9,25.5,26.0,23.5,19.7,15.4,12.6,23,22,23,29,28,12,4,7,56,47,36,25,10.7,10.5,10.8,10.4,10.0,9.8,9.6,9.6,10.0,10.4,10.2,10.3
Almeria,Spain,36.84,-2.46,,,12.6,13.3,15.1,16.9,19.6,23.4,26.1,26.7,24.2,20.4,16.4,13.8,24,25,16,17,12,5,1,1,14,27,28,30,8.6,8.6,9.0,8.9,8.9,9.0,8.8,8.6,8.4,8.2,8.2,8.3
Andujar,Spain,38.04,-4.05,,,9.5,11.2,14.3,16.1,19.9,24.9,28.0,27.6,23.9,18.6,13.4,10.5,57,51,41,55,39,13,3,6,26,63,75,92,12.7,13.6,15.3,15.3,16.5,18.1,19.6,19.2,17.1,14.7,12.9,11.8
Aranda de Duero,Spain,41.671,-3.689,,,3.5,4.8,7.5,9.4,13.2,17.8,20.7,20.2,16.6,12.0,7.0,4.2,30,24,22,44,50,34,15,12,25,48,39,41,10.0,12.3,14.1,13.5,14.3,16.6,18.6,18.3,16.7,13.6,11.1,9.7
Aranjuez,Spain,40.03,-3.6,,,6.0,7.6,10.9,12.7,16.7,22.2,25.4,25.0,20.8,15.2,9.8,6.6,23,25,23,38,43,19,6,6,21,50,39,42,11.4,12.8,14.5,14.3,14.8,16.4,17.9,17.5,15.8,13.3,11.9,10.4
Arrecife,Spain,28.96,-13.551,,,17.4,17.8,18.9,19.6,20.7,22.6,24.3,25.1,24.7,23.0,20.7,18.6,16,18,12,5,2,0,0,0,2,10,15,29,6.7,7.0,7.8,7.8,7.8,7.5,7.8,7.9,7.8,7.3,7.0,6.4
Avila,Spain,40.66,-4.7,,,3.4,4.5,7.2,8.8,12.7,17.9,21.0,20.6,16.9,11.8,7.0,4.4,32,24,22,40,54,33,12,19,30,51,48,43,8.8,9.7,11.0,10.9,11.3,13.5,15.0,14.7,12.9,10.3,8.9,8.2
Aviles,Spain,43.56,-5.93,,,9.4,9.4,10.7,11.3,13.7,16.2,18.1,18.8,17.4,15.0,11.8,9.9,103,88,82,99,79,61,47,59,73,118,137,117,7.0,7.4,7.8,7.6,7.3,6.8,6.7,7.0,7.5,7.4,7.0,6.9
Ayamonte,Spain,37.224,-7.405,,,11.6,12.6,14.7,15.9,18.3,21.6,23.9,24.0,22.1,18.9,15.1,12.6,56,48,38,45,24,5,2,3,21,62,82,109,9.2,9.4,9.9,9.8,9.8,10.1,11.1,10.7,9.9,9.1,8.8,8.1
Badajoz,Spain,38.88,-6.97,,,8.7,10.3,13.4,15.1,18.6,23.4,26.0,25.9,22.9,17.9,12.7,9.7,50,42,30,49,36,14,4,5,24,61,65,69,10.7,11.6,13.5,13.0,14.1,15.9,17.5,17.2,15.3,12.5,11.0,9.5
Barcelona,Spain,41.28,2.07,,,9.2,9.9,11.8,13.7,17.0,20.9,23.9,24.4,21.6,17.8,12.9,10.0,38,37,36,40,47,30,21,62,81,91,59,40,8.9,8.9,8.7,8.6,8.3,8.1,8.2,8.3,8.4,8.6,8.7,8.6
Benavente,Spain,42.0,-5.68,,,4.1,5.7,8.8,10.6,14.3,19.0,21.7,21.3,17.9,12.9,7.9,5.0,35,24,23,40,47,28,13,13,31,57,49,56,8.0,10.6,12.3,11.8,12.4,14.2,15.4,15.2,13.7,10.9,8.9,8.0
Benidorm,Spain,38.54,-0.13,,,12.4,12.9,14.6,16.2,18.8,22.3,24.9,25.1,22.6,19.3,15.7,13.3,30,30,24,31,36,12,4,9,49,56,46,30,8.5,8.6,9.1,9.3,9.2,9.2,9.3,8.9,8.5,8.2,7.9,8.0
Bilbao,Spain,43.3,-2.93,,,9.3,9.7,11.4,12.6,15.7,18.4,20.4,20.9,19.2,16.4,12.4,10.0,122,86,90,107,78,60,50,76,73,111,147,120,8.4,9.2,10.1,10.0,10.2,10.0,10.0,10.3,10.8,10.0,8.5,8.0
Burgos,Spain,42.34,-3.7,,,3.2,4.3,7.2,8.8,12.4,16.9,20.0,19.9,16.5,11.9,6.8,4.1,44,35,34,61,63,41,23,23,38,60,60,63,8.1,10.2,12.3,12.2,13.1,15.3,17.0,16.9,15.3,11.9,9.2,7.9
Caceres,Spain,39.47,-6.37,,,7.8,9.3,12.2,13.8,17.6,22.9,26.1,26.0,22.4,16.9,11.8,8.8,57,47,36,51,49,19,6,7,31,73,86,82,8.3,9.3,11.0,11.0,12.3,13.9,14.9,14.5,12.7,10.2,8.6,7.5
Cadiz,Spain,36.52,-6.28,,,12.7,13.7,15.6,16.8,19.1,22.4,24.6,24.9,23.4,20.4,16.5,13.9,69,57,36,45,26,7,0,2,23,66,96,100,6.6,6.2,6.5,6.2,5.9,5.8,6.2,5.9,5.9,6.1,6.2,5.9
Calatayud,Spain,41.35,-1.64,,,5.7,6.8,9.8,11.6,15.8,20.4,23.6,23.1,19.0,14.2,9.2,6.2,18,17,18,42,51,36,20,17,30,33,26,23,9.7,11.5,12.9,12.4,12.7,14.0,15.1,15.0,14.0,12.3,10.4,9.3
Capdepera,Spain,39.7,3.44,,,12.7,12.7,14.0,15.8,18.6,22.4,25.3,25.9,23.4,20.4,16.3,13.7,24,24,16,24,20,9,3,14,38,47,50,35,5.2,5.5,5.8,5.9,5.8,6.1,6.2,6.0,5.6,5.3,5.2,5.0
Caravaca de La Cruz,Spain,38.1,-1.86,,,8.4,9.5,11.8,13.7,16.7,20.9,24.0,23.8,20.2,16.1,11.7,9.1,24,29,32,27,37,19,5,15,31,33,37,28,12.8,13.2,14.3,14.9,15.4,16.9,18.0,17.3,15.3,13.6,12.4,12.1
Cartagena,Spain,37.6,-0.982,,,11.9,12.6,14.4,16.4,19.4,23.2,26.0,26.5,23.9,20.1,15.8,12.9,45,38,33,27,27,7,2,11,45,52,54,30,8.5,8.5,8.7,8.7,8.5,8.7,9.2,8.7,7.8,7.7,7.7,8.0
Castellon de la Plana/Castello de la Plana,Spain,39.99,-0.04,,,10.9,11.6,13.7,15.7,18.9,22.8,25.6,25.9,23.1,19.2,14.6,11.8,36,31,31,42,44,19,9,24,71,70,49,42,8.8,9.1,9.6,9.6,9.1,9.1,8.9,8.8,8.9,8.5,8.4,8.1
Cazorla,Spain,37.91,-3.0,,,8.8,10.1,12.7,14.2,17.8,22.6,26.0,25.6,21.9,17.1,12.2,9.6,75,64,59,81,66,28,3,11,40,62,87,88,8.3,9.1,10.8,11.2,12.7,15.1,16.8,16.6,14.2,11.2,8.8,7.9
Ceuta,Spain,35.89,-5.31,,,13.9,14.2,15.6,16.6,18.7,21.6,23.7,24.1,22.4,19.7,16.7,14.9,90,91,69,60,27,6,1,6,23,66,110,144,4.5,4.5,4.9,5.4,5.8,6.4,7.2,7.1,6.2,5.2,4.6,4.2
Ciudad Real,Spain,38.99,-3.93,,,6.0,8.0,11.4,13.4,17.5,23.2,26.6,26.2,21.6,15.8,10.1,7.0,35,30,28,48,41,25,6,5,26,53,45,59,9.8,11.3,13.0,12.6,13.2,14.6,15.5,15.1,13.6,11.5,10.0,8.9
Ciudad Rodrigo,Spain,40.6,-6.53,,,4.8,6.3,9.1,10.5,14.0,18.8,21.9,21.8,18.4,13.3,8.4,5.7,43,32,28,43,54,20,10,12,33,64,61,56,9.5,11.2,12.7,12.2,13.3,15.6,17.3,17.1,15.2,11.8,10.0,8.7
Ciutadella de Menorca,Spain,40.002,3.838,,,11.1,11.1,12.7,14.6,18.1,22.1,25.1,25.6,22.8,19.5,15.0,12.3,42,45,30,35,30,10,3,18,54,64,69,56,6.8,7.2,7.8,8.2,8.6,9.1,9.4,9.0,8.3,7.4,6.7,6.4
Cordoba,Spain,37.88,-4.78,,,9.2,10.9,14.1,16.0,19.6,24.5,27.8,27.8,24.4,19.1,13.4,10.3,65,56,48,55,39,12,2,5,31,76,94,104,11.4,12.4,14.0,13.6,14.8,16.4,18.1,17.3,15.1,12.6,11.1,10.0
Cuenca,Spain,40.08,-2.13,,,5.4,6.5,9.6,11.3,15.3,20.8,24.4,23.9,19.5,14.2,9.0,6.1,40,38,35,58,52,41,10,20,42,60,48,58,10.9,11.9,13.1,12.6,13.1,14.6,15.7,15.2,13.8,11.9,10.6,10.0
Donostia/San Sebastian,Spain,43.32,-1.98,,,8.4,8.7,10.3,11.3,14.4,16.9,18.9,19.5,18.0,15.4,11.3,9.1,141,110,113,138,120,90,86,117,111,159,169,151,5.1,5.6,6.2,6.4,6.6,6.2,5.8,6.0,6.3,6.1,5.3,5.0
Ecija,Spain,37.541,-5.075,,,8.9,10.6,13.7,15.3,19.0,23.7,27.1,27.1,23.7,18.7,13.4,10.1,62,55,44,51,33,10,2,8,27,66,87,101,12.4,13.1,14.7,14.6,15.4,17.1,18.4,17.4,15.4,13.2,12.0,11.1
Eivissa,Spain,38.907,1.436,,,11.8,12.1,13.6,15.6,18.6,22.6,25.5,26.2,23.8,20.2,15.9,13.1,37,36,28,31,27,10,5,18,57,58,53,50,7.5,7.6,8.1,8.3,8.1,8.4,8.3,8.1,7.8,7.4,7.2,7.2
Elche/Elx,Spain,38.267,-0.698,,,11.8,12.7,14.8,16.9,19.9,23.9,26.5,26.8,24.1,20.0,15.5,12.6,21,20,21,27,24,16,3,7,37,38,36,21,7.2,7.7,8.8,9.4,9.4,9.5,9.6,9.2,8.8,8.0,7.0,6.7
Estepona,Spain,36.42,-5.15,,,14.3,14.9,16.4,17.4,19.5,22.5,24.9,25.1,23.1,20.0,17.0,15.1,108,91,67,57,28,8,0,2,27,79,124,154,6.8,7.0,7.5,7.8,8.3,9.3,9.9,9.8,8.8,7.7,7.0,6.4
Figueres,Spain,42.268,2.96,,,9.1,9.7,12.2,14.2,17.8,21.7,24.7,24.5,21.2,17.4,12.7,9.8,53,54,45,64,69,47,21,40,59,91,60,52,9.1,9.5,9.9,10.0,10.1,10.2,10.6,10.2,9.9,9.1,8.6,8.8
Gijon,Spain,43.539,-5.659,,,8.8,9.2,10.9,11.8,14.3,17.1,19.3,19.8,17.9,15.2,11.6,9.6,83,80,73,88,69,51,42,56,65,104,123,103,8.7,8.9,8.8,8.1,7.3,6.5,6.4,6.8,7.7,7.9,8.1,8.3
Girona,Spain,41.98,2.82,,,7.1,7.9,10.4,12.5,16.4,20.5,23.6,23.5,20.1,16.1,10.9,7.8,62,51,50,68,70,59,32,45,70,88,70,56,12.0,12.4,12.6,12.6,12.3,12.4,13.0,12.8,12.0,11.3,11.4,11.6
Granada,Spain,37.18,-3.6,,,6.5,8.5,11.4,13.3,17.2,22.3,25.2,24.9,21.1,15.9,10.6,7.5,42,38,32,36,28,11,2,4,19,40,54,57,13.0,13.7,15.2,14.6,15.6,17.4,19.1,18.7,16.6,14.5,12.8,11.7
Guadalajara,Spain,40.63,-3.16,,,4.9,6.3,9.4,11.2,15.1,20.4,23.4,22.9,18.9,13.8,8.5,5.5,33,30,22,49,54,26,12,10,26,56,48,48,11.9,13.6,15.4,14.8,15.8,18.0,19.8,19.5,17.6,14.5,12.7,11.1
Haro,Spain,42.57,-2.85,,,5.8,6.8,9.7,11.2,14.9,18.7,21.2,21.2,18.1,13.9,9.2,6.3,40,33,34,48,56,41,27,22,33,46,54,49,6.8,8.4,10.5,10.8,11.6,13.0,14.2,14.0,12.8,10.2,7.6,6.5
Huelva,Spain,37.26,-6.95,,,11.1,12.3,14.7,16.1,19.0,22.9,25.6,25.6,23.4,19.5,15.1,12.2,65,47,37,47,27,7,3,4,25,65,82,97,10.4,10.8,12.0,11.7,12.0,12.5,13.7,13.3,12.2,11.0,10.3,9.3
Huesca,Spain,42.14,-0.41,,,5.2,7.1,10.2,12.2,16.3,21.1,24.2,23.9,19.9,15.1,9.3,5.7,30,27,30,55,52,35,22,30,48,60,48,42,7.9,9.7,11.5,11.9,12.8,14.6,15.4,14.5,12.6,10.1,8.4,7.5
Jaca,Spain,42.571,-0.549,,,4.3,5.3,8.2,9.9,14.0,18.4,21.5,21.3,17.5,13.2,7.9,4.9,58,49,48,81,76,49,37,43,68,90,89,79,10.3,11.4,12.9,12.5,13.0,14.6,15.7,15.4,13.8,11.7,10.6,9.8
Jaen,Spain,37.77,-3.79,,,8.5,10.1,13.0,14.4,18.4,23.7,27.3,26.8,22.9,17.6,12.4,9.4,52,50,43,54,40,16,3,9,25,54,62,76,7.0,7.4,8.8,8.9,10.1,11.4,12.4,12.0,10.1,8.2,7.0,6.5
Javea/Xabia,Spain,38.79,0.16,,,10.8,11.4,13.3,15.2,18.1,22.1,25.1,25.5,22.5,18.8,14.5,11.8,46,50,46,50,44,19,5,33,88,98,89,68,10.7,10.8,11.2,11.3,11.1,11.0,10.9,10.7,10.3,10.1,10.0,10.0
Jerez de la Frontera,Spain,36.702,-6.129,,,10.7,12.1,14.6,16.0,19.0,22.9,25.9,26.1,23.7,19.6,14.8,12.0,76,58,37,49,30,9,1,4,28,72,96,109,11.0,11.4,12.5,12.4,13.0,13.9,15.5,14.8,13.4,11.8,10.7,9.8
La Seu D-Urgell,Spain,42.36,1.46,,,3.8,5.7,8.8,10.8,14.8,19.6,22.7,22.1,18.2,13.4,7.8,4.3,36,20,30,56,72,64,47,65,75,65,59,45,13.7,15.4,16.3,15.0,15.1,16.3,17.6,17.3,16.2,14.5,13.7,13.0
Las Palmas de Gran Canaria,Spain,28.12,-15.43,,,17.9,18.1,19.0,19.4,20.5,22.2,23.9,24.6,24.3,23.1,21.1,19.2,25,24,12,6,1,0,0,0,9,16,22,31,5.8,6.2,6.6,6.4,6.3,6.1,6.1,5.9,5.8,6.1,6.1,6.0
Leon,Spain,42.6,-5.57,,,3.2,4.8,7.5,9.1,12.6,17.1,19.8,19.6,16.5,11.7,7.0,4.2,50,34,32,45,56,31,19,23,39,61,59,66,7.8,9.5,11.3,11.5,12.0,13.8,15.2,14.6,12.8,10.0,8.4,7.6
Llanes,Spain,43.42,-4.75,,,10.1,10.4,11.8,12.6,14.8,17.5,19.2,19.6,18.1,15.8,12.5,10.8,130,111,119,133,102,69,64,73,83,124,146,136,6.4,6.5,6.7,6.4,6.0,5.6,5.6,5.7,6.2,6.1,5.8,5.9
Lleida,Spain,41.62,0.62,,,5.5,7.5,11.2,13.6,17.8,22.3,25.1,24.8,20.8,15.8,9.7,5.7,24,16,21,39,42,29,12,20,41,43,30,24,9.3,12.2,14.1,14.0,14.4,15.2,15.7,15.0,14.0,12.4,10.5,8.4
Lloret de Mar,Spain,41.7,2.85,,,10.4,10.9,12.8,14.4,17.4,20.9,23.6,23.6,21.1,17.9,13.7,11.1,51,43,52,52,56,39,22,41,79,83,63,47,7.7,8.0,8.0,8.0,7.8,7.8,8.0,7.9,7.9,7.5,7.4,7.4
Logrono,Spain,42.47,-2.45,,,5.8,7.1,10.2,12.0,15.8,20.1,22.9,22.8,19.4,14.7,9.4,6.5,28,23,26,46,47,44,30,21,26,37,40,38,8.3,10.0,11.8,12.0,12.7,14.1,15.0,14.6,13.3,11.3,8.9,7.7
Lugo,Spain,43.01,-7.56,,,6.1,6.8,8.9,10.1,12.8,16.0,18.1,18.4,16.4,12.8,8.9,6.8,108,92,84,100,87,51,34,36,67,134,136,140,8.9,10.5,11.9,11.5,11.8,12.2,12.5,13.3,13.3,10.8,9.0,8.3
Madrid,Spain,40.411,-3.678,,,6.2,7.8,11.2,12.9,16.8,22.1,25.6,25.1,20.9,15.0,9.8,6.8,33,34,25,45,50,21,12,10,22,60,58,51,7.1,8.3,10.1,10.5,10.9,12.1,13.1,12.5,11.0,8.7,7.3,6.4
Malaga,Spain,36.67,-4.48,,,12.1,12.9,14.7,16.2,19.2,23.1,25.5,26.0,23.5,19.6,15.7,13.2,69,60,52,44,20,6,0,6,20,57,100,100,9.4,9.5,9.8,10.3,10.1,10.1,10.0,9.7,9.4,9.1,8.8,8.6
Manresa,Spain,41.73,1.82,,,6.5,7.8,10.8,12.9,16.8,21.1,24.1,24.0,20.2,15.9,10.3,7.0,31,26,30,46,57,50,27,58,60,69,50,36,10.4,11.7,12.8,12.9,12.8,13.2,13.4,12.7,11.9,11.0,10.1,9.8
Mao-Mahon,Spain,39.89,4.26,,,10.8,10.8,12.2,14.3,17.8,21.8,24.9,25.4,22.6,19.4,14.8,12.1,52,54,38,45,37,14,3,20,61,77,87,61,6.6,6.8,7.3,7.4,7.7,8.0,8.1,7.7,7.4,6.6,6.4,6.2
Marbella,Spain,36.509,-4.884,,,12.9,13.4,15.0,16.4,18.6,21.5,23.6,24.0,22.2,19.4,16.2,14.0,89,76,57,51,25,6,1,6,30,65,109,132,7.0,6.9,6.8,6.9,7.1,6.6,6.6,6.7,6.6,6.4,6.6,6.6
Melilla,Spain,35.29,-2.94,,,13.3,13.8,15.2,16.6,19.1,22.4,25.3,25.9,23.8,20.4,17.0,14.5,58,57,44,36,20,7,1,4,16,40,57,50,6.8,6.3,6.6,6.9,6.8,6.8,7.2,7.0,6.6,6.5,6.6,6.6
Merida,Spain,38.917,-6.344,,,8.9,10.5,13.5,15.2,18.9,23.6,26.3,26.2,23.2,18.3,12.9,9.9,51,41,33,49,43,15,4,6,25,61,69,69,10.2,11.3,13.3,12.9,14.0,15.9,17.0,16.9,14.7,12.2,10.7,9.2
Motril,Spain,36.746,-3.521,,,13.3,14.1,15.8,17.2,19.4,22.7,25.2,25.6,23.2,20.0,16.6,14.5,49,40,29,31,20,6,1,2,21,46,64,70,8.6,8.4,8.5,8.6,8.6,8.6,8.6,8.9,8.3,8.4,8.2,8.3
Murcia,Spain,37.98,-1.13,,,10.8,12.1,14.5,16.6,20.0,24.4,27.2,27.6,24.4,19.9,14.9,11.7,24,26,28,26,26,18,3,9,29,36,32,26,11.7,12.1,13.0,13.2,13.0,13.3,13.5,12.9,12.2,11.5,11.0,11.2
Ourense,Spain,42.34,-7.86,,,8.0,9.2,11.8,13.2,16.1,20.1,22.5,22.6,20.0,15.6,11.1,8.4,86,66,59,72,64,36,20,22,57,111,105,112,9.4,11.9,13.7,13.1,13.5,14.7,15.4,16.1,15.3,12.0,9.5,8.7
Oviedo,Spain,43.36,-5.84,,,8.3,8.7,10.5,11.2,13.8,16.6,18.6,19.1,17.6,14.6,10.9,8.8,84,81,78,100,82,57,45,56,66,98,115,98,7.4,8.0,8.8,8.9,8.7,8.5,8.3,8.5,9.0,8.3,7.4,7.1
Palencia,Spain,42.01,-4.53,,,2.8,4.2,7.2,8.7,12.3,17.0,19.9,19.6,16.4,11.5,6.5,3.5,26,20,18,41,47,31,13,16,30,44,38,43,7.5,9.7,11.6,11.7,12.4,14.6,16.1,15.3,13.8,10.8,8.6,7.1
Palma de Mallorca,Spain,39.55,2.73,,,9.5,9.7,11.3,13.6,17.5,21.8,24.8,25.1,22.2,18.5,13.7,10.8,37,32,26,34,32,12,5,17,50,62,55,48,11.4,11.4,12.3,12.5,12.4,12.7,12.9,12.4,11.4,10.8,10.7,10.7
Pamplona/Iruna,Spain,42.81,-1.65,,,5.5,6.4,9.3,11.1,14.9,18.8,21.5,21.6,18.4,14.3,9.2,6.2,60,50,52,75,60,46,33,38,44,68,75,72,7.9,9.5,11.0,11.2,12.4,13.4,14.3,13.9,12.7,10.6,8.3,7.7
Plasencia,Spain,40.029,-6.093,,,7.9,9.4,12.6,14.0,17.9,23.1,26.4,26.1,22.4,16.8,11.6,8.6,80,61,47,59,64,22,6,6,38,97,101,103,7.9,8.8,10.5,10.6,11.5,13.1,14.2,13.8,12.1,9.5,8.1,7.2
Ponferrada,Spain,42.547,-6.597,,,4.9,6.9,9.9,11.7,14.9,19.4,21.8,21.4,18.2,13.4,8.4,5.4,67,54,46,50,54,32,23,25,49,81,82,89,7.6,10.1,11.9,11.9,12.5,14.1,15.2,15.2,13.4,10.2,8.1,6.8
Pontevedra,Spain,42.43,-8.65,,,9.5,10.2,12.2,13.1,15.4,18.6,20.3,20.5,18.8,15.6,12.1,10.2,175,142,124,142,122,64,42,54,94,212,219,230,6.8,7.7,9.0,9.2,9.4,10.4,10.8,10.8,10.0,8.0,6.9,6.3
Puerto de la Cruz,Spain,28.41,-16.55,,,18.2,18.3,18.8,19.0,19.9,21.4,22.8,23.4,23.0,22.0,20.5,19.1,35,28,32,19,7,3,1,1,5,26,43,36,5.9,6.0,5.9,5.8,5.7,5.5,5.3,5.3,5.6,5.7,5.7,5.8
Puerto del Rosario,Spain,28.497,-13.859,,,17.6,17.9,18.9,19.4,20.6,22.5,24.1,24.6,24.4,23.0,20.9,18.9,14,16,12,5,1,0,0,0,2,8,13,26,5.9,6.2,6.7,6.9,7.0,6.7,6.5,6.3,6.3,6.3,6.3,6.1
Reinosa,Spain,43.0,-4.14,,,3.5,4.1,6.2,7.4,10.5,13.6,15.6,15.8,13.7,10.5,6.4,4.2,91,75,65,93,87,49,34,35,54,88,110,106,9.1,10.1,11.3,11.2,11.6,12.5,13.2,13.4,13.3,11.0,9.4,8.7
Reus,Spain,41.154,1.11,,,8.3,9.1,11.2,13.2,16.6,20.9,23.9,24.1,21.0,17.0,12.0,9.1,29,28,29,37,54,25,15,42,75,72,53,36,11.5,11.6,11.7,11.6,11.2,11.1,11.0,10.5,10.6,10.6,11.0,11.0
Roquetas de Mar,Spain,36.76,-2.62,,,12.8,13.7,15.9,17.6,20.7,24.8,28.0,28.2,25.1,21.0,16.6,13.8,25,29,21,17,14,4,1,0,14,22,31,38,9.4,9.6,10.1,10.4,10.6,11.0,11.2,10.5,10.2,9.4,9.2,8.8
Salamanca,Spain,40.97,-5.67,,,5.1,6.7,9.4,11.1,14.7,19.7,22.8,22.4,18.9,13.8,8.8,6.0,31,26,22,41,49,27,10,10,34,50,42,43,9.4,11.5,13.1,12.5,13.3,15.4,16.9,16.9,15.1,12.3,10.3,8.9
Salou,Spain,41.08,1.13,,,10.5,11.2,13.2,14.9,18.0,21.6,24.4,24.6,21.9,18.2,13.9,11.2,30,25,27,36,48,27,17,40,68,72,50,38,8.8,9.4,9.6,9.6,9.0,8.5,8.1,7.9,8.2,8.3,8.4,8.4
San Sebastian de la Gomera,Spain,28.09,-17.109,,,17.6,17.7,18.4,18.5,19.4,20.9,22.7,23.3,22.9,21.8,20.1,18.4,27,28,22,7,2,0,0,0,4,21,40,55,6.1,6.4,6.7,6.6,6.7,6.7,7.0,7.0,6.7,6.4,6.1,5.9
Santa Cruz De Tenerife,Spain,28.47,-16.25,,,18.2,18.2,19.0,19.6,21.0,22.9,24.9,25.4,24.9,23.3,21.2,19.4,32,35,38,12,4,1,0,2,7,19,34,43,5.6,5.9,6.2,6.2,6.3,6.7,7.5,7.1,6.4,6.0,5.7,5.5
Santa Cruz de La Palma,Spain,28.682,-17.763,,,18.1,18.0,18.4,18.9,20.0,21.6,23.1,23.9,24.0,22.9,20.9,19.2,48,57,33,19,7,2,1,1,12,41,70,80,5.1,5.3,5.5,5.4,5.2,4.9,4.8,4.9,5.3,5.3,5.2,5.1
Santander,Spain,43.46,-3.8,,,9.7,9.8,11.3,12.5,15.1,17.8,19.8,20.3,18.6,16.1,12.5,10.4,106,92,88,102,78,58,52,73,83,120,157,118,7.8,8.1,8.6,8.3,8.0,7.7,7.6,7.8,8.4,8.5,7.6,7.5
Santiago de Compostela,Spain,42.88,-8.544,,,7.6,8.3,10.2,11.2,13.6,16.8,18.6,19.0,17.4,13.8,10.3,8.4,210,167,146,146,135,72,43,57,107,226,217,261,7.2,8.4,9.5,9.9,10.1,10.9,11.2,11.4,10.9,8.6,7.5,6.9
Segovia,Spain,40.95,-4.13,,,4.3,5.6,8.4,9.8,13.6,18.8,22.1,21.9,18.1,13.0,7.9,5.2,38,34,30,48,62,39,16,20,26,54,50,47,8.0,9.2,10.8,10.9,11.6,13.8,15.2,14.9,13.0,10.4,8.6,7.7
Sevilla,Spain,37.42,-5.9,,,10.9,12.7,15.7,17.4,20.8,25.3,28.3,28.1,25.1,20.4,15.2,12.1,66,50,36,54,30,10,2,5,27,68,91,99,10.1,10.9,12.4,12.1,12.8,13.8,15.4,14.8,13.2,11.3,9.9,9.0
Siguenza,Spain,41.07,-2.64,,,3.0,4.0,6.8,8.5,12.2,17.0,20.1,19.8,15.9,11.1,6.4,3.8,37,31,31,63,64,42,19,17,37,63,55,54,10.7,12.3,14.1,13.2,14.3,16.2,18.1,17.7,15.8,13.1,10.9,10.0
Sitges,Spain,41.237,1.806,,,9.6,10.2,12.1,13.9,16.9,20.4,23.0,23.1,20.6,17.1,12.9,10.3,40,30,32,44,46,25,15,54,78,80,55,41,8.4,8.8,9.0,9.0,8.8,8.8,8.8,8.5,8.4,8.3,8.2,8.1
Soria,Spain,41.76,-2.47,,,3.2,4.3,7.1,8.7,12.4,17.2,20.6,20.2,16.5,11.6,6.7,4.0,37,36,30,55,67,40,30,30,33,55,50,50,9.0,10.6,12.2,11.8,12.5,14.7,16.3,16.1,14.3,11.6,9.6,8.8
Talavera de la Reina,Spain,39.96,-4.834,,,6.3,8.1,11.4,13.2,17.1,22.6,25.9,25.4,21.6,15.8,10.4,7.2,47,42,26,52,43,18,4,7,23,70,64,72,10.3,11.4,13.4,13.5,14.3,16.1,17.6,17.2,15.4,12.4,10.7,9.6
Tarancon,Spain,40.01,-3.01,,,4.7,6.3,9.6,11.5,15.6,21.3,24.8,24.2,19.9,14.2,8.7,5.5,33,32,27,54,50,31,8,12,27,53,44,48,9.7,11.3,13.2,12.8,13.5,15.4,17.0,16.3,14.6,11.7,9.8,8.9
Tarifa,Spain,36.02,-5.61,,,12.1,12.5,13.7,14.6,16.7,19.4,21.3,21.8,20.6,18.1,15.2,13.2,82,80,52,58,26,6,2,4,20,75,84,127,5.9,5.4,5.4,5.6,5.6,5.2,5.4,5.4,5.0,4.9,5.3,5.3
Tarragona,Spain,41.12,1.26,,,10.5,11.2,13.2,14.9,18.0,21.6,24.4,24.6,21.9,18.2,13.9,11.2,30,25,27,36,48,27,17,40,68,72,50,38,8.8,9.4,9.6,9.6,9.0,8.5,8.1,7.9,8.2,8.3,8.4,8.4
Teruel,Spain,40.34,-1.11,,,3.6,5.1,8.0,10.0,13.9,18.8,22.2,21.8,17.7,12.7,7.3,4.3,17,16,19,38,55,43,24,35,33,43,25,19,12.1,13.4,14.8,14.3,14.9,16.6,18.3,17.4,15.6,13.6,12.3,11.3
Toledo,Spain,39.86,-4.02,,,6.5,8.2,11.6,13.4,17.6,23.2,26.7,26.3,21.9,16.1,10.6,7.1,25,25,23,41,44,23,7,9,18,47,38,43,10.3,11.5,13.1,12.7,13.2,14.7,15.8,15.4,14.1,12.1,10.5,9.2
Torremolinos,Spain,36.62,-4.5,,,13.8,14.5,15.9,17.1,19.4,22.6,24.7,25.0,22.8,19.6,16.6,14.5,91,82,69,59,28,8,1,6,28,79,131,134,8.2,8.3,8.8,9.0,9.0,9.1,9.0,8.7,8.3,7.9,7.8,7.7
Trujillo,Spain,39.46,-5.88,,,7.3,8.8,11.7,13.1,16.9,22.1,25.4,25.1,21.5,16.2,11.1,8.2,58,47,35,56,50,21,5,8,31,73,78,80,8.6,9.4,11.0,11.4,12.6,14.3,15.6,15.0,13.0,10.2,8.8,8.0
Tudela,Spain,42.06,-1.6,,,5.9,7.2,10.6,12.6,16.8,21.1,23.9,23.6,19.9,15.2,9.7,6.4,15,14,14,33,35,20,12,15,27,26,21,20,8.2,9.9,11.3,11.1,11.5,12.7,13.5,13.1,11.9,10.3,8.6,7.8
Valdepenas,Spain,38.76,-3.38,,,5.6,7.5,10.6,12.4,16.8,22.6,26.2,25.8,21.2,15.4,9.8,6.6,34,32,26,49,42,26,3,8,25,51,44,50,10.2,11.6,13.4,12.9,13.8,15.6,17.5,16.9,14.6,12.1,10.7,9.6
Valencia,Spain,39.5,-0.47,,,11.8,12.5,14.4,16.1,19.0,22.9,25.6,26.0,23.5,19.8,15.3,12.6,37,36,33,38,39,22,8,20,70,77,47,48,9.3,9.3,9.7,9.3,8.8,8.5,8.2,8.3,8.8,9.1,9.0,8.9
Valladolid,Spain,41.72,-4.85,,,4.2,5.9,9.0,10.8,14.4,19.3,22.4,22.1,18.5,13.2,8.0,5.0,40,27,22,46,49,29,13,16,31,55,52,53,8.0,10.5,12.4,12.3,13.2,15.4,16.7,16.0,14.3,11.3,8.9,7.3
Valverde,Spain,27.806,-17.913,,,18.9,18.7,19.1,19.5,20.4,21.8,22.9,23.9,24.2,23.4,21.7,20.1,28,38,25,13,2,1,0,1,3,14,37,44,4.1,4.2,4.4,4.3,4.4,4.4,4.2,4.4,4.5,4.4,4.0,4.1
Vigo,Spain,42.239,-8.726,,,8.6,9.6,11.5,12.4,14.6,17.9,19.6,19.9,18.3,15.0,11.5,9.3,208,162,141,157,127,62,44,45,102,231,250,262,6.4,7.5,8.4,8.4,8.4,9.3,9.6,9.7,9.0,7.6,6.6,6.1
Vinaros,Spain,40.47,0.47,,,10.1,10.6,12.8,14.6,17.9,21.8,24.6,25.0,22.0,18.2,13.6,10.8,40,35,29,48,52,27,16,29,55,85,61,39,11.3,11.8,12.1,12.0,11.9,11.9,11.9,11.7,11.7,11.5,11.3,11.0
Vitoria-Gasteiz,Spain,42.85,-2.67,,,5.0,5.8,8.3,9.8,13.4,16.8,19.1,19.4,16.8,13.1,8.3,5.6,75,63,63,73,70,43,38,39,41,70,91,81,7.7,9.4,11.4,11.5,12.4,13.1,13.7,13.7,13.3,11.0,8.7,7.6
Xativa,Spain,38.99,-0.52,,,10.0,11.1,13.6,15.8,19.1,23.7,26.8,27.0,23.6,19.0,13.9,10.9,58,36,40,40,43,26,10,15,81,83,53,56,12.6,13.3,14.8,15.0,15.1,15.6,15.6,14.8,13.9,13.0,12.2,11.8
Zamora,Spain,41.5,-5.75,,,4.7,6.5,9.6,11.3,15.1,20.0,22.9,22.5,18.9,13.8,8.5,5.6,32,25,22,39,43,23,12,13,28,50,45,46,7.6,10.3,12.2,12.1,12.8,14.8,15.9,15.4,13.9,11.1,8.8,7.5
Zaragoza,Spain,41.67,-1.02,,,6.7,8.2,11.6,13.9,18.1,22.7,25.5,25.1,21.3,16.3,10.6,7.0,21,22,19,39,44,26,17,17,30,36,30,21,7.9,9.9,11.6,11.9,12.5,13.8,14.4,13.7,12.2,10.6,8.6,7.6
Anuradhapura,Sri Lanka,8.3,80.4,,,25.2,26.5,28.3,29.2,28.9,28.8,28.8,28.8,28.6,27.6,26.4,25.5,79,55,69,152,84,9,27,40,74,254,230,211,8.7,10.4,10.9,10.2,8.1,7.8,8.5,8.8,9.0,8.7,7.8,7.2
Batticaloa,Sri Lanka,7.7,81.7,,,25.5,26.1,27.1,28.5,29.4,29.8,29.4,29.1,28.5,27.6,26.6,25.8,210,128,89,55,39,24,41,48,67,180,350,418,4.6,5.0,5.7,6.3,7.3,8.4,8.1,8.0,7.4,6.6,5.5,4.6
Colombo,Sri Lanka,6.9,79.87,,,26.6,26.9,27.7,28.2,28.3,27.9,27.6,27.6,27.5,27.0,26.6,26.6,58,73,128,246,392,185,122,120,245,365,414,175,8.6,8.6,8.0,7.2,5.6,4.9,4.8,4.9,5.4,6.0,6.9,7.5
Galle,Sri Lanka,6.03,80.22,,,25.9,26.0,26.9,27.7,28.1,27.5,26.9,26.6,26.5,26.3,26.1,26.1,85,70,111,207,290,188,163,186,256,323,321,177,6.2,6.0,6.0,5.8,5.1,4.6,4.2,3.9,3.7,4.4,5.2,6.0
Jaffna,Sri Lanka,9.67,80.0,,,25.8,26.2,27.6,29.5,30.1,29.8,29.4,29.1,28.9,27.8,26.6,26.0,70,37,19,43,46,23,40,48,75,250,356,294,5.5,7.3,8.4,7.8,6.4,5.8,6.4,6.5,6.4,6.1,5.4,4.7
Kandy,Sri Lanka,7.28,80.62,,,23.4,24.2,25.5,26.1,25.6,24.8,24.5,24.4,24.2,24.4,24.2,23.6,79,74,72,188,144,132,128,113,155,264,296,196,9.9,11.4,11.7,10.0,8.3,6.8,6.7,7.2,8.1,8.4,8.4,8.3
Mannar,Sri Lanka,8.98,79.92,,,26.2,26.9,28.1,29.2,29.6,29.2,28.6,28.4,28.5,27.9,27.1,26.4,39,62,44,81,45,5,12,12,41,166,235,221,5.3,6.8,7.5,6.9,5.0,3.8,4.2,4.3,4.6,5.4,5.0,4.5
Nuwara Eliya,Sri Lanka,6.97,80.77,,,14.7,15.3,16.4,17.1,17.1,16.0,15.7,15.7,15.8,15.8,15.6,15.2,101,78,72,158,176,172,165,161,179,227,222,196,10.6,11.6,12.3,11.4,8.6,5.7,5.7,6.0,6.9,8.0,8.2,8.4
Ratnapura,Sri Lanka,6.68,80.38,,,27.2,27.8,28.3,28.4,27.9,27.4,27.1,27.0,27.0,27.1,27.1,27.1,111,137,212,339,476,412,293,304,421,437,371,235,11.0,12.0,11.4,10.1,8.1,7.3,7.2,7.3,7.8,8.4,9.1,9.5
Trincomalee,Sri Lanka,8.58,81.25,,,26.1,26.8,27.9,29.4,30.4,30.6,30.1,29.9,29.6,28.2,26.7,26.1,116,105,56,49,50,25,64,86,100,222,343,364,3.5,4.6,5.8,7.1,8.1,8.3,8.7,8.7,8.8,7.2,5.0,3.8
Dongola,Sudan,19.17,30.48,,,23.1,24.7,28.4,32.2,34.6,34.5,32.4,31.6,32.5,32.6,28.1,24.4,0,0,0,0,4,4,30,48,27,8,1,0,15.1,15.8,16.2,16.3,14.6,13.7,12.3,12.0,12.4,13.4,14.2,14.7
Elobeid,Sudan,13.17,30.23,,,21.4,23.6,27.2,30.5,31.9,31.0,28.5,27.8,28.8,29.6,25.8,22.3,0,0,0,2,13,21,101,115,58,18,0,0,16.6,16.8,16.8,16.5,14.9,13.5,11.4,11.0,12.8,14.4,15.6,16.2
Kassala,Sudan,15.47,36.4,,,25.1,26.4,29.2,32.4,33.8,32.9,30.2,29.5,30.6,31.7,29.5,26.4,0,0,0,2,0,25,75,81,44,10,0,0,16.7,17.7,18.0,17.3,15.2,13.8,12.2,11.5,12.6,14.0,15.2,16.1
Khartoum,Sudan,15.6,32.55,,,23.1,24.7,28.4,32.2,34.6,34.5,32.4,31.6,32.5,32.6,28.1,24.4,0,0,0,0,4,4,30,48,27,8,1,0,15.1,15.8,16.2,16.3,14.6,13.7,12.3,12.0,12.4,13.4,14.2,14.7
Nyala,Sudan,12.07,24.88,,,23.0,25.0,28.5,30.9,31.5,30.6,28.0,27.6,28.3,29.1,26.9,23.8,0,0,1,1,20,45,110,105,64,20,0,0,15.0,15.2,15.2,15.7,14.4,12.7,10.5,10.3,11.9,13.2,13.6,14.3
Port Sudan,Sudan,19.58,37.22,,,23.0,22.8,24.0,26.8,29.8,32.4,34.6,34.7,32.5,29.5,27.3,24.7,6,0,1,9,1,0,3,1,0,26,26,12,7.2,8.2,9.0,10.1,11.2,12.1,12.2,11.4,10.8,8.5,7.2,7.2
Kwamalasemoetoe,Suriname,2.356,-56.794,,,25.9,26.1,25.8,26.1,26.2,26.5,26.5,26.4,26.6,27.1,27.1,26.8,111,228,248,324,441,323,238,151,95,49,47,98,16.0,14.1,14.2,14.2,14.2,15.2,15.2,15.9,16.5,17.3,17.0,16.3
Nieuw Nickerie,Suriname,5.941,-56.992,,,26.1,25.9,26.1,26.6,26.9,26.9,26.9,27.2,27.7,27.8,27.7,27.2,104,118,102,134,259,192,233,167,50,62,64,142,8.6,7.6,8.2,8.9,8.5,9.1,9.7,9.9,10.6,11.1,10.4,9.2
Paramaribo,Suriname,5.852,-55.207,,,26.7,26.5,27.0,27.6,27.8,27.9,28.0,28.4,28.8,29.0,28.4,27.9,160,168,152,206,328,274,225,150,95,76,134,179,10.2,9.7,10.3,10.0,10.2,10.7,11.0,11.4,11.8,12.2,11.7,10.9
Sipaliwini,Suriname,2.033,-56.117,,,25.0,25.0,25.5,26.0,26.4,25.6,25.9,25.9,26.2,26.1,26.4,26.3,148,238,276,296,444,307,202,168,63,59,69,133,14.5,14.3,13.5,13.0,12.1,13.0,14.1,15.6,17.1,18.3,17.9,16.8
Stoelmanseiland,Suriname,4.354,-54.401,,,26.4,26.0,26.1,27.2,27.2,26.8,27.1,26.8,27.1,27.9,27.8,26.9,194,193,213,269,267,271,232,142,56,65,88,196,12.2,12.7,13.7,12.1,12.3,11.5,12.4,13.2,14.7,14.1,13.4,12.3
Borlange,Sweden,60.429,15.501,,,-4.0,-3.5,0.0,4.9,10.2,14.2,16.7,15.3,10.9,5.4,0.8,-2.6,38,30,31,36,55,73,84,82,50,62,48,43,5.9,6.6,8.2,10.4,11.3,10.8,10.8,10.3,8.9,6.6,5.0,5.7
Gothenburg,Sweden,57.67,12.3,,,0.8,0.8,3.2,7.8,12.4,15.9,18.4,17.9,14.1,9.2,5.0,2.1,83,61,54,51,54,74,81,93,80,103,85,93,4.5,4.8,6.5,8.5,8.9,8.1,8.0,7.7,7.1,5.7,4.3,4.3
Kiruna,Sweden,67.83,20.43,,,-11.6,-11.6,-7.7,-2.1,4.1,10.0,13.3,11.1,6.1,-0.9,-7.0,-9.7,32,26,22,26,45,67,104,69,52,43,37,37,8.8,9.0,9.5,8.6,8.4,9.0,9.2,8.8,7.6,6.1,7.2,8.4
Lulea,Sweden,65.544,22.111,,,-8.7,-9.1,-4.4,1.0,7.2,13.1,16.4,14.6,9.6,2.8,-2.8,-6.3,50,35,31,31,41,62,68,66,60,55,53,49,8.2,8.6,8.8,8.1,9.1,8.5,8.0,7.5,7.1,6.0,6.1,7.2
Malmo,Sweden,55.9,13.0,,,1.1,1.3,3.4,7.9,12.4,15.8,18.2,18.0,14.3,9.6,5.5,2.5,56,42,41,34,41,64,62,73,56,64,60,66,4.2,4.4,6.3,8.8,9.5,8.9,9.0,8.6,7.4,5.8,4.2,4.0
Norrkoping,Sweden,58.58,16.15,,,-1.2,-1.1,1.7,6.4,11.2,15.4,17.9,17.1,12.8,7.4,3.2,0.1,33,30,27,30,41,60,65,61,49,51,46,42,5.1,5.9,7.6,10.2,11.1,10.5,10.2,9.8,8.5,6.5,4.6,4.8
Ostersund,Sweden,63.196,14.5,,,-5.5,-5.5,-2.2,2.6,7.8,12.1,14.9,13.8,9.4,3.8,-1.0,-4.1,29,18,22,24,39,64,80,73,46,42,33,33,6.1,6.3,6.9,7.9,8.9,8.8,8.5,7.5,6.3,4.8,4.3,5.4
Stockholm,Sweden,59.33,18.05,,,-0.9,-1.0,1.8,6.6,11.8,16.2,19.2,18.1,13.4,7.8,3.7,0.7,37,29,27,29,34,62,62,66,53,51,48,48,3.9,4.4,5.8,8.1,9.4,9.2,8.8,7.9,6.4,4.6,3.5,3.7
Sundsvall,Sweden,62.38,17.32,,,-6.0,-5.8,-1.6,3.1,8.4,13.2,16.4,15.1,10.5,4.4,-0.7,-4.3,44,28,28,31,38,48,64,71,53,61,54,50,7.9,9.1,9.3,9.9,10.8,10.5,9.9,9.5,9.0,7.4,5.8,6.9
Umea,Sweden,63.811,20.24,,,-6.5,-6.8,-3.0,2.1,7.5,12.6,15.8,14.4,9.8,3.6,-1.0,-4.4,52,42,37,34,44,52,69,77,60,71,70,64,7.8,8.5,9.0,9.2,10.8,10.6,10.2,9.8,9.3,7.2,6.1,7.1
Geneva,Switzerland,46.25,6.13,,,0.9,2.5,5.3,9.0,13.2,16.8,19.3,18.7,15.6,10.8,5.2,2.0,69,70,68,56,66,77,58,68,70,66,79,75,5.6,6.8,9.0,9.8,10.4,10.9,12.0,11.4,10.5,8.3,6.3,5.0
Lugano,Switzerland,46.0,8.97,,,3.1,4.5,7.8,11.2,14.9,18.5,21.2,20.4,17.4,12.8,7.5,4.0,76,71,106,152,194,171,133,166,153,140,120,63,6.0,6.5,7.7,7.9,7.9,8.7,9.1,8.7,8.1,7.4,6.2,6.1
Zurich,Switzerland,47.38,8.57,,,-0.4,1.2,4.5,8.2,12.5,15.7,17.9,17.2,14.4,9.8,4.2,0.6,67,70,69,87,103,124,117,133,92,69,82,73,4.8,6.1,7.7,8.9,9.6,9.7,10.2,9.6,8.8,7.1,5.5,4.6
Aleppo,Syrian Arab Republic,36.18,37.2,,1946-2004,6.0,7.5,10.9,15.8,21.1,25.9,28.6,28.5,25.2,19.7,11.6,7.6,60,52,46,34,18,2,0,0,2,19,35,60,8.6,10.2,11.9,13.7,15.2,15.5,15.3,15.2,15.9,14.6,10.4,8.6
Damascus,Syrian Arab Republic,33.513,36.292,,1956-2004,6.5,8.1,11.3,15.8,20.1,24.2,26.7,26.4,23.2,18.4,12.2,7.8,28,23,17,8,3,0,0,0,0,7,21,26,12.2,13.5,15.2,17.5,19.2,20.0,19.6,19.7,20.4,19.1,16.3,12.9
Dara'a,Syrian Arab Republic,32.62,36.1,,1972-2004,8.2,9.3,12.0,16.5,20.5,23.6,25.5,25.6,23.9,20.3,14.4,9.9,61,49,42,15,3,1,0,0,0,9,23,46,10.1,10.7,12.0,14.3,16.0,15.5,14.3,14.0,14.8,15.0,13.2,10.6
Deir Ezzor,Syrian Arab Republic,35.32,40.15,,1952-2004,7.4,9.4,13.2,18.9,24.5,29.8,32.8,32.3,28.0,21.8,19.0,8.6,28,25,27,20,8,0,0,0,0,6,15,25,10.2,11.5,12.8,13.8,14.7,14.9,14.9,15.0,15.5,15.4,3.4,10.8
Homs,Syrian Arab Republic,34.73,36.7,,1952-2004,6.9,8.2,11.1,15.4,20.0,24.0,26.0,26.4,24.4,19.8,13.1,8.2,95,76,56,33,13,3,0,0,2,21,48,81,8.3,9.7,11.0,12.4,14.0,13.7,12.5,12.7,13.8,14.2,12.1,8.7
Lattakia,Syrian Arab Republic,35.53,35.77,,1966-2004,12.0,12.7,14.6,17.8,20.6,23.9,26.4,27.1,25.6,22.6,17.9,13.7,163,100,91,44,21,4,1,4,8,67,95,161,7.2,7.3,7.5,7.5,7.1,5.9,4.9,5.2,6.9,8.4,8.4,7.3
Palmyra,Syrian Arab Republic,34.55,38.3,,1946-2004,7.3,9.2,13.1,18.4,23.3,27.6,29.8,29.8,26.8,21.3,13.8,8.5,21,18,21,18,8,0,0,0,0,9,16,20,9.6,10.9,12.5,13.7,14.8,15.6,16.6,16.3,15.3,14.0,12.2,10.0
Qamishli,Syrian Arab Republic,37.05,41.22,,1952-2004,6.8,8.1,11.5,16.2,22.1,28.1,31.9,31.4,27.4,21.6,14.1,8.6,78,72,68,59,29,2,0,0,1,18,38,67,8.2,9.1,10.4,11.8,14.3,16.1,16.8,16.8,15.9,13.3,10.5,8.3
Dushanbe,Tajikistan,38.55,68.78,,,2.8,4.2,9.8,15.8,19.9,24.9,27.0,25.2,20.6,15.1,9.9,5.5,72,85,138,115,79,11,2,1,3,30,48,69,10.5,10.1,10.7,12.1,13.9,16.2,17.4,18.4,18.6,16.1,13.2,10.3
Khorog,Tajikistan,37.48,71.55,,,-6.2,-4.2,2.5,10.4,15.0,19.4,22.6,22.8,18.0,11.1,4.2,-2.1,34,36,46,42,30,8,4,1,1,6,8,12,10.0,9.5,8.5,10.5,12.8,14.5,14.9,15.3,16.2,14.1,10.6,8.8
Khujand,Tajikistan,40.28,69.62,,,0.1,2.2,9.0,16.3,22.1,26.9,28.4,25.6,21.2,14.4,7.9,2.5,15,15,25,27,20,9,4,1,3,15,16,17,6.9,8.0,9.6,11.2,13.1,14.6,14.3,13.6,15.2,12.5,8.9,6.1
Kurgan-Tube,Tajikistan,37.82,68.78,,,4.6,5.7,11.6,17.9,22.9,27.3,28.3,26.2,21.5,15.0,10.8,5.7,43,46,64,44,24,4,0,0,1,9,22,34,12.4,10.3,11.1,12.7,15.0,17.6,17.4,17.7,18.7,13.8,14.3,10.4
Bangkok,Thailand,13.707,100.568,,,25.9,27.4,28.7,29.7,29.2,28.7,28.3,28.1,27.8,27.6,26.9,25.6,9,30,29,65,220,149,155,197,344,242,48,10,11.0,9.4,8.8,8.8,8.4,7.7,7.7,7.6,7.7,7.7,8.5,10.5
Chiang Mai,Thailand,18.78,98.98,,,21.8,23.9,26.9,29.2,28.9,28.2,27.8,27.5,27.3,26.7,24.5,21.8,8,9,19,54,153,117,153,225,200,118,51,18,15.2,16.6,15.9,13.7,10.3,8.7,8.0,7.7,8.4,9.2,10.6,13.0
Chiang Rai,Thailand,19.92,99.83,,,20.2,22.1,25.1,27.6,27.7,27.6,27.1,26.9,26.6,25.4,22.8,19.9,11,12,24,93,209,186,317,368,280,132,56,18,16.0,18.0,17.3,14.6,10.8,8.7,7.8,7.8,8.4,9.4,11.3,13.7
Hua Hin,Thailand,12.58,99.95,,,25.8,27.0,28.3,29.6,29.7,29.5,29.1,29.0,28.5,27.6,26.8,25.6,10,19,44,40,101,78,100,82,121,236,147,11,8.0,8.2,8.2,8.1,7.8,7.6,7.8,7.7,7.5,6.7,6.3,7.2
Kanchanaburi,Thailand,14.02,99.53,,,26.2,28.6,30.8,32.1,30.9,29.8,29.4,29.1,28.9,27.9,26.5,25.1,5,11,30,72,133,84,101,106,223,211,63,6,13.6,14.0,13.7,12.5,10.4,9.0,8.9,8.7,9.0,8.5,9.4,12.0
Khon Kaen,Thailand,16.43,102.83,,,23.9,26.3,29.0,30.6,29.7,29.2,28.7,28.2,27.8,27.1,26.2,23.3,2,15,38,72,172,171,165,207,239,113,15,4,13.8,13.4,12.7,11.6,9.8,8.7,8.4,7.8,8.0,8.9,8.6,13.2
Ko Samui,Thailand,9.53,99.95,,,26.6,27.2,28.1,29.1,29.2,28.9,28.6,28.5,28.2,27.4,26.8,26.5,138,58,78,77,146,113,123,119,117,290,490,209,4.9,4.5,5.1,6.0,6.8,6.7,6.9,6.8,6.8,6.1,5.4,5.2
Mae Hong Son,Thailand,19.299,97.976,,,21.8,23.8,27.1,30.3,29.7,28.4,27.7,27.6,27.8,27.2,24.9,22.2,8,5,17,58,167,181,218,249,207,110,45,15,16.4,19.1,19.0,15.9,12.1,9.3,8.6,8.5,9.6,10.7,11.9,13.7
Nakhon Ratchasima,Thailand,14.97,102.1,,,24.4,27.1,29.3,30.6,29.9,29.6,29.1,28.7,28.0,26.9,25.1,23.4,6,18,37,64,140,108,114,146,222,143,27,3,13.0,13.1,13.0,12.1,10.4,9.6,9.6,9.0,8.5,8.0,9.2,11.5
Pattaya,Thailand,12.9,100.88,,,26.9,27.6,28.6,29.6,29.4,29.1,28.6,28.6,28.1,27.4,26.9,26.0,14,12,52,62,155,105,87,99,217,243,83,6,7.7,6.7,6.4,6.5,5.9,5.1,5.3,5.1,5.9,6.4,7.0,7.7
Phetchabun,Thailand,16.43,101.15,,,24.7,27.1,29.4,30.9,29.9,28.9,28.4,28.0,28.1,27.6,25.7,23.9,6,18,40,66,155,147,154,188,201,88,11,7,15.2,15.1,14.2,12.8,10.4,8.9,8.4,8.0,8.3,9.3,11.6,14.1
Phuket,Thailand,7.88,98.4,,,28.1,28.8,29.3,29.5,28.8,28.6,28.1,28.2,27.7,27.8,27.8,27.8,23,26,59,138,270,237,284,283,386,296,174,62,8.5,9.0,8.9,8.4,7.4,7.1,7.1,6.9,7.0,7.3,7.0,7.5
Songkhla,Thailand,7.2,100.6,,,27.0,27.4,28.0,28.7,29.1,28.8,28.6,28.6,28.1,27.6,26.8,26.6,60,35,47,80,120,93,92,109,130,248,554,418,5.3,6.0,6.8,7.4,7.9,8.0,8.3,8.3,7.9,7.0,5.4,4.8
Sukhothai,Thailand,17.0,99.73,,,26.0,26.2,28.1,31.2,28.8,28.9,28.6,28.5,27.8,28.1,25.4,25.4,8,56,30,45,289,190,101,224,199,378,40,2,12.8,13.1,11.4,12.2,8.9,8.1,8.3,8.5,8.6,8.9,10.5,12.1
Tak,Thailand,16.88,99.15,,,24.3,27.2,30.6,32.2,30.4,29.1,28.6,28.4,28.1,27.1,25.4,23.4,4,8,18,42,164,125,92,129,206,203,61,5,15.6,15.7,13.8,12.3,9.8,7.9,7.5,7.5,8.4,8.7,10.5,13.7
Ubon Ratchathani,Thailand,15.22,104.85,,,24.4,26.6,29.1,30.4,29.6,28.6,28.2,27.8,27.6,26.9,25.4,23.8,1,16,28,85,204,262,250,306,297,117,26,1,14.1,13.9,13.1,11.7,10.0,8.5,8.1,7.7,7.9,8.9,10.7,12.5
Lome,Togo,6.17,1.25,,1961-1990,27.1,28.2,28.5,28.2,27.4,26.2,25.3,25.2,25.8,26.6,27.3,27.1,9,23,53,96,153,252,91,33,65,75,20,8,9.2,8.3,8.0,7.7,7.8,6.8,5.7,5.7,6.6,7.6,8.7,9.1
Port of Spain (Trinidad),Trinidad and Tobago,10.67,-61.5,,,25.5,25.9,26.5,27.5,28.1,27.4,27.1,27.4,27.7,27.4,26.9,26.1,43,40,17,28,68,156,194,244,190,143,210,76,11.0,11.3,11.6,11.0,10.1,8.2,8.3,8.7,9.1,9.6,9.2,10.1
Scarborough (Tobago),Trinidad and Tobago,11.17,-60.73,,,25.9,26.1,26.6,27.4,27.8,27.4,27.0,27.1,27.2,27.1,26.8,26.1,47,48,43,45,64,148,188,163,171,220,207,159,7.3,7.8,7.6,7.2,6.9,6.4,6.4,6.4,6.9,6.8,6.7,6.7
Tunis-Carthage,Tunisia,36.83,10.23,,1961-1990,11.5,12.0,13.2,15.6,19.3,23.2,26.3,26.8,24.4,20.4,15.9,12.5,59,57,47,38,23,10,3,7,32,66,56,67,8.5,9.1,9.8,10.3,11.2,11.7,12.6,11.9,10.7,9.7,9.2,8.5
Ashgabat,Turkmenistan,37.97,58.33,,,2.9,4.7,10.2,17.6,23.1,28.2,30.7,28.6,23.4,16.1,10.6,5.2,22,27,39,44,28,4,3,1,4,14,20,21,9.0,9.8,10.7,13.0,13.8,15.0,15.1,16.1,16.1,14.1,12.0,9.1
Adana,Türkiye,36.98,35.3,,,9.8,10.8,13.5,17.6,21.9,25.5,28.1,28.8,26.4,22.2,16.6,11.8,110,90,66,53,47,22,6,5,15,44,73,121,9.7,10.1,11.2,11.9,12.7,12.3,11.3,11.7,13.4,13.6,11.9,9.9
Ankara,Türkiye,39.95,32.88,,,0.3,1.6,5.6,11.2,15.8,19.5,22.6,22.7,18.6,13.4,7.7,2.7,39,35,37,42,51,34,15,11,17,26,31,46,7.6,8.7,10.9,12.2,12.8,13.8,14.5,14.6,14.5,13.2,10.5,7.2
Antalya,Türkiye,36.88,30.7,,,10.4,10.8,12.8,16.1,20.2,24.9,28.1,28.0,25.0,20.7,15.9,12.1,232,161,97,46,30,10,2,2,12,68,132,263,9.0,9.2,9.9,10.1,10.4,11.1,11.4,11.4,11.8,11.4,10.5,9.1
Diyarbakir,Türkiye,37.92,40.23,,,2.0,3.9,8.3,13.7,18.9,24.9,29.9,29.5,24.5,17.6,10.1,4.4,71,69,64,69,42,8,1,0,3,30,53,70,8.9,10.1,12.0,13.4,15.3,17.0,16.7,17.2,17.4,15.4,12.1,9.5
Edirne,Türkiye,41.68,26.56,,,2.5,4.2,7.5,12.9,17.9,21.9,24.2,24.0,20.1,14.8,9.4,4.5,58,49,49,47,50,46,32,24,34,54,71,71,7.1,8.7,10.3,11.8,12.8,13.7,14.4,14.4,13.9,11.4,8.7,7.0
Erzurum,Türkiye,39.92,41.27,,1927-2000,-8.7,-7.4,-2.8,5.4,10.6,14.5,18.8,19.1,14.6,8.5,1.6,-5.3,23,28,36,52,72,50,28,18,25,46,35,23,9.5,9.8,9.3,10.4,12.0,13.8,14.7,15.4,15.4,12.7,9.9,8.7
Istanbul,Türkiye,40.97,29.08,,,5.8,5.9,7.5,12.1,16.7,21.0,23.4,23.6,20.2,16.1,11.9,8.2,87,71,63,45,33,25,24,24,44,71,85,107,5.8,6.3,7.3,8.8,9.4,10.0,9.9,9.8,9.5,8.1,6.8,5.8
Izmir,Türkiye,38.43,27.17,,,8.9,9.7,11.5,15.8,20.5,25.0,27.5,27.2,23.6,19.1,14.5,10.8,131,99,77,44,32,8,2,2,11,38,92,151,6.6,7.5,8.6,9.8,10.8,11.2,11.0,10.9,10.7,9.5,7.8,6.5
Konya,Türkiye,37.87,32.5,,,0.1,1.6,5.5,10.8,15.3,19.4,22.8,22.6,18.2,12.8,6.8,2.0,35,28,27,33,42,23,7,5,11,28,31,40,8.9,10.3,12.0,13.2,13.7,14.1,14.5,14.8,15.2,14.3,12.3,9.0
Mugla,Türkiye,37.22,28.37,,,5.6,6.4,8.7,12.7,17.7,22.8,26.3,26.3,22.1,16.4,11.0,7.2,241,176,126,65,47,22,7,8,16,64,136,275,8.1,8.9,10.5,11.6,12.8,13.5,13.6,13.8,13.9,12.7,10.6,8.0
Nevsehir,Türkiye,38.62,34.71,,,-0.2,0.9,5.0,10.2,14.4,17.8,20.5,20.5,16.9,12.2,6.8,2.0,42,41,45,53,58,31,8,4,12,30,35,49,7.6,8.0,9.6,10.8,11.9,13.4,15.2,15.3,14.4,11.6,9.5,7.5
Samsun,Türkiye,41.28,36.33,,,7.2,7.2,8.1,11.6,15.5,19.6,22.5,22.9,19.9,16.4,12.9,9.6,70,60,65,58,47,45,33,33,56,79,84,79,6.6,7.0,7.4,7.5,7.0,7.4,7.4,7.5,7.4,7.5,7.5,6.8
Sanliurfa,Türkiye,37.15,38.79,,,5.8,7.1,10.8,16.0,21.7,27.3,31.2,30.9,26.8,20.5,13.5,7.8,88,71,65,51,26,3,0,1,1,24,46,80,7.9,9.1,10.7,12.0,13.6,14.2,14.6,14.6,14.1,12.7,10.3,8.2
Trabzon,Türkiye,41.01,39.72,,,7.6,7.5,8.5,12.0,16.0,20.0,22.8,23.3,20.4,16.8,13.1,9.8,80,67,59,57,52,52,37,47,79,110,98,84,6.1,6.4,6.6,6.8,6.3,6.2,6.0,6.2,6.4,6.4,6.5,6.3
Van,Türkiye,38.5,43.37,,,-3.2,-2.6,1.4,7.5,12.6,17.1,21.2,21.4,17.4,11.3,5.1,-0.4,35,33,46,55,46,18,5,4,13,45,48,38,9.5,9.9,9.4,10.2,11.6,13.2,13.7,13.9,13.7,11.7,9.9,8.9
Zonguldak,Türkiye,41.45,31.79,,,6.2,6.3,7.4,11.3,15.3,19.2,21.4,21.6,18.7,15.4,11.9,8.5,138,98,95,66,52,72,70,85,99,145,142,148,5.8,6.1,6.3,6.8,6.8,7.2,7.1,7.1,7.0,6.5,6.4,5.8
Arua,Uganda,3.017,30.917,,,23.9,24.6,24.2,23.4,22.7,22.0,21.2,21.3,21.9,22.4,22.8,23.1,18,37,91,120,128,146,154,217,173,210,125,30,13.1,13.1,11.9,10.8,10.4,10.2,9.7,10.0,10.7,11.0,11.2,12.1
Entebbe,Uganda,0.05,32.45,,,22.1,22.8,22.6,22.2,21.7,21.5,21.2,21.6,21.9,22.1,21.9,22.1,87,84,184,264,254,116,72,78,79,128,172,121,8.3,9.0,8.2,7.6,7.4,7.4,8.1,8.5,9.1,8.8,8.1,8.7
Gulu,Uganda,2.75,32.333,,,23.9,24.6,24.4,23.5,23.1,22.6,21.9,22.1,22.7,22.9,22.7,22.7,16,29,85,166,176,152,169,238,175,187,109,37,14.8,14.2,12.7,11.3,10.6,10.6,10.1,10.5,11.6,11.5,11.8,12.8
Kabale,Uganda,-1.25,29.983,,,17.2,17.6,17.5,17.6,17.5,16.8,16.6,17.1,17.6,17.5,17.4,17.1,65,81,113,140,98,28,20,54,99,111,117,89,13.5,13.5,13.2,11.8,11.6,13.9,14.8,14.3,14.1,13.2,11.9,12.9
Kampala,Uganda,0.333,32.6,,1993-2013,23.1,23.6,23.4,22.9,22.6,22.4,22.0,22.1,22.5,22.5,22.4,22.7,68,63,132,169,118,69,63,96,108,138,149,92,10.9,11.3,10.6,9.7,9.4,9.5,9.8,10.1,10.7,10.3,9.9,10.4
Kasese,Uganda,0.183,30.1,,,23.5,24.1,24.1,23.8,23.4,23.1,22.9,23.2,23.2,22.9,22.8,22.4,28,38,84,130,100,46,37,68,88,116,104,62,14.3,14.1,13.4,12.0,11.9,12.9,13.0,12.7,13.1,12.8,11.9,13.3
Masindi,Uganda,1.687,31.714,,,23.2,23.6,23.6,22.8,22.4,21.9,21.3,21.1,21.5,21.9,21.9,22.2,34,44,114,165,146,80,106,149,152,169,131,57,13.1,12.5,11.7,10.1,10.1,9.9,9.8,9.7,10.8,10.8,10.7,11.9
Mbarara,Uganda,-0.617,30.65,,,20.2,20.6,20.7,20.3,20.1,20.1,20.2,20.6,20.4,20.2,20.1,19.9,53,56,97,120,68,23,24,69,108,128,131,76,13.4,13.4,12.8,12.0,12.4,13.2,13.6,12.9,12.9,11.7,11.5,12.5
Soroti,Uganda,1.717,33.617,,,24.9,25.3,25.0,24.2,23.9,23.5,23.1,23.1,23.8,23.8,23.8,24.2,68,63,132,169,118,69,63,96,108,138,149,92,14.2,13.4,12.3,11.0,11.1,10.8,10.5,10.9,12.1,12.0,11.7,12.9
Tororo,Uganda,0.683,34.167,,,23.2,23.6,23.6,23.0,22.5,21.9,21.6,21.8,22.2,22.6,22.4,22.8,59,77,139,223,214,110,91,114,115,134,123,74,14.8,14.2,13.5,11.8,11.6,11.9,11.7,12.4,13.2,13.2,12.8,14.3
Dnipro,Ukraine,48.36,35.085,,,-3.6,-2.5,2.9,10.6,16.8,20.9,23.1,22.4,16.6,9.8,2.8,-1.9,50,42,50,40,49,61,50,45,43,38,45,47,5.3,6.4,8.3,11.0,11.8,11.5,12.1,12.5,11.3,9.2,6.0,5.0
Donetsk,Ukraine,48.072,37.726,,,-4.0,3.1,1.9,9.9,15.8,19.8,22.4,21.6,15.6,9.2,2.2,-2.8,38,31,37,38,50,65,52,40,43,41,37,44,5.3,7.6,7.6,10.1,11.2,11.4,11.8,12.1,10.8,8.4,5.9,5.0
Kharkiv,Ukraine,49.927,36.279,,,-4.5,-3.7,1.7,9.9,16.0,19.9,22.0,21.1,15.3,8.5,1.8,-2.9,37,33,37,32,54,58,63,39,44,44,41,40,4.7,5.8,7.2,9.9,10.7,10.5,10.7,11.4,10.3,8.2,5.1,4.6
Kherson,Ukraine,46.738,32.708,,,-1.5,-0.3,4.5,10.8,16.9,21.4,23.9,23.4,17.7,11.2,5.0,0.6,32,30,31,30,45,54,45,32,33,32,34,34,6.0,7.0,8.7,11.6,12.4,12.3,12.9,13.5,12.0,9.7,6.8,5.7
Kyiv,Ukraine,50.4,30.57,,,-3.1,-2.1,2.9,10.4,16.0,19.7,21.6,20.8,15.3,9.0,2.8,-1.5,28,38,41,39,65,68,77,54,52,51,45,47,4.8,5.8,7.3,9.4,10.2,9.8,10.0,10.2,9.4,7.8,5.0,4.0
Luhansk,Ukraine,48.566,39.227,,,-3.7,-3.4,2.4,10.4,16.4,20.6,23.0,21.9,15.7,9.4,2.6,-2.5,35,35,34,33,47,61,65,37,50,42,36,42,5.8,7.2,8.4,12.0,13.6,13.3,13.4,14.5,13.0,10.1,6.7,5.2
Lviv,Ukraine,49.807,23.965,,,-2.8,-1.4,2.8,9.2,13.9,17.4,19.2,18.9,14.2,8.8,3.7,-1.3,45,48,48,51,93,86,96,72,70,56,49,50,5.9,6.8,8.4,10.7,11.1,11.0,11.0,11.3,10.3,8.9,6.6,5.6
Odesa,Ukraine,46.441,30.77,,,-0.3,0.6,4.7,10.2,16.4,21.0,23.6,23.2,17.9,12.1,6.5,1.7,43,35,34,28,39,48,45,40,42,37,39,36,5.0,5.5,6.2,6.9,7.7,8.2,8.9,8.9,7.8,6.4,5.2,5.0
Simferopol,Ukraine,45.04,33.967,,,0.4,0.9,4.8,10.6,15.8,20.2,23.4,22.9,17.5,12.2,6.7,2.3,41,32,38,32,31,58,37,53,43,45,45,41,6.9,8.1,9.5,11.1,12.1,12.0,12.9,12.9,11.7,10.3,8.5,6.9
Uzhhorod,Ukraine,48.633,22.261,,,-1.3,0.6,5.5,11.6,16.1,19.6,21.4,21.2,16.1,10.8,5.5,0.3,53,53,41,45,69,68,82,66,68,60,57,66,6.0,7.3,9.7,11.9,12.0,11.8,12.3,12.8,11.5,9.7,7.3,5.4
Vinnytsia,Ukraine,49.248,28.603,,,-3.8,-2.6,2.2,9.3,14.8,18.4,20.2,19.6,14.3,8.5,2.7,-2.3,28,31,32,40,54,87,73,55,61,35,35,35,4.9,5.6,7.6,10.0,10.8,10.5,10.8,11.3,10.1,8.4,5.4,4.6
Abu Dhabi,United Arab Emirates,24.433,54.467,,,17.8,18.9,22.2,26.2,30.6,32.2,34.8,35.1,32.9,28.8,24.1,19.9,4,42,25,7,0,0,0,0,0,0,2,9,12.0,11.4,12.8,14.3,15.6,14.8,14.4,12.8,14.5,14.0,13.1,11.6
Dubai,United Arab Emirates,25.25,55.33,,,18.9,19.6,22.4,26.2,30.1,32.5,34.8,34.9,32.5,28.9,24.4,20.8,11,36,22,8,1,0,0,0,0,0,2,14,10.3,10.1,10.9,12.3,13.3,12.7,11.7,11.1,12.4,12.4,12.2,10.8
Ras Al Khaimah,United Arab Emirates,25.62,55.93,,,18.3,19.4,22.5,27.1,30.9,33.9,35.6,35.2,32.4,28.7,24.0,20.1,13,36,35,12,3,0,1,0,1,6,8,17,13.0,13.0,14.0,16.3,16.7,16.5,14.2,13.3,15.4,16.0,14.8,13.3
Aberdeen,United Kingdom of Great Britain and Northern Ireland,57.206,-2.202,,,3.5,3.8,5.4,7.2,9.7,12.4,14.7,14.4,12.2,9.2,5.9,3.6,68,55,60,59,57,61,62,60,68,96,93,76,5.9,6.0,6.9,7.5,7.9,7.5,7.7,7.8,7.2,6.5,6.0,5.9
Aberystwyth,United Kingdom of Great Britain and Northern Ireland,52.431,-4.019,,,5.3,5.1,6.8,8.6,11.4,13.9,15.9,15.7,13.8,11.1,7.9,5.5,95,71,84,61,60,74,82,87,92,130,122,117,5.6,6.1,6.3,7.7,8.2,7.5,7.0,7.0,7.2,6.3,6.0,6.2
Armagh,United Kingdom of Great Britain and Northern Ireland,54.346,-6.651,,,4.7,4.8,6.6,8.4,11.2,13.8,15.7,15.4,13.2,10.1,7.0,4.9,74,54,66,58,58,58,63,76,68,86,75,77,5.5,6.5,7.1,8.3,8.9,8.4,8.0,7.9,7.4,6.6,6.1,5.6
Bala,United Kingdom of Great Britain and Northern Ireland,52.917,-3.583,,,4.0,3.9,5.6,7.3,10.2,12.8,14.9,14.5,12.4,9.4,6.6,4.1,155,111,108,77,73,68,70,82,98,150,143,162,6.0,6.4,7.0,8.7,9.5,9.0,8.8,8.7,8.6,7.5,6.5,6.2
Bangor,United Kingdom of Great Britain and Northern Ireland,53.253,-3.974,,,6.2,5.8,7.4,9.0,11.6,14.2,16.1,16.1,14.4,11.6,8.8,6.6,113,78,86,63,61,66,59,85,98,126,135,131,5.6,5.7,5.9,6.4,6.8,6.8,6.8,6.6,6.2,5.8,5.4,5.7
Belfast,United Kingdom of Great Britain and Northern Ireland,54.65,-6.22,,,5.1,5.2,6.8,8.6,11.2,13.8,15.7,15.4,13.4,10.3,7.2,5.2,90,65,78,65,63,67,66,86,77,98,96,92,5.7,6.2,6.7,7.7,8.5,8.1,8.0,7.8,7.5,6.6,6.1,5.9
Birmingham,United Kingdom of Great Britain and Northern Ireland,52.45,-1.73,,,4.0,4.1,6.4,8.4,11.6,14.5,16.7,16.3,13.8,10.2,6.7,4.2,73,51,56,62,61,66,64,67,68,83,75,80,5.3,6.0,6.9,8.5,8.9,9.0,9.2,9.0,8.1,6.8,5.7,5.3
Bristol,United Kingdom of Great Britain and Northern Ireland,51.521,-2.576,,,5.0,4.9,7.1,9.2,12.4,15.4,17.4,17.1,14.7,11.3,7.7,5.2,82,54,59,49,62,55,55,64,68,85,83,86,5.6,6.0,6.8,8.3,8.5,8.5,8.3,8.2,7.8,6.4,5.8,5.5
Cambridge,United Kingdom of Great Britain and Northern Ireland,52.245,-0.103,,,4.5,4.5,6.8,8.8,12.0,15.0,17.6,17.5,14.9,11.2,7.2,4.7,47,34,38,41,46,52,48,51,54,59,53,46,5.7,6.4,7.5,9.0,9.8,9.7,10.4,10.2,8.9,7.3,6.1,5.6
Cardiff,United Kingdom of Great Britain and Northern Ireland,51.4,-3.2,,,5.3,5.3,7.5,9.5,12.7,15.4,17.4,17.1,14.7,11.3,8.0,5.6,122,85,90,69,72,67,78,93,94,134,123,125,6.0,6.5,7.1,8.6,8.8,8.8,8.6,8.7,8.3,7.2,6.7,6.1
Carlisle,United Kingdom of Great Britain and Northern Ireland,54.933,-2.963,,,4.2,4.5,6.2,8.2,11.1,13.7,15.7,15.3,13.2,10.1,6.8,4.2,81,62,66,50,55,66,73,79,75,95,80,89,5.3,5.9,6.6,7.6,8.6,8.0,7.9,7.7,7.3,6.6,5.8,5.6
Edinburgh,United Kingdom of Great Britain and Northern Ireland,55.95,-3.35,,,4.2,4.5,6.2,8.1,10.8,13.4,15.3,15.1,12.9,9.8,6.7,4.2,68,47,52,40,49,61,65,60,64,76,62,61,5.6,6.0,6.7,7.5,7.9,7.5,7.6,7.5,7.1,6.6,5.9,5.7
Enniskillen,United Kingdom of Great Britain and Northern Ireland,54.4,-7.65,,,4.8,5.0,6.6,8.4,11.0,13.7,15.5,15.1,13.1,10.1,7.0,4.8,117,86,100,80,71,72,87,97,90,118,111,117,5.7,6.3,6.8,8.1,8.6,7.8,7.4,7.2,7.3,6.5,6.0,5.8
Exeter,United Kingdom of Great Britain and Northern Ireland,50.73,-3.48,,,5.8,5.6,7.4,8.9,12.2,15.2,17.1,16.9,14.8,11.6,8.2,5.8,82,61,57,62,57,48,46,53,59,89,83,87,6.1,6.4,7.4,8.8,9.2,9.3,9.3,9.2,8.9,7.2,6.9,6.7
Glasgow,United Kingdom of Great Britain and Northern Ireland,55.907,-4.53,,,3.5,3.8,5.6,7.8,10.8,13.4,15.1,14.8,12.3,9.1,6.0,3.5,113,88,97,63,61,65,84,101,113,129,106,104,5.0,5.5,6.5,7.7,8.6,8.1,8.1,7.5,7.0,6.1,5.4,5.1
Guernsey,United Kingdom of Great Britain and Northern Ireland,49.47,-2.59,,,6.6,6.3,7.4,8.7,11.6,14.0,16.2,16.6,15.1,12.6,9.6,7.8,89,76,67,51,50,46,38,46,67,89,98,107,3.7,3.8,4.4,5.0,5.7,5.8,6.0,5.8,5.1,4.2,3.7,3.6
Hamilton,United Kingdom of Great Britain and Northern Ireland,32.29,-64.78,,,18.2,17.7,18.0,19.2,22.0,24.9,26.6,27.1,26.1,23.9,21.1,18.9,129,115,110,88,83,130,115,131,129,161,105,114,4.3,4.4,4.6,4.7,4.2,4.2,5.1,5.3,5.3,4.9,4.9,4.9
Inverness,United Kingdom of Great Britain and Northern Ireland,57.478,-4.223,,,4.0,4.2,5.9,7.8,10.5,13.1,15.1,14.9,12.5,9.3,6.4,4.1,77,59,58,39,52,59,53,60,67,78,66,65,5.8,6.1,6.9,7.6,8.2,7.6,7.5,7.4,7.2,6.6,5.8,5.8
Isle of Man,United Kingdom of Great Britain and Northern Ireland,54.24,-4.55,,,5.5,5.2,6.2,7.8,10.4,13.0,14.7,14.8,13.3,11.1,8.2,6.5,86,60,66,56,50,55,56,68,80,96,98,94,4.3,4.5,4.9,5.8,6.5,6.3,6.0,5.8,5.3,4.6,4.6,4.3
Jersey,United Kingdom of Great Britain and Northern Ireland,49.21,-2.13,,,6.2,6.3,8.2,9.8,13.0,15.5,17.7,18.1,16.1,13.1,9.6,7.5,90,74,71,54,52,49,37,46,70,92,108,110,3.8,4.7,5.5,6.4,7.2,7.4,7.4,7.4,6.4,5.1,4.4,4.0
Leeds,United Kingdom of Great Britain and Northern Ireland,53.8,-1.53,,,3.0,2.9,4.9,6.9,10.1,12.8,15.1,14.8,12.4,9.1,5.8,3.4,110,77,82,73,65,77,63,81,77,100,105,114,5.0,5.3,6.4,7.5,8.4,8.1,8.0,7.8,7.0,6.0,5.1,4.9
Liverpool,United Kingdom of Great Britain and Northern Ireland,53.497,-3.056,,,4.8,4.7,6.6,8.6,11.8,14.5,16.5,16.3,14.2,11.1,7.7,5.0,75,54,64,54,55,66,59,69,72,97,83,89,4.8,5.2,5.6,7.1,7.7,6.8,6.4,6.2,6.3,5.7,5.0,5.0
London,United Kingdom of Great Britain and Northern Ireland,51.505,-0.131,,,5.6,5.7,8.1,10.2,13.5,16.4,18.5,18.5,15.7,12.2,8.6,5.9,42,36,40,40,45,47,35,54,51,61,58,48,5.0,5.9,7.0,8.7,9.2,9.2,9.7,9.3,8.6,6.7,5.5,5.0
Londonderry (Derry),United Kingdom of Great Britain and Northern Ireland,55.057,-7.008,,,5.1,5.1,6.8,8.4,11.0,13.3,15.2,14.9,13.2,10.3,7.3,5.2,84,63,70,55,51,56,66,75,69,89,87,88,5.8,6.1,6.6,7.3,8.0,7.3,7.3,7.1,6.9,6.3,5.7,5.5
Manchester,United Kingdom of Great Britain and Northern Ireland,53.35,-2.27,,,3.9,4.1,6.0,8.0,11.3,13.7,15.9,15.7,13.3,10.1,6.3,3.8,82,52,59,61,55,64,67,79,80,99,80,90,6.1,6.2,7.3,8.7,9.2,9.4,8.5,8.8,8.2,6.8,6.6,6.5
Newcastle,United Kingdom of Great Britain and Northern Ireland,54.98,-1.6,,,5.3,5.4,6.8,8.2,10.7,13.2,15.1,14.9,13.2,10.4,7.5,5.7,107,75,80,63,67,68,60,82,74,100,105,102,5.7,6.2,6.9,7.9,8.4,8.0,8.0,7.9,7.6,6.7,6.1,5.6
Norwich,United Kingdom of Great Britain and Northern Ireland,52.63,1.28,,,4.3,4.4,6.5,8.5,11.7,14.4,16.9,16.9,14.5,11.1,7.2,4.8,56,42,49,44,47,62,56,64,59,68,68,59,5.7,6.1,7.1,8.0,8.3,8.5,8.9,9.1,8.2,7.2,6.3,5.6
Plymouth,United Kingdom of Great Britain and Northern Ireland,50.354,-4.121,,,6.4,6.2,7.7,9.2,12.2,14.6,16.6,16.7,14.9,12.1,9.1,7.0,108,84,78,67,64,57,62,67,74,113,113,119,4.8,5.2,5.7,6.7,6.8,6.8,6.6,6.6,6.5,5.5,5.3,5.0
Reading,United Kingdom of Great Britain and Northern Ireland,51.441,-0.938,,,4.8,4.8,7.1,9.1,12.3,15.3,17.5,17.3,14.7,11.2,7.5,5.1,61,41,44,48,46,45,46,52,50,72,66,63,5.8,6.3,7.4,8.8,9.3,9.4,9.7,9.6,8.7,7.3,6.3,5.7
Rhayader,United Kingdom of Great Britain and Northern Ireland,52.241,-3.376,,,3.7,3.7,5.9,7.9,11.1,13.8,15.8,15.4,12.9,9.7,6.2,4.1,115,86,85,65,74,63,68,78,79,122,123,126,5.6,6.5,7.8,9.3,9.8,9.8,9.8,9.6,8.8,7.2,6.1,5.8
Southampton,United Kingdom of Great Britain and Northern Ireland,50.901,-1.403,,,5.7,5.6,7.6,9.8,13.2,15.9,18.0,18.0,15.6,12.2,8.6,6.1,81,58,60,51,49,50,42,50,60,94,94,89,5.5,6.0,7.0,8.3,8.5,8.5,8.7,8.6,8.4,6.7,6.3,5.7
Swansea,United Kingdom of Great Britain and Northern Ireland,51.565,-3.981,,,6.0,5.7,7.2,9.1,12.1,14.8,16.8,16.9,15.1,12.2,9.0,6.7,96,67,73,58,63,64,72,84,77,123,112,110,4.0,4.2,4.7,5.6,5.8,5.9,5.7,5.7,5.4,4.5,4.2,4.0
Truro,United Kingdom of Great Britain and Northern Ireland,50.218,-5.33,,,6.8,6.4,7.8,8.9,11.4,13.8,15.8,16.1,14.6,11.9,9.3,7.4,121,88,79,74,65,58,67,68,77,115,124,124,4.3,4.5,4.7,5.6,5.7,5.8,5.6,5.8,5.5,4.7,4.4,4.4
Ullapool,United Kingdom of Great Britain and Northern Ireland,57.725,-4.896,,,1.9,2.2,3.6,5.8,8.7,11.2,13.1,12.7,10.5,7.4,4.4,1.9,236,164,175,94,88,86,98,104,150,200,192,180,6.3,6.6,6.8,8.4,9.5,8.2,8.1,7.8,7.8,6.8,6.2,6.6
Wick,United Kingdom of Great Britain and Northern Ireland,58.545,-3.089,,,3.7,3.8,4.9,6.5,8.6,10.9,13.0,13.1,11.4,8.9,6.0,4.0,72,64,66,50,49,53,62,65,74,95,90,75,5.0,5.3,5.8,6.1,6.4,6.1,6.0,6.1,5.9,5.3,5.1,5.2
Dar Es Salaam,United Republic of Tanzania,-6.82,39.27,,,27.6,27.9,27.5,26.5,25.6,24.2,23.5,23.8,24.4,25.3,26.4,27.2,76,55,138,254,198,43,26,24,23,69,126,118,8.3,9.1,9.3,8.3,8.5,10.1,10.7,11.3,11.9,11.2,10.1,8.8
Dodoma,United Republic of Tanzania,-6.163,35.752,,,24.0,24.0,23.6,23.3,22.2,20.8,20.1,20.8,22.1,23.7,24.2,24.6,134,144,114,58,5,0,0,0,0,2,26,123,10.8,10.8,10.7,10.8,11.5,12.7,12.9,13.1,13.7,13.6,11.8,11.6
Mtwara,United Republic of Tanzania,-10.35,40.18,,,26.8,26.9,26.8,26.4,25.4,24.1,23.7,23.9,24.1,25.1,26.2,26.8,19,14,24,16,7,1,1,1,1,3,5,16,7.1,7.3,8.1,8.3,9.1,10.1,10.6,11.3,11.5,10.5,9.5,7.8
Mwanza,United Republic of Tanzania,-2.47,32.92,,,22.6,22.9,23.2,23.0,22.9,22.3,21.9,22.5,23.1,23.3,22.8,22.6,104,108,140,168,73,21,12,21,23,86,157,139,9.9,10.1,10.5,9.6,10.4,12.2,12.9,12.3,11.7,10.4,9.4,9.4
Tabora,United Republic of Tanzania,-5.08,32.83,,,22.8,23.1,23.4,23.1,22.6,21.4,23.8,23.3,25.0,25.6,24.4,23.4,18,16,16,10,2,1,0,0,0,3,11,17,10.4,11.4,11.8,11.8,13.4,15.0,9.3,14.6,14.3,13.4,11.5,10.6
Tanga,United Republic of Tanzania,-5.08,39.07,,,27.9,28.2,28.4,27.3,26.1,25.1,24.4,24.2,24.7,25.7,26.8,27.5,35,28,108,243,291,86,59,70,73,116,134,86,8.8,9.2,9.2,7.8,7.5,8.3,8.6,8.8,9.0,8.8,8.8,8.8
Zanzibar,United Republic of Tanzania,-6.22,39.22,,,27.7,28.0,27.6,27.0,26.1,25.4,24.8,24.6,24.9,25.8,26.4,27.1,10,5,17,41,29,7,4,4,4,10,22,20,8.8,9.6,8.8,6.7,6.5,7.2,7.6,9.1,10.4,10.3,8.9,8.5
"Abilene, Texas",United States of America,32.42,-99.68,,,7.2,9.2,13.5,18.1,22.8,26.4,28.4,28.2,24.1,18.8,12.6,7.4,26,34,44,42,81,90,48,66,57,76,36,31,13.2,13.2,13.6,14.1,12.9,12.2,12.4,12.4,12.5,12.8,13.0,12.9
"Agana, Guam",United States of America,13.463,144.744,,,26.8,26.6,27.0,27.7,28.1,28.1,27.7,27.5,27.5,27.5,27.7,27.4,126,115,70,91,109,180,308,436,360,300,233,152,5.2,5.5,5.7,6.0,6.0,5.9,5.8,5.7,5.8,5.7,5.2,4.9
"Akron, Ohio",United States of America,40.92,-81.43,,,-2.0,-0.6,4.1,10.6,15.9,21.2,23.2,22.6,18.4,11.9,6.4,0.1,48,52,70,86,100,86,101,89,89,73,88,71,6.8,7.9,9.4,10.4,10.5,10.2,10.1,10.1,9.4,8.7,7.2,6.3
"Albany, New York",United States of America,42.65,-73.75,,,-5.2,-3.4,1.7,8.8,14.6,19.6,22.1,21.2,16.6,9.8,4.2,-1.9,66,56,82,80,92,96,105,88,84,94,84,74,8.9,9.6,10.4,11.7,12.4,11.9,11.6,11.4,11.4,11.2,9.1,8.1
"Albuquerque, New Mexico",United States of America,35.05,-106.62,,,2.4,5.2,9.0,13.4,18.7,23.9,25.7,24.5,20.8,14.2,7.2,2.3,10,12,14,16,13,17,38,40,27,26,14,13,11.5,12.3,13.7,14.5,14.6,14.9,13.2,12.3,12.7,12.8,12.0,10.9
"Allentown, Pennsylvania",United States of America,40.65,-75.43,,,-2.4,-0.7,3.9,10.0,15.5,20.6,23.1,22.1,17.7,11.4,6.0,0.1,77,69,86,90,105,110,126,94,117,99,89,91,9.1,10.0,11.5,12.7,12.8,12.2,11.9,11.9,12.2,12.4,10.9,9.1
"Amarillo, Texas",United States of America,35.23,-101.7,,,2.8,4.6,8.8,13.5,18.7,23.5,25.7,24.9,20.9,14.6,8.0,2.7,18,14,35,36,58,80,72,74,49,42,20,18,15.1,15.4,16.2,16.4,15.4,14.8,14.6,14.0,14.5,15.1,15.3,14.2
"Anchorage, Alaska",United States of America,61.17,-150.02,,,-9.0,-7.1,-2.9,3.4,9.6,13.8,15.9,14.2,9.6,1.8,-5.8,-7.9,21,21,16,10,20,30,53,79,82,45,27,50,7.8,9.1,9.3,9.3,9.2,8.8,8.1,7.7,7.8,6.8,6.8,7.4
"Ann Arbor, Michigan",United States of America,42.281,-83.743,,,-5.0,-3.5,2.0,8.6,13.9,18.7,21.4,20.5,16.1,9.3,3.9,-2.2,38,44,54,75,85,89,90,80,88,67,70,52,9.2,10.1,11.4,13.6,14.5,14.4,14.7,13.6,14.5,13.3,10.6,8.2
"Annapolis, Maryland",United States of America,38.978,-76.492,,,2.7,4.2,8.6,14.4,19.4,24.5,26.9,26.1,22.4,15.8,10.1,4.8,84,75,115,93,107,106,116,99,121,99,96,90,8.5,9.5,10.2,11.5,11.3,10.6,10.0,9.4,9.6,9.8,9.6,8.7
"Asheville, North Carolina",United States of America,35.43,-82.55,,,2.8,4.8,8.7,13.5,17.8,21.9,23.7,23.2,19.5,13.9,8.9,4.2,73,82,85,77,83,86,85,87,82,54,74,70,10.5,10.8,11.5,12.4,12.2,11.5,11.2,11.0,11.3,12.0,11.6,10.3
"Athens, Georgia",United States of America,33.95,-83.383,,,6.4,8.5,12.4,16.4,21.1,25.3,27.0,26.5,23.0,17.2,12.1,7.4,103,114,112,80,76,106,114,90,100,90,97,95,11.6,12.2,13.2,13.7,13.1,12.4,12.0,11.5,11.8,12.8,12.6,11.5
"Atlanta, Georgia",United States of America,33.65,-84.43,,,6.3,8.4,12.4,16.6,21.1,25.1,26.8,26.4,23.0,17.4,12.2,7.3,107,119,122,85,93,100,134,99,114,87,104,99,10.0,10.5,11.4,11.7,10.9,10.1,9.9,9.7,9.7,10.4,10.7,9.7
"Atlantic City, New Jersey",United States of America,39.45,-74.57,,,1.9,2.9,6.2,10.8,15.8,21.1,24.2,23.9,20.6,14.9,9.6,4.4,78,73,102,86,82,68,84,100,78,88,85,92,7.0,7.0,7.1,6.7,6.7,6.4,6.3,5.9,6.3,6.9,7.1,7.1
"Augusta, Georgia",United States of America,33.474,-82.011,,,7.4,9.5,13.4,17.1,21.8,25.9,27.6,27.0,23.7,18.0,12.9,8.5,99,100,106,72,67,120,110,110,82,83,72,86,14.0,14.6,15.5,16.3,15.3,13.8,13.1,12.5,13.4,14.8,15.4,14.2
"Augusta, Maine",United States of America,44.311,-69.779,,,-7.0,-4.9,-0.0,6.5,12.7,17.8,20.9,20.1,15.6,9.1,3.2,-3.3,66,62,86,96,94,90,87,84,95,111,111,82,9.3,9.6,9.5,10.3,11.4,10.9,10.7,10.9,10.6,9.8,8.1,8.2
"Aurora, Illinois",United States of America,41.761,-88.32,,,-4.9,-2.5,3.4,10.1,15.9,21.2,23.5,22.5,18.3,11.4,4.5,-2.8,43,44,60,92,102,107,99,103,91,78,82,56,8.0,8.4,9.5,11.0,11.5,11.2,10.6,10.2,11.2,10.8,8.4,7.6
"Austin, Texas",United States of America,30.28,-97.7,,,9.4,10.7,14.5,19.4,23.7,26.9,28.5,28.8,25.8,20.5,14.9,9.9,57,57,77,56,97,116,91,54,76,100,75,63,13.0,13.8,14.2,13.1,12.0,11.8,12.4,13.3,13.1,13.6,13.0,13.1
"Baltimore, Maryland",United States of America,39.18,-76.67,,,4.0,5.3,9.7,15.6,21.2,26.6,28.6,27.5,23.3,17.1,11.1,5.7,74,78,102,84,107,94,87,94,96,84,90,89,8.1,8.3,10.3,10.4,10.2,10.1,9.5,9.4,9.6,9.6,9.4,8.2
"Bangor, Maine",United States of America,44.801,-68.778,,,-8.3,-6.2,-1.0,5.8,12.1,17.3,20.3,19.5,14.9,8.4,2.8,-4.1,73,64,86,92,92,96,88,76,97,106,107,88,11.5,11.7,10.8,11.5,12.6,12.4,12.0,12.4,12.2,11.5,9.3,10.1
"Baton Rouge, Louisiana",United States of America,30.53,-91.15,,,10.9,12.8,16.4,20.1,24.2,27.3,28.3,28.3,25.9,20.8,15.8,11.9,145,128,112,113,124,163,126,148,115,119,104,142,11.7,11.8,12.4,12.5,11.7,10.8,10.2,10.6,11.2,12.7,12.8,11.9
"Billings, Montana",United States of America,45.8,-108.53,,,-2.1,0.0,4.4,9.2,14.1,18.8,22.9,22.1,16.4,9.9,2.7,-2.6,12,12,25,42,57,58,36,20,35,35,16,14,13.9,14.6,15.8,16.1,16.4,16.4,18.1,18.9,18.3,16.5,13.9,13.2
"Birmingham, Alabama",United States of America,33.45,-86.85,,,6.5,8.8,12.9,17.0,21.4,25.4,27.3,27.1,23.7,17.9,12.5,7.9,123,115,133,111,127,111,122,100,99,87,123,113,11.1,11.9,12.8,13.3,12.1,11.1,10.8,11.0,11.6,12.5,12.2,10.9
"Bismarck, North Dakota",United States of America,46.77,-100.77,,,-10.7,-8.1,-1.8,6.2,12.9,17.9,21.5,20.4,14.4,6.8,-1.9,-8.8,11,13,24,47,65,80,76,73,38,37,20,13,12.0,11.5,11.8,14.3,13.4,13.1,13.6,14.0,14.2,13.6,11.3,11.1
"Boise, Idaho",United States of America,43.6,-116.2,,,-0.4,2.5,7.0,10.4,15.1,19.8,24.4,23.7,18.3,11.6,4.5,-0.7,32,25,35,31,35,18,8,6,15,19,34,39,7.3,9.2,11.3,12.7,13.9,15.3,17.1,16.8,15.4,13.3,9.1,7.5
"Boston, Massachusetts",United States of America,42.37,-71.03,,,-1.7,-0.2,3.5,8.9,14.4,19.9,23.0,22.2,18.2,12.2,7.1,1.5,85,83,110,95,89,94,87,85,87,100,101,96,7.5,7.8,7.9,8.3,9.0,9.1,8.8,8.3,8.3,8.2,7.5,7.2
"Bowling Green, Kentucky",United States of America,36.99,-86.444,,,2.0,4.3,9.1,14.2,19.1,23.9,25.9,25.2,21.1,14.9,9.2,3.6,92,101,112,110,142,107,104,85,100,86,107,122,10.3,11.3,12.6,13.3,12.6,12.4,12.0,12.7,13.4,13.9,12.1,10.4
"Bozeman, Montana",United States of America,45.683,-111.05,,,-3.9,-2.4,2.0,6.4,11.0,15.1,19.5,18.9,13.7,7.5,0.2,-4.8,21,20,35,58,81,79,37,36,36,44,30,24,12.1,12.6,13.7,14.9,15.3,16.1,18.2,18.7,17.4,15.3,12.1,11.9
"Bridgeport, Connecticut",United States of America,41.17,-73.13,,,-1.9,-0.5,3.4,9.7,14.9,20.4,23.2,22.6,18.4,11.9,6.7,0.9,84,81,106,108,98,104,106,123,91,103,106,104,10.0,10.9,10.3,10.9,10.6,10.6,9.8,9.9,10.6,10.9,10.8,10.3
"Brookings, South Dakota",United States of America,44.311,-96.798,,,-10.6,-7.8,-1.1,6.7,13.3,18.8,21.4,20.1,15.0,7.7,-0.8,-8.5,9,10,30,54,75,109,83,78,81,52,24,12,11.1,11.0,10.4,12.6,12.7,12.1,12.5,12.7,13.4,13.3,10.7,10.4
"Brownsville, Texas",United States of America,25.9,-97.43,,,16.1,17.9,20.7,23.8,26.9,28.9,29.4,29.7,27.6,24.6,20.8,16.8,32,27,31,39,67,65,52,62,150,95,46,29,10.5,10.6,10.8,9.9,8.9,9.1,9.6,10.1,9.7,10.4,10.9,10.6
"Buffalo, New York",United States of America,42.93,-78.73,,,-4.0,-3.2,1.1,7.8,13.9,19.1,21.7,20.9,16.8,10.4,4.9,-1.1,81,63,73,76,88,93,82,83,99,89,102,99,7.1,7.8,8.9,10.1,10.6,10.0,9.8,9.8,9.8,9.1,7.6,6.7
"Burlington, Vermont",United States of America,44.47,-73.15,,,-7.4,-5.8,-0.6,7.1,13.5,18.8,21.4,20.4,15.9,8.9,3.5,-3.4,52,45,56,72,88,94,106,99,92,91,80,60,9.4,10.0,10.0,11.0,12.2,11.7,11.5,11.4,10.9,10.1,8.1,8.2
"Butte, Montana",United States of America,46.004,-112.535,,,-6.9,-5.5,-0.3,3.9,8.7,13.1,17.4,16.5,11.1,4.9,-2.4,-8.1,12,11,19,30,53,57,34,34,25,20,15,13,13.6,14.3,13.5,14.1,15.1,16.1,19.5,19.8,18.2,15.8,13.4,13.4
"Caribou, Maine",United States of America,46.87,-68.02,,,-12.1,-9.9,-4.1,3.7,10.8,15.9,18.6,17.6,12.8,6.2,-0.3,-7.7,69,56,64,68,85,88,104,96,84,90,92,83,10.4,10.9,10.4,10.2,12.2,12.0,11.5,11.9,11.7,9.7,7.6,8.9
"Carmel, Indiana",United States of America,39.978,-86.118,,,-3.1,-1.2,4.3,10.8,16.2,21.6,23.6,22.9,18.5,11.9,5.9,-1.1,60,55,82,99,126,114,118,82,83,80,92,81,8.9,9.5,11.0,11.7,12.0,11.7,11.6,12.1,12.8,12.6,10.0,8.7
"Carson City, Nevada",United States of America,39.164,-119.767,,,0.8,3.1,6.2,9.1,13.4,17.9,21.6,20.7,16.6,10.6,4.8,0.8,40,40,28,11,11,11,5,6,10,18,32,34,13.0,13.6,14.9,16.0,17.0,18.9,20.8,20.8,20.6,18.5,15.1,12.8
"Casper, Wyoming",United States of America,42.92,-106.47,,,-3.1,-2.1,2.3,6.9,12.4,18.0,22.3,21.7,15.2,8.6,2.0,-3.0,9,15,22,35,58,36,30,26,27,28,17,14,12.1,12.0,13.1,14.2,14.8,15.8,17.6,17.4,17.1,14.7,11.8,11.2
"Cedar Rapids, Iowa",United States of America,41.978,-91.666,,,-5.6,-2.8,3.7,10.9,16.6,21.7,23.8,22.8,18.4,11.8,4.0,-3.7,28,31,50,87,121,130,117,123,93,72,62,41,9.6,9.9,11.3,13.4,12.9,12.0,11.7,11.7,12.7,12.1,9.9,8.8
"Chandler, Arizona",United States of America,33.306,-111.841,,,11.5,13.2,16.3,20.4,25.5,30.1,32.5,31.6,28.9,22.4,15.5,10.7,25,30,28,7,3,0,24,39,18,14,20,30,13.8,14.7,16.0,17.5,17.5,17.9,14.8,13.9,14.7,15.5,14.6,13.3
"Charleston, South Carolina",United States of America,32.9,-80.03,,,9.8,11.4,14.6,18.6,22.7,26.2,27.9,27.4,25.0,20.3,15.8,11.4,75,64,84,64,55,118,137,170,146,93,56,66,7.7,7.8,7.4,7.3,6.4,5.9,6.0,5.7,5.7,6.8,7.6,7.7
"Charleston, West Virginia",United States of America,38.37,-81.6,,,1.3,3.1,7.7,13.4,17.6,22.1,24.1,23.6,19.6,13.6,8.3,3.0,76,81,99,82,122,109,126,95,83,68,95,83,9.0,9.9,11.5,12.9,12.3,11.5,10.9,10.9,11.6,12.4,11.2,9.2
"Charlotte, North Carolina",United States of America,35.23,-80.9,,,4.5,6.6,10.7,15.2,19.6,24.1,25.9,25.2,21.6,15.7,10.4,5.8,87,84,102,77,81,95,94,107,82,86,80,83,11.7,12.4,13.2,13.9,12.9,11.9,11.6,11.2,11.6,12.8,12.9,11.7
"Chattanooga, Tennessee",United States of America,35.03,-85.2,,,4.7,6.9,11.2,15.9,20.4,24.7,26.6,26.4,22.5,16.4,10.7,5.9,125,123,126,101,104,103,125,88,103,83,127,124,10.8,11.6,12.8,13.5,12.5,11.8,11.4,11.3,11.8,12.9,12.2,10.6
"Cheyenne, Wyoming",United States of America,41.15,-104.82,,,-1.8,-1.4,2.2,6.0,11.4,16.8,20.9,19.8,14.6,8.0,1.9,-2.4,8,12,27,45,59,59,56,50,38,24,15,12,12.0,12.1,12.8,13.4,13.6,14.7,15.5,15.0,15.0,13.8,12.4,11.6
"Chicago, Illinois",United States of America,41.98,-87.9,,,-4.6,-2.4,3.2,9.4,15.1,20.5,23.3,22.4,18.1,11.4,4.6,-2.3,44,46,64,86,94,88,94,124,82,80,80,57,8.0,8.4,9.7,11.2,12.0,12.0,11.2,10.5,11.4,10.8,8.8,7.9
"Cincinnati, Ohio",United States of America,39.1,-84.5,,,-0.4,1.6,6.5,12.2,17.3,22.1,24.2,23.6,19.5,13.1,7.2,1.4,72,64,99,98,128,103,98,92,72,79,81,80,9.8,11.0,12.3,13.4,13.0,12.5,12.1,12.6,13.4,13.5,11.8,9.6
"Clarksville, Tennessee",United States of America,36.53,-87.359,,,2.5,4.8,9.3,14.6,19.0,23.4,25.7,25.2,21.4,15.2,9.8,3.9,105,110,115,113,152,112,114,79,93,94,117,125,11.3,12.4,13.4,14.1,12.8,12.4,12.2,12.9,13.3,14.2,13.1,11.3
"Cleveland, Mississippi",United States of America,33.744,-90.725,,,5.0,7.5,12.2,17.1,22.1,26.1,27.9,27.8,24.4,18.1,12.0,6.7,112,121,111,125,153,114,93,80,102,104,128,148,10.9,11.1,12.0,12.3,11.9,11.3,11.7,11.8,12.4,13.1,11.6,10.3
"Cleveland, Ohio",United States of America,41.42,-81.87,,,-1.5,0.0,3.8,9.9,15.9,21.2,23.9,23.1,19.1,13.1,7.5,1.2,44,46,56,83,96,91,99,99,90,70,84,67,6.5,6.6,8.3,8.4,7.9,8.7,7.9,6.9,7.7,7.6,6.6,5.7
"Colchester, Vermont",United States of America,44.544,-73.148,,,-8.0,-6.4,-1.1,6.9,13.5,18.6,21.2,20.2,15.8,8.9,3.2,-3.9,61,53,69,80,92,102,116,112,99,103,89,71,11.2,11.9,11.4,11.8,12.4,12.1,12.0,12.0,11.9,10.8,9.1,9.5
"Colorado Springs, Colorado",United States of America,38.82,-104.7,,,-0.9,0.1,3.9,8.1,13.2,18.4,21.6,20.4,16.1,9.7,3.4,-1.2,8,9,25,36,52,64,72,85,30,21,10,9,14.1,14.0,14.5,14.7,14.7,15.4,15.5,14.4,15.1,15.1,14.4,13.7
"Columbia, Missouri",United States of America,38.952,-92.334,,,-0.5,2.0,7.5,13.4,18.4,23.6,26.2,25.5,20.6,14.1,7.6,0.9,56,62,81,114,138,132,115,114,109,85,105,64,9.6,10.5,11.6,11.7,11.1,11.1,11.6,11.7,12.1,11.9,10.1,9.4
"Columbia, South Carolina",United States of America,33.95,-81.12,,,8.8,11.1,14.9,19.4,23.6,27.4,28.9,28.1,25.1,19.4,14.4,9.8,98,96,107,68,76,134,138,123,91,80,78,86,11.6,12.3,13.5,14.1,13.4,12.5,12.2,11.5,11.9,12.8,12.6,11.6
"Columbus, Georgia",United States of America,32.52,-84.95,,,8.4,10.6,14.3,18.1,22.8,26.6,28.0,27.7,24.8,19.1,14.0,9.5,98,113,139,90,81,94,121,96,78,66,104,108,11.5,12.2,13.0,13.4,12.3,11.3,10.7,10.6,10.9,12.1,12.4,11.4
"Columbus, Ohio",United States of America,40.0,-82.88,,,-1.4,0.4,5.5,11.7,16.9,22.0,24.0,23.2,19.3,12.8,6.8,0.8,69,57,77,86,106,102,122,84,72,66,81,75,7.7,8.7,10.2,11.6,11.5,11.2,10.8,10.9,11.4,11.2,9.1,7.4
"Concord, New Hampshire",United States of America,43.2,-71.5,,,-6.3,-4.2,0.6,7.2,13.2,18.3,21.1,20.3,15.6,9.0,3.5,-2.9,69,66,83,87,93,94,95,81,86,103,94,81,11.3,11.7,11.9,13.7,14.6,13.8,13.6,13.8,14.0,13.7,11.2,10.6
"Corpus Christi, Texas",United States of America,27.77,-97.5,,,13.9,15.8,18.9,22.4,25.7,28.0,28.9,29.3,27.2,23.6,18.9,14.7,39,49,48,47,78,85,71,74,126,92,50,46,11.0,11.0,10.9,10.4,9.2,9.4,10.1,10.8,10.1,10.9,11.0,11.0
"Dallas Ft Worth, Texas",United States of America,32.83,-97.05,,,7.8,9.9,14.2,18.6,23.3,27.4,29.6,29.8,25.5,19.8,13.6,8.3,54,68,89,78,124,96,55,48,65,107,69,65,11.7,11.7,11.8,11.9,10.8,11.0,11.4,11.7,11.6,11.9,11.5,11.1
"Davenport, Iowa",United States of America,41.524,-90.578,,,-5.9,-3.3,3.4,10.2,16.0,21.2,22.9,21.8,17.4,11.0,3.8,-3.7,30,34,64,89,108,106,107,117,78,75,62,44,9.5,9.2,11.2,12.6,12.4,11.9,11.4,11.6,13.0,12.3,10.1,8.9
"Dayton, Ohio",United States of America,39.9,-84.2,,,-1.7,0.2,5.2,12.0,17.6,23.1,25.1,24.2,20.1,13.2,6.9,0.6,72,59,84,102,122,101,109,72,69,73,84,76,8.0,9.0,10.4,11.8,11.7,11.5,11.4,11.7,12.3,11.7,9.6,7.6
"Daytona Beach, Florida",United States of America,29.18,-81.07,,,13.8,15.3,17.6,20.6,23.9,26.5,27.6,27.5,26.5,23.2,19.0,15.6,66,80,111,59,89,166,148,183,173,105,67,69,12.4,11.7,11.2,11.0,10.2,9.2,9.5,8.7,7.8,8.7,10.4,11.2
"Denver, Colorado",United States of America,39.77,-104.87,,,-0.7,0.3,4.7,8.5,13.9,19.6,23.4,22.6,17.4,10.6,3.5,-1.2,10,9,23,43,54,50,55,43,24,26,16,9,14.8,15.2,15.5,15.7,16.0,16.7,17.0,16.3,16.7,15.9,15.4,14.3
"Des Moines, Iowa",United States of America,41.53,-93.65,,,-5.2,-2.5,4.0,10.9,16.8,22.1,24.6,23.5,18.7,11.7,4.0,-3.3,25,32,58,98,120,126,114,105,78,67,56,36,9.2,9.6,10.7,11.7,11.2,10.9,10.5,10.6,11.6,11.2,9.6,8.9
"Detroit, Michigan",United States of America,42.23,-83.33,,,-3.4,-2.1,2.5,9.2,15.2,20.7,23.2,22.4,18.1,11.4,5.3,-0.9,36,43,51,71,78,83,77,80,86,69,72,50,6.2,6.8,8.5,9.9,10.3,10.0,9.7,9.1,9.4,8.6,6.8,5.7
"Dover, Delaware",United States of America,39.158,-75.524,,,1.8,3.3,7.3,12.8,17.9,22.9,25.4,24.5,20.9,14.8,9.5,4.0,87,78,110,99,108,102,104,111,105,87,88,93,9.0,10.0,10.7,11.9,11.6,11.0,10.4,10.2,10.7,11.1,10.4,9.2
"Duluth, Minnesota",United States of America,46.83,-92.18,,,-12.1,-9.4,-3.4,4.2,10.8,15.6,18.8,17.9,13.1,6.2,-1.8,-9.6,24,21,38,62,82,107,98,94,104,72,53,31,9.6,10.0,9.4,10.7,12.0,12.0,11.6,11.1,10.5,9.2,7.6,8.3
"El Paso, Texas",United States of America,31.8,-106.4,,,7.0,9.7,13.5,18.2,23.2,27.2,27.9,27.0,23.9,18.4,11.8,7.0,16,12,6,6,13,25,47,50,43,18,14,18,15.7,16.0,17.2,16.8,16.6,16.8,14.2,13.5,14.9,16.0,16.3,15.3
"Elkins, West Virginia",United States of America,38.88,-79.85,,,-1.6,0.1,4.3,9.9,14.5,19.1,21.1,20.6,16.8,10.7,5.5,0.2,82,79,101,96,130,112,136,98,92,72,86,83,10.9,11.8,13.1,14.5,14.0,12.9,12.2,12.4,12.8,14.2,12.6,10.9
"Erie, Pennsylvania",United States of America,42.08,-80.18,,,-2.6,-2.1,2.0,8.4,14.1,19.5,22.1,21.4,17.7,11.7,6.2,0.2,75,61,75,85,87,96,90,88,117,103,100,95,7.1,8.0,9.1,10.0,10.2,9.6,9.1,9.0,9.0,8.6,7.3,6.4
"Eugene, Oregon",United States of America,44.03,-123.12,,,4.8,6.1,8.1,10.1,12.9,15.8,19.4,19.4,16.6,11.5,7.1,4.3,174,138,127,85,70,38,14,16,33,83,196,199,7.2,9.0,10.6,11.8,13.0,14.2,17.1,17.6,16.6,12.8,8.1,6.6
"Evansville, Indiana",United States of America,38.05,-87.53,,,2.2,4.6,10.0,15.6,20.6,25.5,27.2,26.9,23.0,16.6,10.2,3.8,82,85,114,116,128,101,100,82,83,87,110,101,9.5,11.1,12.3,13.5,12.9,12.3,11.7,12.3,13.3,13.5,10.9,9.5
"Fairbanks, Alaska",United States of America,64.82,-147.87,,,-21.1,-16.8,-10.0,0.8,9.6,15.9,17.0,13.3,7.2,-4.1,-15.4,-18.9,14,11,7,8,20,48,62,53,33,22,17,18,8.5,11.4,14.7,13.9,13.0,13.0,12.2,11.0,11.2,8.5,7.9,8.0
"Fargo, North Dakota",United States of America,46.9,-96.8,,,-12.6,-9.6,-2.3,6.8,13.9,18.9,21.7,20.7,15.1,7.5,-1.8,-9.9,18,16,33,34,71,99,71,65,65,55,25,21,10.1,10.1,9.4,12.8,13.5,12.5,12.8,13.2,13.0,11.6,9.4,9.1
"Fayetteville, Arkansas",United States of America,36.063,-94.157,,,1.6,4.0,8.8,13.5,18.1,22.5,25.2,25.0,20.0,14.0,8.0,2.6,64,66,104,113,148,130,87,88,121,105,108,82,11.6,12.6,13.1,13.6,12.6,12.2,12.8,13.4,13.8,13.7,12.3,11.6
"Flagstaff, Arizona",United States of America,35.13,-111.67,,,-1.2,0.0,2.7,6.3,10.9,15.5,18.9,17.9,14.1,8.2,2.6,-1.3,52,55,54,29,16,9,66,79,60,42,45,48,14.0,14.2,14.9,16.5,18.4,20.0,16.8,15.7,17.1,17.0,15.4,14.2
"Flint, Michigan",United States of America,42.97,-83.75,,,-5.3,-4.0,1.2,8.0,13.9,19.2,21.4,20.4,16.1,9.7,3.8,-2.5,41,38,48,73,78,78,84,81,95,63,68,49,8.0,8.8,10.4,12.2,12.9,12.6,12.6,12.1,12.5,11.2,8.8,7.4
"Fort Collins, Colorado",United States of America,40.585,-105.084,,,-1.7,-0.2,4.1,8.5,13.8,18.9,22.2,21.1,16.1,9.3,2.5,-2.3,11,11,36,52,60,52,32,34,33,29,18,12,15.6,14.8,15.4,15.3,14.9,15.7,16.3,16.0,16.5,16.2,15.2,14.4
"Fort Smith, Arkansas",United States of America,35.33,-94.37,,,4.1,6.8,11.6,16.4,21.0,25.4,27.9,27.9,23.2,17.1,10.9,5.2,71,70,98,109,139,109,84,66,103,110,113,84,11.6,12.4,13.1,13.5,11.8,11.5,11.9,12.5,12.9,13.4,12.5,11.2
"Fort Wayne, Indiana",United States of America,41.0,-85.2,,,-3.9,-2.0,3.6,10.0,15.9,21.2,23.1,21.9,17.9,11.4,5.2,-1.6,57,52,69,89,108,106,108,92,71,72,78,70,8.3,8.9,10.7,12.4,12.5,12.0,12.0,11.9,13.0,12.0,9.4,7.8
"Fresno, California",United States of America,36.78,-119.7,,,8.1,10.8,13.7,16.7,21.1,25.1,28.4,27.6,24.6,19.0,12.3,8.0,56,52,52,24,11,5,0,0,4,16,27,45,9.2,11.1,12.2,14.0,15.5,16.4,17.1,17.2,16.3,14.7,12.1,9.4
"Gillette, Wyoming",United States of America,44.291,-105.502,,,-3.7,-2.6,2.0,6.6,11.9,17.1,21.7,21.2,15.2,8.1,1.1,-4.4,12,15,27,48,80,65,46,33,34,38,16,16,12.3,12.5,13.7,14.6,14.9,15.5,17.2,17.2,16.7,14.5,12.7,11.9
"Goodland, Kansas",United States of America,39.35,-101.7,,,-1.3,0.2,4.8,9.6,15.2,20.9,24.2,23.2,18.1,11.1,3.9,-1.2,10,12,27,40,75,83,88,69,31,35,18,12,14.2,14.4,15.7,16.1,15.1,15.7,15.9,15.2,16.1,15.9,14.8,14.0
"Grand Forks, North Dakota",United States of America,47.925,-97.033,,,-12.4,-11.1,-3.8,5.5,12.7,17.8,20.4,19.5,13.8,6.2,-3.3,-11.4,14,13,24,26,68,88,80,73,52,50,24,16,7.5,11.0,10.0,13.3,14.7,13.4,13.7,14.6,14.1,12.5,10.0,9.8
"Grand Island, Nebraska",United States of America,40.926,-98.342,,,-3.9,-1.6,4.1,10.3,16.2,21.8,24.5,23.4,18.5,11.2,3.4,-3.0,14,17,46,64,112,109,86,79,57,47,30,16,11.9,11.9,13.0,14.0,12.8,13.2,12.7,12.7,14.3,14.0,12.6,11.4
"Grand Junction, Colorado",United States of America,39.12,-108.53,,,-2.6,1.4,6.6,10.9,16.4,22.2,25.6,24.2,18.9,11.7,3.9,-1.9,15,14,23,23,22,12,16,24,30,27,18,15,11.5,12.0,13.9,15.1,16.2,17.4,16.7,15.8,15.6,14.6,12.6,11.1
"Grand Rapids, Michigan",United States of America,42.88,-85.52,,,-4.2,-2.9,2.1,8.9,14.8,20.2,22.5,21.6,17.1,10.6,4.5,-1.6,53,46,60,85,101,96,96,91,109,83,89,64,7.0,7.6,9.7,11.4,12.0,11.8,11.4,10.9,11.3,10.3,7.9,6.3
"Great Falls, Montana",United States of America,47.48,-111.37,,,-3.8,-2.6,1.2,6.1,10.9,15.3,19.7,19.0,13.4,7.4,0.8,-4.0,13,12,23,36,62,64,38,40,36,22,15,14,11.4,12.2,12.9,13.9,14.5,15.1,17.8,17.7,15.7,13.9,11.1,10.9
"Green Bay, Wisconsin",United States of America,44.48,-88.13,,,-8.6,-6.5,-0.6,6.6,12.8,18.2,20.6,19.6,15.2,8.4,1.5,-5.9,29,28,47,67,74,99,89,86,77,62,54,38,8.5,8.8,9.3,11.2,12.2,11.8,11.9,11.6,11.9,10.5,8.5,7.9
"Greensboro, North Carolina",United States of America,36.08,-79.95,,,2.6,4.4,9.3,14.2,18.8,22.8,24.9,24.3,20.9,14.8,9.7,4.7,80,84,94,72,102,97,115,99,89,89,75,85,11.2,11.9,12.7,13.3,12.4,11.7,11.1,10.9,11.3,12.7,12.2,11.1
"Greenville, South Carolina",United States of America,34.853,-82.394,,,4.8,6.3,10.3,15.7,20.3,24.6,26.5,26.0,22.0,16.1,10.9,6.0,104,102,117,92,96,117,124,118,110,96,105,107,10.3,10.8,12.1,12.9,11.8,10.4,10.3,10.3,10.7,11.5,11.1,9.8
"Gulfport, Mississippi",United States of America,30.367,-89.093,,,10.6,12.4,15.8,19.5,23.8,26.6,27.8,27.6,25.5,20.7,15.6,11.8,140,140,148,123,125,166,185,162,150,86,115,130,10.0,9.7,10.0,9.6,9.0,8.6,8.7,8.9,9.4,10.4,10.5,9.8
"Harrisburg, Pennsylvania",United States of America,40.22,-76.85,,,-1.7,-0.3,4.2,10.4,16.1,21.4,23.5,22.6,18.3,11.5,6.3,0.6,74,78,90,89,105,103,108,92,111,86,88,85,8.4,9.5,10.2,11.5,12.1,11.7,11.4,11.2,11.0,11.8,9.5,7.6
"Hattiesburg, Mississippi",United States of America,31.327,-89.29,,,9.2,11.0,15.0,18.5,23.1,26.2,27.7,27.5,24.9,19.4,14.2,10.4,146,137,140,125,126,140,137,120,104,95,108,125,12.6,12.8,13.6,14.2,13.3,12.0,11.4,11.8,12.1,13.9,13.9,12.4
"Helena, Montana",United States of America,46.6,-112.0,,,-5.0,-2.4,2.4,7.2,12.2,16.8,21.1,20.2,14.4,7.6,0.3,-5.7,9,8,15,25,48,52,30,30,28,17,12,10,11.3,12.1,13.3,14.2,14.6,15.1,17.4,18.0,16.4,14.5,11.8,11.0
"Hilo, Hawaii",United States of America,19.73,-155.09,,,21.9,21.8,22.1,22.4,23.2,24.0,24.4,24.6,24.6,24.2,23.4,22.4,235,243,341,293,206,187,275,250,252,248,394,294,8.4,8.5,8.0,7.5,7.6,7.8,7.5,7.5,7.9,7.8,7.5,7.9
"Honolulu, Hawaii",United States of America,21.33,-157.92,,,22.9,22.9,23.6,24.5,25.4,26.8,27.4,27.7,27.5,26.7,25.4,23.8,59,50,51,16,16,7,13,14,18,47,62,82,7.6,7.9,7.5,7.4,7.6,7.6,7.5,7.6,7.8,7.4,6.9,7.1
"Houston, Texas",United States of America,29.97,-95.35,,,11.7,13.6,17.1,20.8,25.0,27.9,29.1,29.2,26.6,22.0,16.9,12.4,86,81,87,84,129,151,96,96,105,145,110,95,11.0,11.0,11.4,11.2,10.4,10.1,10.4,10.9,11.1,11.7,11.3,10.9
"Huntington, West Virginia",United States of America,38.419,-82.445,,,1.1,2.8,7.3,13.1,18.1,22.9,24.9,24.2,20.2,14.0,8.3,3.0,89,75,99,90,118,99,115,96,76,74,79,85,10.3,11.3,13.0,14.4,13.3,12.3,11.7,12.1,13.1,14.2,12.3,9.7
"Huntsville, Alabama",United States of America,34.65,-86.77,,,5.3,7.6,12.0,16.6,21.3,25.4,27.0,26.8,23.1,17.1,11.5,6.6,124,123,132,110,130,109,103,92,94,91,126,147,10.8,11.4,12.6,13.1,12.2,11.7,11.3,11.9,12.5,13.1,12.2,10.6
"Idaho Falls, Idaho",United States of America,43.492,-112.034,,,-5.4,-3.1,3.1,7.8,12.5,17.1,21.2,20.6,15.1,8.3,0.9,-5.1,27,28,35,36,51,34,15,17,25,29,32,31,9.5,10.7,12.5,14.9,15.6,17.0,19.0,19.9,18.5,15.9,11.1,9.2
"Indianapolis, Indiana",United States of America,39.73,-86.27,,,-2.2,0.0,5.8,11.8,17.1,22.4,24.0,23.4,19.5,12.7,6.7,-0.1,56,54,84,99,134,112,108,81,57,79,94,78,7.8,8.8,10.0,10.7,10.8,10.0,9.6,10.1,11.2,10.7,8.7,7.5
"Jackson, Mississippi",United States of America,32.32,-90.08,,,8.2,10.4,14.2,18.2,22.7,26.3,27.8,27.6,24.6,19.0,13.5,9.3,127,112,130,130,123,105,116,102,82,101,121,132,10.9,11.5,12.0,12.3,11.2,11.0,10.7,10.9,11.4,12.3,12.4,10.8
"Jacksonville, Florida",United States of America,30.5,-81.7,,,12.3,13.7,16.6,19.5,23.3,26.4,27.5,27.5,25.9,21.8,17.4,13.4,84,80,100,64,72,149,158,176,176,112,64,78,11.4,11.6,11.5,11.8,11.2,9.5,9.7,8.8,8.5,9.3,11.1,11.1
"Jefferson City, Missouri",United States of America,38.577,-92.174,,,-0.9,1.7,6.9,12.9,18.0,23.1,25.7,25.1,20.2,13.8,7.4,0.8,48,59,76,105,131,112,110,103,106,85,92,69,10.6,11.5,12.5,12.7,11.8,11.0,11.2,11.9,12.6,13.1,11.6,10.3
"Joliet, Illinois",United States of America,41.525,-88.082,,,-4.5,-2.1,3.5,9.9,15.6,21.3,23.4,22.6,18.6,11.8,5.2,-2.2,46,43,57,89,104,99,110,106,76,72,78,56,8.3,8.6,10.1,11.9,12.6,11.8,11.3,10.9,12.1,11.8,9.0,8.0
"Jonesboro, Arkansas",United States of America,35.842,-90.704,,,2.0,4.5,9.7,15.3,20.3,24.9,26.8,26.3,22.0,15.9,9.4,3.6,93,94,109,124,128,80,87,72,82,114,123,118,11.1,11.7,12.8,12.8,12.4,12.2,11.7,12.2,13.3,13.8,12.2,10.7
"Juneau, Alaska",United States of America,58.37,-134.58,,,-0.9,0.1,1.9,5.7,9.8,13.0,14.1,13.6,10.7,6.5,2.0,0.2,203,170,160,118,126,112,138,207,323,336,214,234,4.6,5.0,6.0,7.7,8.1,7.8,6.6,6.9,6.0,5.2,4.6,4.9
"Kailua, Hawaii",United States of America,21.402,-157.739,,,19.4,18.9,19.4,19.9,20.6,21.4,22.0,22.3,22.1,21.8,20.7,19.7,239,173,288,282,222,177,264,206,215,183,240,251,7.1,7.5,7.1,6.5,6.1,6.5,6.2,6.2,6.7,6.3,5.4,7.0
"Kansas City, Kansas",United States of America,39.114,-94.627,,,-0.5,1.9,7.8,13.7,19.1,24.4,27.2,26.3,21.2,14.6,7.5,0.9,29,38,55,94,130,140,101,112,106,89,54,44,9.5,10.2,11.3,11.2,10.5,10.1,10.1,10.2,10.9,10.5,9.7,9.0
"Kansas City, Missouri",United States of America,39.32,-94.72,,,-0.5,1.9,7.8,13.7,19.1,24.4,27.2,26.3,21.2,14.6,7.5,0.9,29,38,55,94,130,140,101,112,106,89,54,44,9.5,10.2,11.3,11.2,10.5,10.1,10.1,10.2,10.9,10.5,9.7,9.0
"Kapolei, Hawaii",United States of America,21.335,-158.057,,,22.6,22.5,23.2,24.0,24.5,26.1,26.9,27.0,26.7,26.2,24.8,23.2,60,52,47,28,26,9,14,15,20,58,42,88,9.6,9.6,9.3,9.6,9.4,8.9,9.1,9.3,9.6,9.6,8.9,9.2
"Kearney, Nebraska",United States of America,40.699,-99.082,,,-4.1,-2.1,3.2,9.2,15.3,21.0,23.7,22.6,17.5,10.4,2.8,-3.4,12,14,46,57,106,100,83,78,53,52,26,14,12.6,12.9,14.0,14.9,13.2,13.6,13.4,13.3,15.0,14.9,13.5,12.1
"Keene, New Hampshire",United States of America,42.934,-72.278,,,-6.6,-4.8,0.1,7.1,13.2,18.2,20.9,20.1,15.6,8.8,3.1,-3.2,76,69,84,86,100,99,109,97,97,110,95,85,11.9,13.1,13.3,14.5,15.4,14.5,14.4,14.3,14.5,14.2,11.5,10.5
"Kenosha, Wisconsin",United States of America,42.585,-87.821,,,-4.8,-2.8,1.9,7.3,12.5,18.3,21.9,21.5,17.4,11.0,4.4,-2.5,45,35,65,96,100,92,92,103,88,76,72,54,7.8,7.5,8.1,8.5,9.2,9.2,8.8,8.2,8.7,8.8,8.0,7.6
"Ketchikan, Alaska",United States of America,55.342,-131.646,,,1.6,2.1,3.2,5.8,9.2,12.2,14.3,14.4,11.4,7.4,3.6,1.8,391,268,277,238,208,168,167,249,350,488,422,361,5.4,5.6,6.6,7.8,8.1,7.5,7.0,6.9,6.6,6.0,5.3,4.9
"Key West, Florida",United States of America,24.55,-81.75,,,20.7,21.6,22.9,24.7,26.9,28.5,29.2,29.1,28.5,26.8,24.4,21.9,52,38,52,52,76,104,90,137,170,125,58,56,5.6,5.5,5.5,5.4,5.1,5.0,5.2,5.5,5.3,4.8,4.5,5.0
"Knoxville, Tennessee",United States of America,35.8,-84.0,,,2.8,4.8,9.2,13.8,18.6,23.2,25.1,24.7,21.2,14.8,9.1,4.2,123,118,118,110,122,99,142,85,95,72,108,129,11.0,12.2,13.8,14.5,13.4,12.4,11.7,12.2,13.2,14.1,13.4,11.0
"Lafayette, Louisiana",United States of America,30.224,-92.02,,,10.3,12.2,15.9,19.6,23.8,26.7,27.6,27.7,25.2,20.5,15.8,11.6,148,118,102,104,114,165,142,125,133,144,118,136,11.1,11.5,11.8,11.9,11.2,10.6,10.3,10.8,11.1,12.2,12.1,11.5
"Lake Charles, Louisiana",United States of America,30.12,-93.22,,,11.0,12.8,16.3,20.1,24.2,27.2,28.2,28.3,25.9,21.1,16.2,12.1,133,88,93,85,132,174,143,123,134,124,112,119,10.6,10.6,11.2,10.9,10.0,9.2,9.1,9.9,10.6,11.9,11.6,10.8
"Lansing, Michigan",United States of America,42.77,-84.6,,,-4.6,-3.2,2.0,8.8,14.7,20.0,22.0,21.2,17.0,10.4,4.5,-1.8,46,38,45,73,85,89,83,84,92,70,71,42,7.5,8.3,9.5,10.9,11.6,11.6,11.7,11.5,12.3,10.7,8.1,6.9
"Las Vegas, Nevada",United States of America,36.08,-115.17,,,9.2,11.6,15.5,19.6,25.2,30.4,33.6,32.6,28.0,20.9,13.6,8.7,14,19,11,4,3,2,10,8,6,7,9,13,10.3,10.6,11.6,12.3,12.8,13.4,12.9,12.6,12.7,12.3,11.0,10.0
"Lawton, Oklahoma",United States of America,34.604,-98.396,,,4.9,7.3,12.1,16.8,21.8,26.4,29.0,28.9,23.9,17.6,10.5,4.9,29,34,59,71,106,100,56,69,84,93,46,44,14.8,14.2,14.4,14.7,13.4,13.2,14.5,14.6,14.2,14.2,14.6,14.2
"Lexington, Kentucky",United States of America,38.03,-84.6,,,0.5,2.7,7.5,12.9,17.9,22.6,24.6,24.1,20.1,13.9,8.0,2.2,81,81,103,91,134,113,118,83,74,80,90,100,8.8,9.8,10.9,11.7,11.4,11.4,11.0,11.5,11.8,11.6,10.1,8.8
"Lincoln, Nebraska",United States of America,40.85,-96.75,,,-4.1,-1.6,4.5,10.8,16.9,22.6,25.3,24.0,18.9,11.8,3.9,-2.9,16,20,49,69,109,110,86,89,77,50,36,24,12.0,12.3,13.6,14.1,13.1,12.9,12.8,12.7,14.0,14.0,12.6,11.6
"Little Rock, Arkansas",United States of America,34.83,-92.27,,,5.0,7.4,12.2,17.1,21.6,25.9,28.0,27.8,23.6,17.6,11.6,6.2,87,93,121,122,126,84,97,71,84,122,137,127,9.3,10.0,10.8,11.1,10.4,10.5,10.7,11.1,11.0,10.7,9.9,9.0
"Los Angeles, California",United States of America,33.93,-118.38,,,14.5,14.9,15.9,17.2,18.8,20.6,23.0,23.5,22.9,20.3,16.9,14.2,79,96,62,23,7,2,0,1,6,17,26,59,11.3,10.7,10.6,10.7,9.7,9.9,10.8,11.3,11.1,11.0,11.6,11.2
"Louisville, Kentucky",United States of America,38.18,-85.73,,,1.6,3.8,8.8,14.4,19.5,24.2,26.3,25.8,21.6,15.3,9.3,3.3,82,81,106,102,134,96,107,85,78,82,91,97,9.0,10.0,11.2,11.9,11.2,10.7,10.4,11.0,11.7,11.8,10.2,8.8
"Lowell, Massachusetts",United States of America,42.633,-71.316,,,-4.6,-2.8,1.5,8.0,14.0,19.1,22.2,21.4,16.8,10.0,4.7,-1.1,87,76,107,105,98,106,97,97,96,113,111,101,10.6,11.5,12.1,13.6,14.3,13.5,13.7,13.4,13.7,13.4,11.2,9.9
"Lubbock, Texas",United States of America,33.63,-101.85,,,4.6,6.9,11.1,15.9,21.1,25.2,26.8,26.0,22.1,16.4,9.9,4.8,16,19,28,36,58,77,48,48,64,49,22,19,15.4,16.0,16.5,16.5,15.5,14.7,14.0,13.7,14.3,15.2,15.4,15.0
"Macon, Georgia",United States of America,32.7,-83.65,,,8.0,10.0,13.8,17.5,22.1,26.1,27.7,27.1,23.9,18.2,13.2,8.8,108,111,116,75,69,103,126,104,91,71,84,103,12.7,13.4,14.1,14.8,14.1,12.6,12.0,11.7,12.4,13.9,14.3,12.9
"Madison, Wisconsin",United States of America,43.13,-89.33,,,-7.3,-5.0,1.1,8.1,14.0,19.4,21.9,20.6,16.1,9.3,2.3,-5.0,31,37,56,86,90,115,106,108,80,61,61,44,8.5,8.9,10.2,12.0,12.4,12.1,11.5,11.3,12.0,11.1,8.8,7.9
"Manchester, New Hampshire",United States of America,42.996,-71.455,,,-4.2,-2.2,2.2,8.5,14.5,19.5,22.6,21.6,17.0,10.5,5.2,-0.9,77,71,110,98,103,96,96,92,97,106,103,83,9.7,9.9,9.9,11.4,11.8,11.6,10.9,11.1,11.2,11.3,9.3,8.7
"McComb, Mississippi",United States of America,31.244,-90.453,,,9.1,11.0,14.8,18.4,22.6,26.0,27.1,27.0,24.5,19.2,14.2,10.1,154,144,148,124,114,133,141,136,112,95,111,138,12.0,12.4,13.1,13.1,12.1,11.7,11.4,11.5,11.7,12.9,12.9,11.7
"Medford, Oregon",United States of America,42.37,-122.87,,,4.6,6.8,9.1,11.6,15.4,19.4,23.4,23.2,19.3,13.4,7.0,4.0,62,51,43,35,33,16,7,10,14,29,77,89,8.4,11.2,12.5,13.4,15.0,16.5,18.5,18.8,18.6,15.5,9.3,7.3
"Memphis, Tennessee",United States of America,35.05,-89.98,,,3.9,6.1,10.7,15.8,20.9,25.4,27.2,26.7,22.8,16.5,10.8,5.3,101,119,126,135,142,94,115,84,83,109,136,151,10.5,11.4,12.4,13.0,11.9,11.4,11.0,11.8,12.7,13.6,12.2,10.7
"Miami, Florida",United States of America,25.8,-80.3,,,20.5,21.3,22.2,23.9,25.9,27.6,28.7,28.7,28.1,26.4,23.9,21.6,56,59,70,69,128,210,101,149,191,117,72,51,6.4,6.0,5.7,5.4,4.6,5.0,5.2,5.2,4.9,4.7,5.0,5.6
"Middletown, Connecticut",United States of America,41.562,-72.651,,,-1.8,-0.1,3.9,10.1,15.5,20.6,23.3,22.2,17.9,11.6,6.7,0.8,95,85,110,112,107,126,111,102,94,136,110,110,8.8,9.4,9.6,11.6,12.6,12.3,12.2,11.2,10.9,9.9,8.8,8.3
"Milwaukee, Wisconsin",United States of America,42.95,-87.9,,,-5.4,-3.4,1.7,7.5,13.2,19.0,22.1,21.5,17.2,10.7,3.9,-3.1,45,42,58,90,86,99,93,101,81,67,69,52,7.4,7.4,8.2,9.2,10.2,10.2,9.2,8.6,9.1,9.0,7.8,7.0
"Minneapolis, Minnesota",United States of America,44.88,-93.22,,,-9.1,-6.2,0.5,8.6,15.1,20.4,23.2,21.8,16.7,9.3,0.9,-6.8,23,20,48,68,85,108,103,109,78,62,45,30,9.0,9.0,9.5,11.4,11.4,11.1,10.8,10.3,10.8,10.1,8.3,8.2
"Minot, North Dakota",United States of America,48.233,-101.296,,,-11.0,-8.3,-2.1,6.3,12.7,17.7,20.9,20.2,14.3,6.9,-2.0,-9.2,13,10,21,29,64,91,62,52,37,30,19,10,9.6,9.3,9.8,12.8,13.2,12.4,13.1,14.1,13.2,11.8,9.4,9.1
"Missoula, Montana",United States of America,46.861,-114.019,,,-3.0,-0.8,3.5,7.2,11.5,15.5,19.8,19.4,13.9,7.3,0.6,-4.2,30,25,32,39,61,63,30,31,35,28,32,34,8.2,9.8,11.6,13.2,14.2,14.8,17.8,17.9,16.1,12.8,8.3,7.8
"Mobile, Alabama",United States of America,30.68,-88.23,,,10.2,11.9,15.4,19.1,23.2,26.5,27.8,27.8,25.8,20.7,15.6,11.5,144,122,163,116,135,162,164,156,135,104,127,130,10.9,10.7,11.1,10.8,10.1,9.3,9.2,9.4,9.8,11.2,11.4,10.3
"Montgomery, Alabama",United States of America,32.4,-86.23,,,8.1,10.3,14.1,17.9,22.4,26.1,27.6,27.5,24.5,18.8,13.6,9.2,118,134,151,102,90,103,133,101,101,74,117,123,12.0,12.6,13.5,13.9,13.0,12.0,11.5,11.6,12.3,13.8,14.0,12.3
"Montpelier, Vermont",United States of America,44.26,-72.575,,,-9.1,-7.1,-1.8,5.9,12.9,18.6,21.3,20.2,15.5,8.2,2.1,-5.3,76,68,72,80,98,105,112,103,88,100,90,85,13.7,14.8,14.3,13.9,14.8,13.8,14.2,14.4,14.6,13.7,11.0,11.0
"Myrtle Beach, South Carolina",United States of America,33.689,-78.887,,,7.0,8.5,11.8,16.1,20.6,24.5,26.5,25.8,23.2,17.9,13.1,8.6,95,95,100,78,87,115,165,157,154,88,76,95,11.7,12.3,12.4,12.4,11.4,9.7,9.3,9.7,11.0,13.0,13.6,12.5
"Nampa, Idaho",United States of America,43.541,-116.563,,,-0.8,2.0,6.8,10.3,14.8,19.5,23.6,22.7,17.2,10.8,4.1,-0.9,31,24,32,27,33,17,7,6,12,19,32,37,8.9,11.0,13.9,15.6,16.2,17.3,19.4,19.8,18.9,16.6,11.8,9.7
"Napa, California",United States of America,38.298,-122.287,,,7.8,9.5,11.2,12.7,15.1,17.9,18.6,18.8,18.1,14.8,10.7,7.7,111,96,64,26,21,5,0,1,8,25,65,96,10.0,11.6,13.2,14.8,15.1,15.9,14.3,15.3,16.9,17.2,13.8,10.9
"Naples, Florida",United States of America,26.142,-81.795,,,18.0,19.4,21.1,22.9,25.6,27.8,28.4,28.4,28.0,25.8,22.2,19.4,47,53,60,60,80,224,185,218,195,106,52,37,11.4,11.1,11.0,11.0,10.7,8.9,9.1,8.7,8.4,9.4,10.1,10.9
"Nashua, New Hampshire",United States of America,42.765,-71.468,,,-4.7,-3.0,1.8,7.9,13.8,18.7,21.4,21.0,16.6,9.9,4.6,-1.1,93,81,108,101,74,110,93,114,86,119,104,93,10.8,10.9,11.5,12.6,13.2,12.2,12.5,12.3,12.5,12.9,10.6,9.6
"Nashville, Tennessee",United States of America,36.12,-86.68,,,3.2,5.4,10.0,15.0,19.8,24.3,26.3,25.9,21.9,15.8,9.9,4.6,95,100,104,102,140,105,92,80,87,77,110,108,10.3,11.2,12.2,12.8,11.9,11.4,11.0,11.5,12.1,12.7,11.6,10.1
"New Haven, Connecticut",United States of America,41.308,-72.928,,,-1.1,0.4,4.1,9.6,14.9,20.3,23.4,22.8,18.5,12.3,7.2,2.0,81,73,109,113,106,102,102,100,111,108,100,92,8.6,8.6,9.1,10.0,10.7,9.8,9.5,8.9,10.2,10.2,9.3,8.1
"New Orleans, Louisiana",United States of America,29.98,-90.25,,,11.8,13.9,17.4,21.1,25.4,28.1,29.0,29.2,27.0,22.4,17.6,13.2,130,123,121,102,110,168,144,133,105,79,104,124,7.6,8.0,8.1,8.1,7.7,7.4,7.0,7.0,6.7,7.0,7.8,7.7
"New York City, New York",United States of America,40.65,-73.78,,,0.4,1.8,5.8,11.6,16.9,22.0,24.6,24.0,20.0,13.8,8.7,3.0,93,78,111,114,106,112,117,113,109,112,102,102,6.3,7.0,8.0,9.1,9.4,8.7,8.5,8.2,8.0,7.7,6.8,6.1
"Newark, Delaware",United States of America,39.684,-75.75,,,0.6,2.2,6.4,12.3,17.6,22.9,25.0,24.2,20.2,13.8,8.3,2.8,80,70,104,94,104,102,122,101,120,89,90,97,10.0,10.9,12.5,14.1,13.9,13.2,12.4,12.3,12.5,13.1,11.8,10.0
"Newark, New Jersey",United States of America,40.7,-74.17,,,-0.2,1.5,5.7,11.6,17.1,22.4,25.2,24.3,20.1,13.7,8.2,2.6,90,73,106,107,104,102,121,94,97,91,93,97,8.0,8.5,9.5,10.2,10.5,10.1,9.6,9.2,9.4,9.6,8.7,7.7
"Newport News, Virginia",United States of America,37.087,-76.473,,,4.8,6.0,10.1,15.2,19.9,24.6,26.6,25.6,22.5,16.7,11.8,6.7,85,76,87,85,95,97,120,136,122,88,78,86,9.8,11.3,11.7,12.9,11.9,11.0,10.7,10.4,10.8,11.6,11.3,10.5
"Norfolk, Virginia",United States of America,36.9,-76.2,,,4.8,6.2,10.1,15.2,19.9,24.4,26.7,25.5,22.3,16.6,11.5,6.5,94,80,102,92,98,114,131,186,129,87,87,91,8.7,10.1,11.0,11.9,11.6,10.0,10.0,9.3,9.8,10.3,10.3,9.7
"Norman, Oklahoma",United States of America,35.223,-97.439,,,3.3,5.5,10.2,15.3,20.6,24.8,27.6,27.3,22.8,16.1,9.9,4.4,39,47,80,85,120,140,76,89,102,99,55,54,12.1,13.3,13.3,13.1,11.2,10.8,11.7,12.4,12.3,13.1,12.5,11.6
"North Platte, Nebraska",United States of America,41.13,-100.68,,,-3.9,-1.7,3.4,8.7,14.4,19.9,23.5,22.4,16.8,9.5,2.0,-3.7,9,13,27,58,83,87,78,58,36,39,16,10,15.4,15.5,16.1,16.2,15.4,15.5,15.4,15.5,17.2,17.2,16.2,15.2
"Oklahoma City, Oklahoma",United States of America,35.4,-97.6,,,3.4,5.7,10.3,15.3,20.5,25.1,28.1,27.6,22.9,16.2,9.8,4.0,17,31,71,74,103,120,68,84,87,83,47,38,11.8,12.5,12.6,12.4,11.7,11.5,11.8,12.1,11.6,12.3,11.7,11.3
"Olathe, Kansas",United States of America,38.881,-94.819,,,-1.4,1.2,6.9,12.6,18.4,23.1,25.8,25.4,19.9,13.5,6.5,-0.1,29,39,66,98,138,154,110,92,119,90,61,41,10.4,11.4,12.6,12.5,11.5,11.5,11.9,12.1,13.1,11.8,11.3,10.1
"Olympia, Washington",United States of America,47.038,-122.901,,,4.3,5.0,6.9,9.1,12.3,15.0,17.6,17.9,15.0,10.2,6.2,3.5,199,134,134,90,59,45,16,24,43,117,219,190,6.8,9.2,10.5,11.7,12.3,12.7,14.5,15.1,14.3,11.0,7.7,6.5
"Omaha, Nebraska",United States of America,41.3,-95.9,,,-5.3,-3.0,3.3,10.0,16.1,21.2,23.8,22.6,17.9,11.2,3.3,-4.0,18,22,54,87,119,105,100,90,73,62,38,26,10.8,11.1,12.6,13.7,12.1,11.8,11.0,11.1,12.6,12.4,11.1,10.1
"Orlando, Florida",United States of America,28.43,-81.33,,,15.7,17.4,19.6,22.1,25.5,27.8,28.7,28.6,27.6,24.4,20.4,17.2,70,72,96,63,84,222,180,199,153,84,62,67,11.6,10.9,11.2,11.3,11.2,9.7,9.0,8.9,8.4,9.1,10.1,10.2
"Owensboro, Kentucky",United States of America,37.772,-87.111,,,2.2,4.5,9.2,15.2,20.1,24.8,26.8,26.1,22.2,15.9,9.8,3.8,87,104,118,115,148,76,96,84,88,88,103,107,10.8,11.6,12.7,14.0,13.2,13.2,13.0,13.9,15.1,15.5,12.7,11.5
"Paducah, Kentucky",United States of America,37.07,-88.77,,,2.0,4.4,9.4,15.1,20.2,24.9,26.6,26.4,22.2,15.6,9.9,3.6,84,97,104,112,132,92,101,76,90,98,106,111,10.8,11.5,12.3,13.3,13.9,12.9,12.9,13.1,13.6,13.8,12.5,10.8
"Palm Springs, California",United States of America,33.83,-116.545,,,14.2,15.7,18.7,21.6,26.1,30.3,33.5,33.2,30.2,24.2,18.1,13.2,25,26,16,3,3,2,6,9,9,11,14,22,12.8,13.6,14.4,15.3,15.9,17.0,16.6,15.9,15.4,14.9,13.9,12.6
"Parkersburg, West Virginia",United States of America,39.267,-81.562,,,0.1,1.5,6.2,12.3,17.5,22.4,24.6,23.9,19.9,13.2,7.6,2.2,78,68,97,87,114,106,123,89,78,71,79,80,9.3,10.5,12.2,13.8,13.2,12.6,11.9,12.4,12.9,13.0,11.1,9.1
"Pendleton, Oregon",United States of America,45.68,-118.85,,,2.3,3.9,7.8,11.0,15.1,18.8,22.8,22.1,17.3,11.0,5.7,1.4,40,32,36,39,44,31,10,14,18,28,48,38,9.2,11.3,13.7,14.7,15.4,15.9,18.9,19.4,19.0,16.4,11.0,8.7
"Peoria, Illinois",United States of America,40.67,-89.68,,,-4.0,-1.4,4.8,11.3,16.9,22.1,24.2,23.2,18.9,12.2,5.3,-1.9,45,46,71,92,110,90,98,82,80,72,80,62,8.7,9.2,10.8,11.8,12.0,11.6,11.2,11.2,12.1,11.7,9.7,8.4
"Philadelphia, Pennsylvania",United States of America,39.88,-75.23,,,0.5,2.1,6.4,12.2,17.7,22.9,25.6,24.8,20.6,14.1,8.7,3.0,77,67,96,90,94,87,110,89,96,81,76,90,8.2,9.0,10.2,11.0,11.0,10.5,9.9,9.7,9.9,10.1,9.3,8.2
"Phoenix, Arizona",United States of America,33.43,-112.02,,,13.9,15.7,18.8,22.8,27.7,32.5,34.5,34.0,30.9,24.9,17.9,13.4,25,25,27,7,2,0,27,25,16,16,17,22,12.7,12.8,13.8,14.2,14.2,14.8,12.9,12.3,13.7,13.8,13.6,12.5
"Pierre, South Dakota",United States of America,44.368,-100.351,,,-6.7,-4.2,1.4,8.3,14.4,19.9,24.1,23.1,17.1,9.2,1.0,-5.8,11,15,31,46,80,91,66,46,48,42,19,14,11.2,11.7,12.1,14.2,13.6,13.7,15.0,15.1,15.1,13.7,11.5,10.7
"Pittsburgh, Pennsylvania",United States of America,40.5,-80.22,,,-1.8,-0.2,4.4,10.8,15.9,20.5,22.7,22.1,18.1,11.8,6.2,0.6,69,68,79,80,106,103,96,89,85,64,85,74,7.8,8.5,10.0,11.1,11.0,10.7,10.6,10.4,10.1,10.3,8.3,7.3
"Pocatello, Idaho",United States of America,42.92,-112.53,,,-3.5,-1.0,4.5,8.9,13.8,18.4,23.0,22.4,17.2,10.1,2.4,-2.8,22,27,32,27,42,30,22,23,26,25,30,32,8.8,10.5,12.4,13.2,14.1,15.5,16.8,17.5,16.8,14.0,10.2,8.9
"Portland, Maine",United States of America,43.65,-70.32,,,-5.4,-3.6,0.8,6.7,12.2,17.4,20.6,20.0,15.7,9.3,4.2,-1.8,86,83,108,110,102,96,92,80,94,124,125,102,9.9,10.1,9.5,10.3,10.7,10.9,10.8,10.8,10.9,11.0,9.5,9.3
"Portland, Oregon",United States of America,45.57,-122.72,,,5.2,6.5,8.9,11.2,14.6,17.6,20.6,20.9,18.0,12.8,8.2,4.7,124,93,94,69,63,43,16,17,37,76,143,139,6.2,8.3,9.5,10.1,10.8,11.1,12.7,12.9,12.6,9.9,6.9,5.8
"Providence, Rhode Island",United States of America,41.73,-71.43,,,-1.5,-0.1,3.9,9.5,14.7,20.0,23.0,22.4,18.1,12.0,7.0,1.2,98,84,127,111,90,92,84,91,100,100,115,107,9.1,9.3,9.9,10.6,11.0,10.6,10.3,10.1,10.5,10.8,9.7,8.9
"Provo, Utah",United States of America,40.234,-111.659,,,-0.6,2.0,7.1,11.2,16.0,20.9,25.2,24.2,19.0,12.1,5.2,-0.1,48,47,49,51,53,30,19,25,37,51,43,49,9.6,11.1,12.9,14.2,15.6,17.5,18.1,17.7,17.2,15.1,11.4,9.1
"Pueblo, Colorado",United States of America,38.28,-104.52,,,0.4,1.8,6.6,10.8,16.4,21.9,25.2,23.9,19.1,12.1,5.5,0.6,9,8,23,37,42,35,51,61,22,18,14,9,16.5,16.8,17.0,17.2,16.9,17.4,17.4,16.6,17.5,18.0,16.8,15.6
"Racine, Wisconsin",United States of America,42.726,-87.783,,,-5.2,-3.4,1.5,7.0,12.2,18.1,21.8,21.5,17.3,10.8,4.2,-2.8,44,41,56,95,100,97,85,103,93,70,75,55,7.9,7.3,7.2,7.6,8.1,8.6,7.8,7.3,7.8,8.1,7.3,7.3
"Raleigh & Durham, North Carolina",United States of America,35.87,-78.78,,,5.0,7.0,10.9,15.6,20.0,24.7,26.7,25.8,22.1,16.2,11.2,6.3,89,82,104,74,83,89,120,108,111,83,79,78,11.1,11.9,13.0,13.5,12.8,11.8,11.2,11.0,11.3,12.7,12.7,11.3
"Rapid City, South Dakota",United States of America,44.05,-103.07,,,-2.8,-2.0,2.1,7.1,13.2,18.4,22.8,22.1,16.2,9.1,2.6,-2.5,7,12,25,53,106,80,64,50,39,42,15,8,11.7,11.4,12.0,12.1,11.9,12.1,12.6,13.3,12.5,12.0,10.2,10.3
"Reading, Pennsylvania",United States of America,40.336,-75.927,,,-1.2,0.1,5.0,10.8,16.1,21.4,23.8,22.8,18.6,12.0,6.7,1.1,78,63,88,96,108,96,115,92,110,82,88,84,8.9,10.1,10.7,12.1,12.5,11.9,11.7,11.7,11.5,11.7,10.4,8.7
"Reno, Nevada",United States of America,39.5,-119.78,,,1.2,3.4,6.7,9.5,14.3,19.2,24.5,23.1,18.3,12.0,5.7,1.2,26,27,20,14,17,14,6,6,10,16,26,30,9.9,10.9,12.5,14.2,15.0,16.3,16.4,16.6,16.0,14.3,11.0,9.7
"Richmond, Virginia",United States of America,37.5,-77.33,,,3.2,4.9,9.2,14.6,19.1,24.1,26.3,25.3,21.4,15.4,10.2,5.0,77,70,103,83,96,100,115,118,105,76,82,83,10.7,11.5,12.8,13.5,12.7,12.0,11.6,11.2,11.7,12.6,12.2,10.7
"Rio Rancho, New Mexico",United States of America,35.233,-106.663,,,2.8,4.6,9.3,13.6,18.7,23.8,26.1,25.0,21.0,14.5,6.9,2.7,17,12,17,17,23,18,39,51,31,34,17,18,15.1,16.4,16.7,18.0,17.2,18.6,17.4,16.6,16.8,16.7,16.1,14.0
"Roanoke, Virginia",United States of America,37.32,-79.97,,,1.9,3.8,7.6,12.8,17.4,22.1,24.1,23.6,20.0,13.9,8.3,3.7,77,67,95,95,112,113,132,91,105,78,83,82,11.9,12.7,13.9,14.3,14.4,13.3,12.5,12.5,12.6,14.1,13.1,11.6
"Rochester, Minnesota",United States of America,44.023,-92.463,,,-9.1,-6.6,0.2,8.2,14.5,19.8,21.9,20.6,16.0,9.2,1.0,-6.8,22,21,48,82,92,119,116,115,88,57,48,31,8.8,8.7,9.0,11.5,11.8,11.6,11.1,10.9,11.7,11.1,8.6,8.3
"Rochester, New Hampshire",United States of America,43.305,-70.976,,,-5.1,-3.1,1.2,7.3,13.1,18.1,21.1,20.1,15.8,9.4,4.0,-1.9,80,74,100,110,106,105,104,94,100,118,116,70,9.6,10.1,10.6,11.7,12.8,12.4,12.8,12.4,12.7,11.8,9.7,9.2
"Rochester, New York",United States of America,43.12,-77.67,,,-4.1,-3.1,1.3,8.0,13.9,19.1,21.6,20.8,16.6,10.3,4.8,-1.1,61,50,64,69,73,85,85,88,86,69,75,67,7.8,8.6,9.4,10.7,11.9,11.5,11.3,10.9,10.9,10.0,8.3,7.2
"Rock Hill, South Carolina",United States of America,34.925,-81.025,,,4.9,6.7,10.9,15.6,20.1,24.6,26.7,25.9,22.2,15.9,10.6,6.0,91,94,102,80,79,103,95,110,89,91,85,89,12.1,12.7,13.5,14.3,13.4,12.4,11.8,11.6,11.8,13.0,13.1,12.2
"Rock Springs, Wyoming",United States of America,41.587,-109.203,,,-5.5,-3.5,2.2,7.0,11.5,16.3,20.9,20.1,14.7,8.4,0.6,-5.1,11,12,17,23,36,22,18,24,27,28,13,13,12.4,13.2,13.5,15.8,16.6,17.4,17.9,18.0,18.0,16.2,13.0,11.5
"Rockford, Illinois",United States of America,42.2,-89.1,,,-5.9,-3.4,2.9,9.7,15.6,21.0,23.2,22.1,17.7,11.0,3.9,-3.6,35,36,59,85,102,118,100,117,85,68,66,50,8.9,9.1,10.8,12.5,13.0,12.6,12.0,11.7,12.8,12.3,9.6,8.6
"Roswell, New Mexico",United States of America,33.394,-104.523,,,3.7,6.3,10.2,14.5,19.5,24.6,25.7,24.8,21.0,15.1,8.5,3.6,12,13,15,18,32,45,56,74,51,34,18,17,18.2,19.0,20.0,19.7,18.4,17.9,15.4,15.0,16.2,17.5,18.4,18.0
"Rutland, Vermont",United States of America,43.611,-72.973,,,-7.5,-6.2,-0.8,6.7,13.0,17.9,20.3,19.1,14.4,8.1,2.6,-3.9,64,55,70,73,94,101,121,103,94,97,83,71,11.8,12.7,12.5,13.2,13.7,13.1,13.0,12.5,12.9,12.6,10.7,10.3
"Sacramento, California",United States of America,38.52,-121.5,,,7.9,10.4,12.5,14.8,18.6,21.9,24.0,23.6,21.9,17.7,11.8,7.9,92,88,70,29,17,5,0,1,7,24,53,83,8.3,10.5,11.7,13.8,16.0,17.4,18.7,18.5,17.5,15.2,11.7,8.6
"Saint Paul, Minnesota",United States of America,44.954,-93.09,,,-8.3,-5.6,0.9,9.3,15.6,20.7,23.3,22.0,16.9,9.8,1.6,-6.3,16,12,41,45,78,95,113,107,88,66,43,21,8.5,8.6,9.1,10.8,11.2,10.6,10.4,10.3,10.5,10.1,8.0,7.6
"Salem, Oregon",United States of America,44.92,-123.0,,,5.1,6.2,8.2,10.2,13.5,16.4,19.8,19.8,17.0,11.8,7.5,4.5,151,116,101,71,56,39,12,11,32,77,165,174,7.2,9.5,10.7,12.0,12.8,13.7,16.1,16.4,15.8,12.1,7.8,6.8
"Salt Lake City, Utah",United States of America,40.78,-111.95,,,-1.4,1.2,6.5,10.3,15.5,20.9,26.0,24.9,18.9,11.7,4.4,-1.0,32,32,46,50,50,25,16,18,31,39,37,36,8.8,10.0,11.2,12.2,13.4,14.7,15.5,15.1,14.5,13.0,10.5,8.5
"San Angelo, Texas",United States of America,31.37,-100.5,,,8.0,10.2,14.3,18.9,23.6,26.9,28.5,28.1,24.2,19.0,12.9,8.2,24,34,38,36,72,66,30,57,62,69,29,22,14.6,14.7,14.8,15.6,14.1,13.0,13.3,13.3,13.5,14.0,14.5,14.6
"San Antonio, Texas",United States of America,29.53,-98.47,,,11.0,13.1,16.8,20.7,25.0,28.1,29.2,29.6,26.5,21.8,16.2,11.6,45,46,59,53,102,105,70,53,77,104,58,48,12.4,12.6,12.7,12.4,11.3,10.9,11.1,11.9,11.8,12.3,12.2,12.4
"San Diego, California",United States of America,32.73,-117.17,,,13.9,14.4,15.2,16.5,17.8,19.1,21.1,22.0,21.4,19.3,16.3,13.6,50,58,46,20,3,2,1,0,4,14,26,39,9.0,7.9,6.9,6.4,5.1,4.9,5.1,5.4,6.0,6.8,8.6,9.1
"San Francisco, California",United States of America,37.62,-122.38,,,10.7,12.1,12.9,13.4,14.2,15.4,15.8,16.5,17.0,16.4,13.7,10.8,114,113,83,37,18,4,0,2,5,28,80,116,6.2,7.1,7.4,7.7,7.3,7.5,6.9,7.3,8.4,8.6,7.2,6.1
"San Jose, California",United States of America,37.33,-121.88,,,10.6,12.5,13.8,15.2,17.8,20.2,21.6,21.5,20.7,17.9,13.8,10.9,76,84,52,27,10,2,0,0,6,20,48,54,9.7,10.4,11.0,12.0,12.7,13.6,13.9,13.3,14.0,13.0,11.7,10.5
"San Juan, Puerto Rico",United States of America,18.43,-66.0,,,25.3,25.4,26.0,26.9,27.7,28.5,28.6,28.8,28.6,28.1,26.9,25.9,96,61,50,119,150,112,129,139,147,142,161,128,6.2,6.5,6.7,6.5,6.2,6.2,5.9,6.1,6.4,6.4,5.9,5.8
"Santa Fe, New Mexico",United States of America,35.687,-105.938,,,-0.8,1.1,4.9,9.0,14.5,19.8,21.5,20.5,17.1,10.9,4.5,-0.6,18,18,29,23,24,35,70,58,42,36,23,23,13.3,14.5,14.9,16.8,16.3,17.1,16.2,15.3,16.0,15.5,14.1,13.6
"Sault Ste. Marie, Michigan",United States of America,46.47,-84.37,,,-9.3,-8.0,-3.1,4.6,11.0,15.6,18.5,18.1,13.9,7.5,1.1,-5.5,56,34,50,61,65,69,73,80,97,96,86,71,8.6,9.2,9.3,10.2,12.2,12.5,12.2,11.2,10.5,8.6,6.7,7.1
"Savannah, Georgia",United States of America,32.13,-81.2,,,9.8,11.6,15.2,18.6,22.9,26.6,28.1,27.5,24.9,20.0,15.1,10.9,94,71,95,78,76,151,142,167,116,94,60,75,12.1,12.5,12.9,13.3,12.5,11.2,10.9,10.2,10.1,11.6,12.6,12.0
"Seattle, Washington",United States of America,47.43,-122.3,,,5.6,6.3,8.1,10.2,13.3,16.1,18.7,19.0,16.3,11.6,7.5,4.8,142,89,94,69,49,40,18,22,38,88,167,136,5.7,7.2,8.0,9.0,9.7,10.0,11.2,11.3,10.2,7.7,6.1,5.6
"Sedona, Arizona",United States of America,34.87,-111.761,,,7.3,8.9,11.4,14.9,19.8,24.9,27.4,26.4,23.2,17.6,11.3,6.9,53,52,57,28,15,7,39,54,51,39,34,43,14.0,14.5,15.5,16.8,17.8,18.3,16.7,15.7,15.9,15.5,14.8,14.0
"Shreveport, Louisiana",United States of America,32.55,-93.77,,,8.0,10.2,14.1,18.2,23.0,26.6,28.3,28.5,24.6,18.9,13.5,8.8,106,121,110,103,113,126,89,66,85,128,120,125,11.4,11.8,11.8,11.8,11.4,10.7,10.4,11.3,12.4,12.6,11.8,11.1
"Sioux City, Iowa",United States of America,42.4,-96.38,,,-6.5,-3.9,2.5,9.8,16.1,21.3,23.5,22.3,17.5,10.3,2.1,-5.2,16,17,51,75,95,99,87,82,75,54,33,20,11.3,10.9,12.2,14.1,13.5,13.0,12.4,12.4,14.3,14.1,11.8,10.7
"Sioux Falls, South Dakota",United States of America,43.57,-96.73,,,-8.5,-5.9,0.5,8.0,14.4,19.9,22.8,21.5,16.2,8.8,0.3,-7.1,14,15,45,76,86,100,78,78,70,55,34,18,10.8,10.9,11.4,13.4,13.1,12.6,12.3,12.3,13.3,13.0,11.0,10.4
"Sitka, Alaska",United States of America,57.053,-135.33,,,2.5,2.6,3.4,5.8,8.8,11.6,13.4,14.0,11.7,7.8,4.2,2.8,213,165,156,110,107,73,105,174,298,329,248,225,4.5,5.1,5.7,6.3,5.9,5.5,4.7,5.2,5.3,5.0,4.7,4.5
"South Bend, Indiana",United States of America,41.7,-86.32,,,-4.2,-2.4,3.0,9.5,15.2,20.6,22.8,21.9,17.7,11.2,4.8,-1.8,58,50,62,82,97,96,102,96,90,84,83,66,7.6,8.1,10.1,11.6,11.9,11.5,11.0,10.7,11.2,10.6,8.3,7.1
"Spokane, Washington",United States of America,47.63,-117.53,,,-1.4,0.6,4.6,8.3,12.9,16.7,21.0,20.8,15.6,8.7,2.0,-2.6,46,34,41,32,41,32,16,15,17,30,58,58,5.4,7.3,9.6,11.3,12.5,13.0,15.0,15.1,14.1,11.5,6.5,5.4
"Springfield, Illinois",United States of America,39.83,-89.67,,,-2.9,-0.4,5.6,12.0,17.6,22.5,24.4,23.5,19.4,12.9,6.2,-0.9,46,46,67,89,108,113,100,82,74,80,82,64,9.0,9.6,11.1,12.3,12.4,11.8,11.5,11.8,13.5,12.5,10.2,8.8
"Springfield, Missouri",United States of America,37.23,-93.38,,,0.4,2.9,8.0,13.2,18.2,23.1,25.7,25.4,20.6,14.4,7.8,1.7,63,64,92,110,130,123,94,90,117,91,107,77,11.4,12.3,12.4,12.8,11.7,11.5,11.8,12.5,12.5,12.5,11.8,11.1
"St. Louis, Missouri",United States of America,38.75,-90.37,,,-0.1,2.5,7.9,13.9,19.5,24.5,26.7,26.0,21.6,15.1,8.7,1.9,62,61,85,104,122,110,106,87,86,87,107,75,8.9,9.6,10.2,10.9,10.8,10.3,10.0,10.3,10.9,10.8,9.2,8.3
"St. Petersburg, Florida",United States of America,27.773,-82.64,,,16.4,17.8,19.8,22.4,25.5,27.9,28.4,28.6,27.7,24.9,21.0,17.6,74,77,90,66,70,191,236,211,178,71,52,74,10.1,10.2,9.8,10.1,9.3,8.6,8.1,8.0,7.8,8.4,8.7,9.6
"Stamford, Connecticut",United States of America,41.053,-73.539,,,-1.5,0.1,4.4,10.6,15.9,20.6,23.3,22.4,18.4,12.1,6.8,1.2,103,86,120,121,119,117,104,106,124,122,115,112,10.5,11.1,11.9,13.5,14.0,13.4,13.0,12.5,12.5,12.6,11.2,9.8
"Syracuse, New York",United States of America,43.12,-76.12,,,-4.3,-3.2,1.1,8.2,14.4,19.8,22.4,21.5,17.4,10.9,5.2,-1.0,80,90,83,82,82,103,80,88,101,81,90,95,8.2,9.3,9.3,11.3,11.7,11.0,10.5,10.8,10.4,9.6,8.3,7.8
"Tacoma, Washington",United States of America,47.253,-122.444,,,5.9,6.6,8.7,11.0,14.1,16.6,19.2,19.1,16.4,12.1,8.1,5.2,151,98,103,76,54,40,17,21,33,94,170,140,6.3,7.8,8.8,9.6,10.1,10.5,11.6,11.8,10.9,8.5,6.7,6.2
"Tallahassee, Florida",United States of America,30.38,-84.37,,,10.7,12.6,15.8,19.0,23.5,26.8,27.8,27.7,25.7,20.8,15.7,11.8,110,123,151,78,88,196,182,187,119,82,89,99,13.6,14.2,14.8,15.3,14.2,12.0,11.2,10.8,11.2,13.3,14.2,13.4
"Tampa, Florida",United States of America,27.92,-82.45,,,16.0,17.4,19.6,22.2,25.8,27.9,28.3,28.4,27.6,24.6,20.6,17.2,57,71,77,52,53,170,180,197,160,57,39,63,10.2,10.1,10.0,10.0,9.8,8.2,7.9,7.7,8.0,9.1,9.9,9.9
"Toledo, Ohio",United States of America,41.58,-83.8,,,-3.4,-1.8,3.1,9.6,15.4,21.2,23.4,22.2,18.1,11.4,5.6,-1.1,51,50,57,74,92,88,84,84,72,68,65,62,7.7,8.0,10.0,11.1,11.7,11.8,11.4,10.6,11.6,11.1,8.8,7.3
"Topeka, Kansas",United States of America,39.07,-95.63,,,-1.6,0.9,6.8,12.5,18.0,22.9,26.1,25.1,19.9,13.1,6.2,-0.5,23,32,66,96,130,147,105,122,104,79,53,34,11.4,12.0,13.3,13.2,12.3,11.9,12.3,13.0,13.7,13.0,12.1,10.8
"Trenton, New Jersey",United States of America,40.217,-74.743,,,-0.5,1.2,5.2,10.7,16.2,21.4,24.2,23.3,19.1,12.6,7.6,1.9,80,59,105,90,111,112,126,104,108,106,84,94,8.8,9.1,10.6,11.3,11.8,11.4,10.7,10.8,10.9,11.5,9.8,8.6
"Tucson, Arizona",United States of America,32.13,-110.95,,,11.5,12.6,15.5,19.1,24.4,29.1,30.4,29.3,27.4,21.4,15.5,11.3,33,30,21,11,11,14,54,77,42,28,25,34,14.0,14.8,15.4,16.9,17.6,17.5,14.0,13.4,14.6,15.5,15.3,14.0
"Tulsa, Oklahoma",United States of America,36.2,-95.9,,,2.8,5.4,10.3,15.4,20.3,24.9,27.7,27.6,22.7,16.2,9.8,3.6,45,58,90,101,148,132,86,87,117,104,80,63,12.7,13.4,13.7,13.7,12.4,12.2,12.6,13.2,12.8,13.6,13.2,12.4
"Tuscaloosa, Alabama",United States of America,33.21,-87.569,,,7.5,9.9,14.1,18.0,22.5,26.3,28.0,27.9,24.7,18.6,13.2,8.8,136,142,123,110,105,114,130,96,90,96,132,120,11.9,12.6,13.6,14.2,12.8,12.0,11.4,11.7,12.4,13.5,13.1,11.7
"Waco, Texas",United States of America,31.62,-97.22,,,8.4,10.4,14.3,18.8,23.4,27.2,29.4,29.6,25.6,20.1,14.3,9.1,57,73,89,65,116,92,48,54,80,100,77,71,13.4,13.0,12.7,12.9,11.1,11.1,11.6,12.2,12.9,13.4,12.6,12.8
Washington DC,United States of America,38.85,-77.03,,,0.6,2.4,6.8,12.4,17.3,22.5,24.9,24.1,19.9,13.4,8.0,2.5,68,70,86,88,116,101,93,90,100,83,87,75,10.3,11.3,12.6,13.7,13.2,12.7,12.5,12.4,12.8,13.5,12.4,10.5
"Waterloo, Iowa",United States of America,42.493,-92.343,,,-7.5,-4.8,2.1,9.4,15.8,21.1,23.1,21.8,17.2,10.2,2.4,-5.5,21,25,52,94,115,126,125,108,67,63,51,30,9.9,9.8,10.9,13.0,12.8,12.4,12.0,12.2,13.7,12.9,10.6,9.6
"Watertown, South Dakota",United States of America,44.899,-97.115,,,-10.8,-8.0,-1.5,6.6,13.4,18.6,21.7,20.3,15.0,7.5,-1.2,-8.9,13,14,28,51,67,91,77,71,67,49,19,14,10.7,10.8,10.5,13.0,12.8,12.3,12.8,12.6,12.8,12.2,10.2,9.8
"West Palm Beach, Florida",United States of America,26.68,-80.12,,,18.8,19.9,21.4,23.2,25.8,27.4,28.2,28.3,27.6,25.8,22.6,20.1,80,72,117,93,115,211,146,202,212,130,121,86,9.9,9.6,9.1,8.8,8.1,7.8,8.0,7.9,7.3,7.3,8.1,9.0
"Wichita Falls, Texas",United States of America,33.97,-98.48,,,5.6,7.7,12.2,17.0,22.0,26.4,29.1,28.9,24.3,18.1,11.5,6.0,29,44,56,66,96,105,40,64,71,79,42,41,13.5,13.8,14.3,14.6,13.4,13.2,13.9,14.0,13.8,13.9,13.8,13.3
"Wichita, Kansas",United States of America,37.65,-97.43,,,0.1,2.9,8.1,13.4,18.9,24.4,27.2,26.6,21.7,14.6,7.4,1.0,21,30,68,66,116,132,84,94,80,71,36,30,11.4,12.3,12.7,12.9,11.9,12.1,12.5,12.5,12.8,12.6,12.0,10.8
"Wilkes Barre, Pennsylvania",United States of America,41.33,-75.73,,,-3.4,-1.8,2.8,9.2,14.8,19.5,21.9,21.0,16.8,10.5,5.2,-0.7,60,52,65,85,89,102,96,87,103,85,80,68,8.2,9.0,10.3,11.7,12.2,11.8,11.6,11.3,11.2,10.8,9.0,7.7
"Winston-Salem, North Carolina",United States of America,36.1,-80.244,,,4.2,6.2,10.2,15.0,19.6,23.9,25.9,25.1,21.2,15.9,10.6,5.5,92,81,103,94,98,107,127,124,106,87,85,88,10.5,11.2,12.0,12.7,12.4,11.0,10.9,10.1,10.7,11.5,11.8,10.3
"Worcester, Massachusetts",United States of America,42.263,-71.802,,,-4.4,-2.8,1.5,7.8,13.5,18.4,21.2,20.5,16.2,10.0,4.6,-1.4,89,82,107,104,106,106,107,94,100,119,109,97,8.0,8.4,9.2,10.0,10.6,10.1,9.7,9.4,9.3,9.2,8.1,7.6
"Yakima, Washington",United States of America,46.57,-120.53,,,-0.5,2.2,6.2,9.5,13.9,17.8,21.5,20.7,16.0,9.4,3.0,-1.9,29,20,16,14,15,16,6,7,9,14,27,39,8.5,11.3,14.5,16.4,16.9,17.3,19.3,19.4,19.2,16.5,11.7,8.0
"Youngstown, Ohio",United States of America,41.27,-80.67,,,-3.5,-2.0,2.7,9.2,14.3,19.1,21.4,20.6,16.6,10.6,5.2,-1.0,65,55,75,85,96,99,110,82,95,70,81,76,7.5,8.6,10.1,11.7,12.3,12.2,12.0,12.0,11.6,10.6,8.3,6.9
"Yuma, Arizona",United States of America,32.67,-114.6,,,14.8,16.5,19.6,22.9,27.5,31.9,34.9,34.6,31.6,25.4,18.7,14.2,8,11,8,3,1,0,7,12,9,6,4,13,12.8,13.8,14.9,15.7,16.3,16.6,14.4,13.9,14.5,14.7,13.8,12.2
Montevideo,Uruguay,-34.88,-56.17,,,23.2,22.7,20.9,17.4,14.4,11.4,11.1,12.0,13.6,16.0,18.9,21.4,87,102,105,86,89,83,86,88,94,108,89,84,10.4,9.6,9.3,9.1,8.4,7.4,7.8,8.4,8.9,9.0,9.5,10.2
Punta Del Este,Uruguay,-34.97,-54.95,,,21.6,21.8,20.8,18.1,15.1,12.2,11.6,11.8,12.9,14.9,17.6,20.1,75,85,79,84,91,80,90,94,93,85,87,67,7.1,6.7,6.4,6.3,6.1,5.3,5.7,5.9,6.1,7.0,6.9,7.4
Nukus,Uzbekistan,42.45,59.6,,,-4.6,-3.0,4.9,14.3,21.3,26.0,28.4,25.7,19.6,11.2,4.8,-1.3,10,9,16,19,12,4,4,2,3,9,9,14,8.5,9.8,11.4,13.4,14.8,15.5,15.2,15.2,15.7,13.8,10.9,7.8
Samarkand,Uzbekistan,39.57,66.95,,,1.3,2.9,8.4,14.9,19.5,24.2,25.9,24.1,19.5,13.6,8.4,4.1,44,39,70,63,33,4,4,0,4,24,28,40,9.8,10.0,10.4,11.9,13.7,15.6,16.1,16.3,16.7,15.1,12.9,10.2
Tashkent,Uzbekistan,41.27,69.27,,,1.3,3.2,9.2,15.9,20.5,25.5,27.6,25.6,20.6,14.1,8.8,4.1,54,47,72,64,32,7,4,2,4,34,45,53,8.9,9.4,10.1,11.9,13.7,15.5,16.3,16.8,16.3,13.8,10.9,8.8
Termez,Uzbekistan,37.23,67.27,,,3.9,6.4,12.2,19.1,24.2,28.2,29.9,27.7,22.6,16.8,11.1,6.4,23,20,38,26,9,1,0,0,0,3,9,17,10.8,11.4,12.2,13.5,15.9,18.4,18.4,18.8,19.3,16.9,14.4,11.4
Lakatoro,Vanuatu,-16.1,167.42,,,27.2,27.4,27.3,26.6,25.9,25.0,24.4,24.4,24.8,25.5,26.2,26.7,258,245,273,221,60,142,118,84,88,143,131,144,6.8,6.6,6.6,6.3,5.7,5.7,5.5,6.0,6.3,6.3,6.4,6.8
Lenakel,Vanuatu,-19.53,169.27,,,26.6,27.0,26.8,25.7,24.2,22.9,21.7,21.6,22.6,23.2,24.5,25.6,176,185,210,176,81,72,59,51,51,55,65,77,7.5,7.4,7.2,7.0,7.2,7.6,7.4,7.6,8.1,8.3,8.3,8.4
Luganville,Vanuatu,-15.5,167.17,,,26.5,26.5,26.5,26.1,25.4,24.6,24.3,24.1,24.4,25.1,25.9,26.1,288,302,260,260,170,165,92,87,100,149,180,203,7.4,7.4,7.3,6.7,6.2,6.1,6.0,6.4,6.9,7.0,7.1,7.7
Port Vila,Vanuatu,-17.73,168.32,,,26.9,26.9,26.6,25.7,24.5,23.6,22.7,22.7,23.1,24.2,25.3,26.0,296,312,330,215,151,161,103,100,87,117,154,196,6.9,6.6,6.5,6.4,6.4,6.2,6.4,6.8,7.1,7.2,7.2,7.3
Sola,Vanuatu,-13.87,167.55,,,26.9,27.0,26.9,26.8,26.4,25.9,25.4,25.2,25.4,25.8,26.3,26.7,396,330,404,459,376,334,256,236,246,314,387,371,7.0,7.0,6.9,6.4,5.5,5.3,5.0,5.0,5.1,5.4,5.8,6.6
Barcelona,"Venezuela, Bolivarian Republic of",10.1,-64.7,,,26.2,26.6,27.2,28.2,28.4,27.9,27.6,27.6,28.0,27.9,27.5,26.8,8,4,9,12,43,99,114,111,75,65,48,21,10.8,10.5,10.1,9.4,9.2,8.8,8.9,9.2,9.7,9.7,9.7,10.3
Barquisimeto,"Venezuela, Bolivarian Republic of",10.1,-69.3,,,24.1,24.8,25.4,25.6,25.3,24.9,24.5,25.0,25.4,25.4,25.2,24.4,15,27,27,58,69,94,67,41,37,70,62,42,10.7,10.8,10.9,9.5,8.6,8.6,8.7,9.4,9.8,9.6,9.4,9.7
Calabozo,"Venezuela, Bolivarian Republic of",8.9,-67.4,,,29.0,29.5,30.3,30.4,29.2,27.6,27.0,27.2,27.7,28.1,28.5,28.8,8,5,27,83,177,268,279,219,192,140,70,6,11.6,11.4,11.4,10.4,8.8,7.9,7.6,8.2,8.8,9.4,9.7,10.9
Caracas,"Venezuela, Bolivarian Republic of",10.48,-66.92,,,21.1,22.8,23.5,23.6,25.0,24.2,23.9,23.0,23.5,23.0,22.6,21.3,15,13,11,59,82,134,118,124,115,126,73,41,15.9,16.5,16.4,14.9,13.6,12.2,14.1,12.7,13.3,13.3,13.9,14.2
Cd. Bolivar,"Venezuela, Bolivarian Republic of",8.15,-63.55,,,27.5,28.0,28.9,29.6,29.4,28.3,27.9,28.3,28.8,28.8,28.6,27.9,32,29,56,68,116,241,186,230,157,100,107,79,9.7,10.3,10.7,10.9,10.1,9.0,8.9,9.2,9.4,9.4,9.3,9.0
Coro,"Venezuela, Bolivarian Republic of",11.42,-69.68,,,27.5,27.9,28.3,29.0,29.7,30.0,29.6,30.1,30.2,29.6,28.8,27.8,16,20,14,23,33,28,38,28,33,56,46,65,7.7,7.9,7.9,7.6,7.8,8.0,7.9,8.5,8.6,8.3,7.6,7.4
Guanare,"Venezuela, Bolivarian Republic of",9.0,-69.7,,,26.8,27.8,28.5,28.0,26.9,26.2,25.8,26.2,26.7,26.9,26.9,26.5,16,24,40,132,218,252,262,198,178,174,107,29,12.8,12.3,11.4,9.5,8.4,8.2,8.6,9.1,9.6,9.7,10.2,11.6
Guiria,"Venezuela, Bolivarian Republic of",10.6,-62.3,,,26.1,26.4,26.9,27.6,27.9,27.3,27.1,27.2,27.4,27.3,27.1,26.4,33,34,83,94,189,107,91,120,183,166,142,72,9.0,9.0,8.6,7.8,7.5,7.4,7.9,8.1,8.0,8.0,8.1,8.6
La Canada,"Venezuela, Bolivarian Republic of",10.5,-71.7,,,28.4,28.7,29.1,29.6,29.5,29.8,29.9,29.8,29.1,28.6,28.8,28.5,7,3,13,42,63,65,36,74,112,116,55,17,9.2,8.8,8.7,7.9,7.5,7.9,8.3,8.4,7.9,7.6,7.9,8.5
Maiquetia,"Venezuela, Bolivarian Republic of",10.6,-66.95,,,25.4,25.4,25.6,26.5,27.4,27.4,27.0,27.8,28.1,28.1,27.4,26.2,25,17,20,35,38,50,54,57,57,56,68,56,7.0,6.9,6.7,6.3,6.3,6.4,6.7,7.1,7.2,7.0,6.9,6.9
Maracaibo,"Venezuela, Bolivarian Republic of",10.63,-71.63,,,27.9,28.2,29.1,30.0,29.2,29.4,29.8,29.4,29.1,28.3,28.4,27.9,5,3,6,52,67,55,26,60,104,114,71,17,13.4,13.1,12.6,12.3,11.3,11.4,11.7,12.4,12.9,11.6,11.1,12.7
Maracay,"Venezuela, Bolivarian Republic of",10.25,-67.58,,,24.9,25.6,26.4,27.2,26.9,25.9,25.4,25.4,25.8,25.9,25.6,25.0,5,8,19,59,99,107,143,172,144,105,51,14,13.9,13.9,13.2,11.2,9.8,9.7,10.1,10.0,10.3,10.6,11.2,12.7
Margarita,"Venezuela, Bolivarian Republic of",10.92,-63.98,,,26.6,26.8,27.3,28.2,28.6,28.2,28.1,28.6,29.1,28.8,28.1,27.0,41,29,12,16,15,37,50,58,40,55,60,68,6.9,7.2,7.4,7.6,7.3,6.7,6.9,7.4,7.3,7.2,6.9,6.6
Maturin,"Venezuela, Bolivarian Republic of",9.8,-63.2,,,26.2,26.6,27.0,27.8,27.6,27.0,27.0,27.4,27.9,27.8,27.4,26.6,45,51,38,54,89,208,201,135,104,104,126,85,8.7,9.1,9.6,9.5,8.7,7.6,7.7,8.1,8.4,8.2,7.9,8.0
Mene Grande,"Venezuela, Bolivarian Republic of",9.8,-70.9,,,28.3,28.7,29.0,28.8,28.7,28.9,28.8,28.8,28.3,27.9,27.9,28.0,33,34,83,94,189,107,91,120,183,166,142,72,10.0,9.8,9.4,8.9,8.8,9.1,9.7,10.0,9.6,8.9,8.9,9.4
Merida,"Venezuela, Bolivarian Republic of",8.6,-71.18,,,19.4,19.9,20.2,20.8,20.9,20.6,20.6,20.9,20.8,20.5,20.1,19.5,39,58,75,176,232,143,112,151,223,263,179,76,10.2,10.0,9.5,9.2,8.7,8.7,9.5,9.7,9.6,9.0,8.9,9.6
Puerto Ayacucho,"Venezuela, Bolivarian Republic of",5.6,-67.5,,,28.4,29.2,29.4,28.3,27.2,26.6,26.3,26.6,27.2,27.7,28.0,27.9,31,43,72,174,300,410,392,303,216,166,138,43,11.9,12.2,11.8,9.9,8.5,7.9,8.0,8.5,9.6,10.2,10.3,10.9
San Antonio Del Tachira,"Venezuela, Bolivarian Republic of",7.9,-72.5,,,25.6,25.8,26.1,26.7,27.6,27.6,27.4,27.9,28.0,27.4,26.5,25.7,41,37,49,99,71,28,28,33,62,110,100,62,9.9,9.8,9.4,9.4,9.4,8.5,8.9,9.7,10.5,10.5,10.0,9.8
San Fernando,"Venezuela, Bolivarian Republic of",7.9,-67.42,,,27.5,28.6,29.5,29.5,28.1,26.7,26.4,26.9,27.5,27.9,27.9,27.5,3,11,21,98,175,252,282,243,164,112,45,10,11.5,11.8,11.6,10.6,8.9,7.8,7.4,7.4,7.7,8.3,9.1,10.4
Santa Elena De Uairen,"Venezuela, Bolivarian Republic of",4.6,-61.1,,,22.1,22.6,22.9,22.6,22.4,21.8,21.4,21.8,22.1,22.4,22.3,22.0,76,62,95,156,237,273,251,203,131,140,112,91,10.9,11.1,11.0,10.1,9.1,8.6,9.2,9.7,10.8,11.5,11.0,10.7
Tumeremo,"Venezuela, Bolivarian Republic of",7.3,-61.5,,,25.5,25.9,26.5,27.4,27.4,26.8,26.7,27.1,27.6,27.6,27.1,26.0,91,61,53,77,148,201,160,139,93,83,101,104,9.2,10.1,10.7,10.7,9.8,9.0,9.6,10.3,10.9,10.8,9.9,9.0
Valle De La Pascua,"Venezuela, Bolivarian Republic of",9.2,-66.0,,,27.2,27.7,28.4,29.2,28.8,27.1,26.4,26.7,27.1,27.4,27.4,27.1,3,13,32,28,86,173,190,187,110,84,46,21,11.1,11.8,11.9,10.9,9.7,8.3,8.1,8.0,8.8,9.6,9.8,10.6
Buon Me Thuot,Viet Nam,12.67,108.05,,,22.8,24.2,26.2,27.6,27.2,26.2,25.7,25.6,25.4,24.9,23.9,22.6,7,4,27,86,241,230,245,315,341,201,106,26,9.2,11.2,12.1,11.6,9.9,8.4,8.0,7.8,7.8,7.9,7.5,7.3
Ca Mau,Viet Nam,9.18,105.15,,,27.1,27.5,28.8,29.8,29.8,28.8,28.4,28.4,28.2,28.1,28.1,27.2,31,18,32,89,224,315,340,327,358,369,202,64,6.9,7.3,7.5,7.8,7.5,6.9,6.8,6.6,6.5,6.3,6.1,6.2
Da Nang,Viet Nam,16.08,108.22,,,22.4,23.4,25.2,27.4,29.4,30.6,30.2,29.9,28.4,26.6,25.1,22.9,83,22,36,50,71,68,92,167,394,658,486,272,5.5,5.9,6.3,6.9,8.0,8.6,8.4,8.2,7.2,5.9,5.2,4.8
Ha Tinh,Viet Nam,18.34,105.9,,,18.4,19.6,21.9,25.8,29.1,31.1,30.7,29.8,28.1,25.5,22.8,19.4,97,54,70,89,166,117,129,228,504,742,274,181,4.5,4.5,5.1,6.1,7.3,7.3,7.2,7.0,6.1,5.3,5.1,4.5
Hai Phong,Viet Nam,20.865,106.684,,,17.3,18.4,20.5,24.2,27.5,29.3,29.1,28.5,27.8,25.9,22.8,19.0,40,21,54,61,202,218,267,361,251,88,45,25,5.4,5.1,4.6,5.4,6.3,6.4,6.0,6.3,6.6,7.1,7.0,6.6
Hanoi,Viet Nam,21.03,105.86,,,17.3,18.8,21.1,24.8,28.1,30.0,29.9,29.1,28.1,26.0,22.8,18.8,28,19,55,79,188,231,300,335,195,126,48,24,5.4,5.1,4.8,5.8,7.2,7.5,6.8,6.7,6.9,7.2,7.1,6.7
Ho Chi Minh City,Viet Nam,10.78,106.7,,,27.7,27.9,29.2,30.4,30.6,29.5,29.1,29.0,28.8,28.6,28.6,27.8,12,8,18,57,202,224,231,219,273,240,128,41,8.6,9.6,8.7,8.1,8.5,8.0,7.8,7.8,7.6,7.3,7.5,7.7
Lang Son,Viet Nam,21.83,106.75,,,14.0,16.1,18.9,23.2,26.4,28.0,28.1,27.8,26.4,23.6,19.7,15.7,44,29,64,74,156,178,238,216,143,70,44,30,6.7,6.8,6.0,7.1,7.9,7.6,7.6,7.7,7.9,8.5,9.0,8.3
Lao Cai,Viet Nam,22.49,103.97,,,17.4,19.5,22.2,25.6,28.4,29.4,29.6,29.1,28.1,25.7,22.4,18.4,40,24,65,121,184,210,304,374,229,105,54,34,5.7,5.8,6.1,7.1,7.8,6.7,7.2,7.1,6.9,6.4,6.5,5.9
Nha Trang,Viet Nam,12.26,109.2,,,24.5,25.1,26.6,28.1,29.2,29.5,29.4,29.4,28.6,27.3,26.3,25.1,54,13,39,46,78,48,45,54,176,325,400,224,5.3,5.9,6.1,6.1,6.5,6.5,6.5,6.8,6.5,5.6,4.8,4.5
Pleiku,Viet Nam,13.98,108.0,,,20.8,22.3,24.3,25.6,25.4,24.4,23.5,23.5,23.6,23.1,22.4,21.1,3,5,28,86,212,279,403,449,372,213,67,10,12.0,13.0,12.6,11.4,8.9,6.9,6.3,6.2,6.9,8.3,9.4,10.0
Chipata,Zambia,-13.56,32.59,,,23.4,23.2,23.4,22.9,21.3,19.4,19.1,21.4,24.6,26.4,26.4,24.4,281,242,162,39,3,0,0,0,1,10,84,285,9.1,9.7,10.4,11.6,13.0,13.6,13.3,13.0,12.9,12.6,12.2,10.0
Choma,Zambia,-16.84,27.07,,,22.2,22.0,21.6,19.9,17.2,14.8,14.5,17.1,21.1,23.4,23.6,22.4,204,154,106,23,6,2,0,0,1,22,85,163,10.0,10.6,11.3,13.9,16.6,17.3,17.4,17.7,17.3,15.4,13.0,10.5
Isoka,Zambia,-10.27,32.68,,,22.4,21.9,22.0,21.1,19.6,17.9,17.6,19.5,22.1,24.2,24.1,22.8,226,232,173,74,12,0,0,0,0,9,80,204,10.7,10.1,10.3,10.9,12.8,14.4,14.9,15.8,16.7,16.1,13.9,11.1
Kabwe,Zambia,-14.45,28.47,,,22.6,22.6,22.4,21.0,19.1,17.1,16.6,19.0,22.7,24.6,24.5,23.1,223,104,22,3,0,1,0,1,12,108,212,223,9.5,9.9,10.9,12.6,14.0,14.5,14.6,15.0,15.2,13.9,12.3,10.1
Kasama,Zambia,-10.22,31.14,,,21.6,21.8,21.9,21.2,19.6,17.8,17.4,19.5,22.2,23.6,23.3,22.1,269,267,245,74,5,0,0,0,3,40,126,271,10.4,10.7,11.2,12.0,14.3,15.6,15.8,16.0,16.1,14.9,13.0,10.9
Livingstone,Zambia,-17.82,25.82,,,25.0,24.7,24.6,22.9,19.9,17.2,16.6,19.9,24.1,26.8,26.6,25.4,172,121,79,21,6,0,0,0,2,21,69,137,11.3,11.8,12.8,15.5,17.7,18.5,18.6,18.9,18.1,15.8,13.9,12.0
Lusaka,Zambia,-15.42,28.32,,,21.9,21.6,21.8,20.8,19.0,17.0,16.6,19.1,22.4,24.1,23.9,22.2,229,179,89,29,2,0,0,0,1,13,73,183,9.5,9.7,10.4,11.4,12.6,12.8,12.8,13.6,14.1,13.3,12.0,9.9
Mansa,Zambia,-11.14,28.87,,,22.1,22.2,22.3,21.6,19.9,17.7,17.2,19.2,22.3,24.1,23.6,22.3,265,226,194,40,6,0,0,3,29,125,250,265,10.3,10.8,11.2,12.5,14.9,16.8,17.1,17.5,17.4,15.5,13.1,10.6
Mfuwe,Zambia,-13.25,31.93,,,26.1,26.1,26.1,25.0,22.9,20.5,20.2,22.3,25.9,28.2,29.0,26.9,220,169,130,41,3,0,0,0,0,0,12,84,10.9,11.1,12.1,14.2,17.0,18.8,19.0,19.4,19.3,17.7,15.3,12.2
Mongu,Zambia,-15.25,23.15,,,24.3,24.2,24.4,23.7,21.4,19.0,18.7,21.7,25.4,26.8,25.6,24.6,231,198,136,31,15,0,0,1,3,23,94,192,10.4,10.0,10.9,13.8,15.7,17.0,17.4,17.6,17.1,15.5,13.0,11.0
Ndola,Zambia,-12.99,28.66,,,22.4,22.5,22.6,21.5,19.5,17.4,17.1,19.5,22.7,24.4,24.1,22.9,306,230,169,27,2,0,0,0,2,26,114,283,9.9,10.3,11.5,13.7,16.4,17.5,17.4,17.6,17.4,15.6,13.1,10.5
Solwezi,Zambia,-12.17,26.37,,,21.5,21.7,21.8,20.8,18.4,16.5,16.2,18.9,21.9,23.2,22.4,21.6,276,226,211,49,4,0,0,1,3,44,162,288,10.0,10.4,11.3,13.4,16.9,18.4,18.4,18.4,17.9,15.7,12.2,10.2
Beitbridge,Zimbabwe,-22.2,29.98,,,27.7,27.1,26.1,23.7,20.1,16.8,16.6,19.1,22.7,25.2,26.1,27.1,57,55,34,26,10,3,0,2,15,28,49,54,11.6,11.3,11.9,13.4,16.3,17.2,17.5,16.9,15.0,13.2,11.5,11.9
Bulawayo,Zimbabwe,-20.17,28.57,,,22.1,21.7,21.2,19.4,17.0,14.5,14.3,16.8,20.1,22.2,22.4,22.0,118,105,51,33,7,2,1,1,7,38,91,120,11.2,11.0,11.8,12.9,14.2,14.2,14.3,15.3,15.5,14.4,12.7,11.4
Chipinge,Zimbabwe,-20.2,32.62,,,21.4,21.1,20.6,19.2,17.5,15.3,15.0,16.4,18.8,20.1,20.9,21.2,208,204,142,62,31,17,20,21,26,53,103,210,9.1,8.8,9.3,9.8,10.3,10.1,10.4,11.5,12.1,11.9,10.7,9.6
Gokwe,Zimbabwe,-18.22,28.93,,,22.2,22.1,21.9,20.8,18.1,15.7,15.6,18.1,21.9,24.1,23.5,22.4,183,168,72,35,5,1,0,1,2,26,92,178,9.7,9.5,10.7,11.9,13.4,13.9,14.4,14.5,14.3,13.3,11.4,9.7
Gweru,Zimbabwe,-19.45,29.82,,,20.8,20.4,19.8,18.0,15.2,12.8,12.5,14.9,18.4,20.7,20.9,20.7,139,125,56,29,8,2,1,2,9,35,96,159,11.0,10.7,12.0,13.4,15.3,15.7,16.0,16.8,16.8,15.2,12.9,11.2
Harare,Zimbabwe,-17.92,31.13,,,21.0,20.9,20.4,19.1,16.6,14.3,14.1,16.3,20.0,21.6,21.6,21.1,191,176,99,37,7,2,2,3,6,40,93,183,10.4,10.3,11.7,13.1,14.5,15.0,15.1,15.6,16.7,14.3,12.1,10.5
Hwange,Zimbabwe,-18.37,26.5,,,23.6,23.3,22.8,20.6,17.4,14.4,14.4,17.1,21.5,24.1,24.6,23.9,145,129,57,20,3,0,0,1,2,21,56,126,11.1,11.2,12.0,14.5,17.5,19.1,19.5,19.7,18.8,16.1,14.2,11.7
Kadoma,Zimbabwe,-18.33,29.9,,,23.1,22.9,22.4,21.3,18.8,16.4,16.2,18.6,22.1,24.4,24.0,23.2,183,147,78,30,6,2,0,1,3,33,90,165,10.9,10.9,12.4,13.4,14.7,15.1,15.4,16.3,16.5,15.2,12.7,10.9
Kariba,Zimbabwe,-16.52,28.78,,,26.4,26.1,25.9,24.5,21.4,18.8,18.7,21.4,26.0,29.1,28.6,26.7,192,158,112,30,4,1,1,0,1,18,74,175,9.2,9.4,10.5,12.0,14.2,15.1,15.2,15.0,13.8,11.9,10.5,9.2
Karoi,Zimbabwe,-16.82,29.67,,,21.4,21.2,20.9,19.8,17.6,15.4,15.2,17.2,20.4,22.8,22.4,21.4,179,192,112,40,7,2,2,1,4,20,73,173,8.9,8.8,9.9,11.6,12.9,13.5,14.0,14.7,14.8,13.5,11.1,9.1
Kwekwe,Zimbabwe,-18.92,29.8,,,22.6,22.4,21.6,20.2,17.1,17.1,14.6,16.9,20.6,23.1,23.0,22.6,159,119,63,29,5,2,0,0,5,25,85,145,11.5,11.7,13.3,14.8,16.8,16.8,17.4,18.2,17.8,15.9,13.0,11.4
Marondera,Zimbabwe,-18.18,31.55,,,19.8,19.4,19.0,17.2,15.2,12.7,12.6,14.7,18.0,19.2,19.8,19.4,193,149,90,49,10,5,3,3,7,40,113,188,10.0,9.5,10.4,11.4,12.6,13.2,13.3,14.7,15.0,13.5,12.0,9.8
Masvingo,Zimbabwe,-20.05,30.82,,,22.6,22.1,21.1,19.3,16.4,13.7,13.5,16.1,19.4,22.0,22.4,22.6,129,107,66,28,13,6,3,6,10,30,77,140,10.9,10.5,11.5,13.2,15.4,15.7,16.2,16.7,16.0,14.4,12.6,10.9
Mount Darwin,Zimbabwe,-16.77,31.57,,,23.4,23.1,22.6,21.0,18.0,15.3,14.9,17.1,20.9,24.1,24.5,23.6,219,186,87,29,5,1,1,0,1,10,64,183,9.8,9.5,10.9,13.3,16.3,17.4,17.7,18.1,16.8,14.8,12.3,10.3
Mutare,Zimbabwe,-18.97,32.65,,,22.6,21.6,20.9,19.6,17.1,14.7,14.4,16.2,19.1,20.8,21.8,22.0,154,164,88,32,12,9,6,6,20,46,86,167,10.1,10.5,10.7,11.3,13.1,13.4,13.6,13.9,13.9,12.4,11.4,10.2
Plumtree,Zimbabwe,-20.48,27.8,,,22.5,22.0,21.5,19.9,17.5,15.1,15.0,17.5,21.0,22.8,22.9,22.3,120,114,70,36,7,3,1,1,9,32,91,119,11.2,11.0,11.7,12.6,13.3,13.3,13.3,14.0,14.4,13.8,12.3,11.4
Rusape,Zimbabwe,-18.53,32.12,,,20.6,20.2,19.7,17.9,15.1,12.6,12.4,14.5,17.9,19.9,20.5,20.4,166,148,79,37,12,7,4,5,9,41,106,168,10.6,10.2,11.6,12.9,14.6,15.1,15.2,16.3,16.7,14.9,12.8,10.7
Victoria Falls,Zimbabwe,-17.93,25.83,,,23.9,23.6,23.4,21.6,18.4,15.5,15.2,18.0,22.3,25.2,25.3,24.1,168,126,70,24,3,1,0,0,2,27,64,174,11.5,11.5,12.7,15.3,17.9,19.0,19.2,19.6,19.0,16.4,14.2,12.1
